{"nodes":{"node:1":{"location":{"x":-269,"y":-112}},"node:12":{"location":{"x":58,"y":-160}},"node:16":{"location":{"x":58,"y":-288}},"node:20":{"location":{"x":51,"y":-96}},"node:24":{"location":{"x":-86,"y":48}},"node:28":{"location":{"x":67,"y":96}},"node:32":{"location":{"x":67,"y":-32}},"node:36":{"location":{"x":67,"y":32}},"node:4":{"location":{"x":-93,"y":-176}},"node:40":{"location":{"x":67,"y":160}},"node:8":{"location":{"x":58,"y":-224}}},"selection":null,"view":{"scroll":{"x":-178.54742431640625,"y":-178.944320678710938},"visible_rect":{"max":{"x":354.848968505859375,"y":325.388214111328125},"min":{"x":-341.636505126953125,"y":-342.39593505859375}},"zoom":0.522623956203460693}}