{"nodes":{"node:1":{"location":{"x":-269,"y":-112}},"node:12":{"location":{"x":58,"y":-160}},"node:16":{"location":{"x":58,"y":-288}},"node:20":{"location":{"x":51,"y":-96}},"node:24":{"location":{"x":-86,"y":48}},"node:28":{"location":{"x":67,"y":96}},"node:32":{"location":{"x":67,"y":-32}},"node:36":{"location":{"x":67,"y":32}},"node:4":{"location":{"x":-93,"y":-176}},"node:40":{"location":{"x":67,"y":160}},"node:8":{"location":{"x":58,"y":-224}}},"selection":null,"view":{"scroll":{"x":-477.279296875,"y":-320.640289306640625},"visible_rect":{"max":{"x":505.76873779296875,"y":285.41595458984375},"min":{"x":-492.919647216796875,"y":-331.147613525390625}},"zoom":0.968269944190979004}}