{"nodes":{"node:1":{"location":{"x":-6,"y":-32}},"node:12":{"location":{"x":323,"y":48}},"node:16":{"location":{"x":-77,"y":32}},"node:20":{"location":{"x":74,"y":48}},"node:23":{"location":{"x":83,"y":128}},"node:27":{"location":{"x":-118,"y":144}},"node:31":{"location":{"x":282,"y":-32}},"node:35":{"location":{"x":282,"y":144}},"node:39":{"location":{"x":-45,"y":-208}},"node:4":{"location":{"x":243,"y":-112}},"node:42":{"location":{"x":-198,"y":-64}},"node:46":{"location":{"x":147,"y":-208}},"node:50":{"location":{"x":-189,"y":16}},"node:54":{"location":{"x":-230,"y":-144}},"node:8":{"location":{"x":19,"y":-96}}},"selection":null,"view":{"scroll":{"x":-227.810302734375,"y":-218.95172119140625},"visible_rect":{"max":{"x":532.21734619140625,"y":234.49664306640625},"min":{"x":-256.77093505859375,"y":-246.78619384765625}},"zoom":0.887212157249450684}}