{"nodes":{"node:1":{"location":{"x":-219,"y":-131}},"node:4":{"location":{"x":65,"y":29}}},"selection":null,"view":{"scroll":{"x":-236.165115356445312,"y":-139.351730346679688},"visible_rect":{"max":{"x":374.048004150390625,"y":308.5992431640625},"min":{"x":-240.808853149414062,"y":-142.091812133789062}},"zoom":0.980716049671173096}}