{"nodes":{"node:1":{"location":{"x":26,"y":-32}},"node:12":{"location":{"x":-125,"y":112}},"node:16":{"location":{"x":-125,"y":-128}},"node:20":{"location":{"x":234,"y":48}},"node:23":{"location":{"x":51,"y":160}},"node:27":{"location":{"x":170,"y":-128}},"node:31":{"location":{"x":307,"y":144}},"node:35":{"location":{"x":323,"y":-32}},"node:4":{"location":{"x":67,"y":64}},"node:8":{"location":{"x":-141,"y":0}}},"selection":null,"view":{"scroll":{"x":-406.87725830078125,"y":-1.66317737102508545},"visible_rect":{"max":{"x":47259.796875,"y":269.279754638671875},"min":{"x":-46885.80859375,"y":-191.653411865234375}},"zoom":0.00867804698646068573}}