{"nodes":{"node:1":{"location":{"x":-230,"y":48}},"node:12":{"location":{"x":90,"y":208}},"node:16":{"location":{"x":90,"y":144}},"node:20":{"location":{"x":83,"y":80}},"node:24":{"location":{"x":-77,"y":-64}},"node:28":{"location":{"x":90,"y":-176}},"node:32":{"location":{"x":90,"y":-112}},"node:36":{"location":{"x":90,"y":-48}},"node:4":{"location":{"x":-70,"y":176}},"node:40":{"location":{"x":83,"y":16}},"node:8":{"location":{"x":90,"y":272}}},"selection":null,"view":{"scroll":{"x":-186.68048095703125,"y":-150.788665771484375},"visible_rect":{"max":{"x":318.04736328125,"y":377.90936279296875},"min":{"x":-294.92041015625,"y":-238.218017578125}},"zoom":0.632985949516296387}}