{"nodes":{"node:1":{"location":{"x":-230,"y":48}},"node:12":{"location":{"x":90,"y":208}},"node:16":{"location":{"x":90,"y":144}},"node:20":{"location":{"x":83,"y":80}},"node:24":{"location":{"x":-77,"y":-64}},"node:28":{"location":{"x":90,"y":-176}},"node:32":{"location":{"x":90,"y":-112}},"node:36":{"location":{"x":90,"y":-48}},"node:4":{"location":{"x":-70,"y":176}},"node:40":{"location":{"x":83,"y":16}},"node:8":{"location":{"x":90,"y":272}}},"selection":null,"view":{"scroll":{"x":-716.22515869140625,"y":-177.547775268554688},"visible_rect":{"max":{"x":671.1298828125,"y":197.902999877929688},"min":{"x":-707.11663818359375,"y":-175.289840698242188}},"zoom":1.01288115978240967}}