{"nodes":{"node:1":{"location":{"x":-214,"y":112}},"node:12":{"location":{"x":115,"y":400}},"node:16":{"location":{"x":115,"y":336}},"node:20":{"location":{"x":108,"y":272}},"node:24":{"location":{"x":-70,"y":-128}},"node:28":{"location":{"x":99,"y":-224}},"node:32":{"location":{"x":99,"y":-32}},"node:36":{"location":{"x":99,"y":-96}},"node:4":{"location":{"x":-70,"y":368}},"node:40":{"location":{"x":99,"y":-160}},"node:44":{"location":{"x":-61,"y":112}},"node:48":{"location":{"x":106,"y":16}},"node:52":{"location":{"x":115,"y":80}},"node:56":{"location":{"x":115,"y":144}},"node:60":{"location":{"x":106,"y":208}},"node:8":{"location":{"x":115,"y":464}}},"selection":null,"view":{"scroll":{"x":-192.933303833007812,"y":-137.406021118164062},"visible_rect":{"max":{"x":457.92608642578125,"y":541.48309326171875},"min":{"x":-379.07257080078125,"y":-269.973358154296875}},"zoom":0.508961379528045654}}