{"nodes":{"node:1":{"location":{"x":-230,"y":48}},"node:12":{"location":{"x":90,"y":208}},"node:16":{"location":{"x":90,"y":144}},"node:20":{"location":{"x":83,"y":80}},"node:24":{"location":{"x":-77,"y":-64}},"node:28":{"location":{"x":90,"y":-176}},"node:32":{"location":{"x":90,"y":-112}},"node:36":{"location":{"x":90,"y":-48}},"node:4":{"location":{"x":-70,"y":176}},"node:40":{"location":{"x":83,"y":16}},"node:8":{"location":{"x":90,"y":272}}},"selection":null,"view":{"scroll":{"x":-334.097503662109375,"y":-112.01348876953125},"visible_rect":{"max":{"x":481.301116943359375,"y":256.48150634765625},"min":{"x":-439.4654541015625,"y":-147.34039306640625}},"zoom":0.760236144065856934}}