{"nodes":{"node:1":{"location":{"x":-230,"y":48}},"node:12":{"location":{"x":90,"y":208}},"node:16":{"location":{"x":90,"y":144}},"node:20":{"location":{"x":83,"y":80}},"node:24":{"location":{"x":-77,"y":-64}},"node:28":{"location":{"x":90,"y":-176}},"node:32":{"location":{"x":90,"y":-112}},"node:36":{"location":{"x":90,"y":-48}},"node:4":{"location":{"x":-70,"y":176}},"node:40":{"location":{"x":83,"y":16}},"node:8":{"location":{"x":90,"y":272}}},"selection":null,"view":{"scroll":{"x":-363.401702880859375,"y":-134.105911254882812},"visible_rect":{"max":{"x":590.7305908203125,"y":377.79254150390625},"min":{"x":-592.0394287109375,"y":-218.479965209960938}},"zoom":0.613813340663909912}}