{"nodes":{"node:1":{"location":{"x":-230,"y":112}},"node:12":{"location":{"x":115,"y":400}},"node:16":{"location":{"x":115,"y":336}},"node:20":{"location":{"x":108,"y":272}},"node:24":{"location":{"x":-70,"y":-128}},"node:28":{"location":{"x":74,"y":-224}},"node:32":{"location":{"x":99,"y":-32}},"node:36":{"location":{"x":99,"y":-96}},"node:4":{"location":{"x":-54,"y":384}},"node:40":{"location":{"x":83,"y":-160}},"node:44":{"location":{"x":-70,"y":112}},"node:48":{"location":{"x":99,"y":32}},"node:52":{"location":{"x":99,"y":208}},"node:56":{"location":{"x":90,"y":80}},"node:60":{"location":{"x":90,"y":144}},"node:8":{"location":{"x":115,"y":464}}},"selection":null,"view":{"scroll":{"x":-189.226165771484375,"y":-109.059410095214844},"visible_rect":{"max":{"x":314.928741455078125,"y":380.851043701171875},"min":{"x":-276.18157958984375,"y":-159.1756591796875}},"zoom":0.685151278972625732}}