{"nodes":{"node:11":{"location":{"x":202,"y":560}},"node:15":{"location":{"x":202,"y":624}},"node:19":{"location":{"x":202,"y":688}},"node:23":{"location":{"x":202,"y":752}},"node:27":{"location":{"x":35,"y":384}},"node:31":{"location":{"x":195,"y":288}},"node:35":{"location":{"x":195,"y":352}},"node:39":{"location":{"x":195,"y":416}},"node:4":{"location":{"x":-134,"y":384}},"node:43":{"location":{"x":195,"y":480}},"node:47":{"location":{"x":42,"y":96}},"node:51":{"location":{"x":195,"y":16}},"node:55":{"location":{"x":195,"y":80}},"node:59":{"location":{"x":195,"y":144}},"node:63":{"location":{"x":195,"y":208}},"node:67":{"location":{"x":-333,"y":704}},"node:7":{"location":{"x":51,"y":656}},"node:71":{"location":{"x":-349,"y":176}},"node:75":{"location":{"x":-349,"y":336}},"node:79":{"location":{"x":-269,"y":832}},"node:83":{"location":{"x":-342,"y":448}}},"selection":["node:71"],"view":{"scroll":{"x":-294.4644775390625,"y":102.171043395996094},"visible_rect":{"max":{"x":174.358566284179688,"y":682.89141845703125},"min":{"x":-390.331085205078125,"y":135.434112548828125}},"zoom":0.754396677017211914}}