{"nodes":{"node:1":{"location":{"x":-230,"y":112}},"node:12":{"location":{"x":115,"y":400}},"node:16":{"location":{"x":115,"y":336}},"node:20":{"location":{"x":108,"y":272}},"node:24":{"location":{"x":-70,"y":-128}},"node:28":{"location":{"x":74,"y":-224}},"node:32":{"location":{"x":99,"y":-32}},"node:36":{"location":{"x":99,"y":-96}},"node:4":{"location":{"x":-54,"y":384}},"node:40":{"location":{"x":83,"y":-160}},"node:44":{"location":{"x":-70,"y":112}},"node:48":{"location":{"x":99,"y":32}},"node:52":{"location":{"x":99,"y":208}},"node:56":{"location":{"x":90,"y":80}},"node:60":{"location":{"x":90,"y":144}},"node:8":{"location":{"x":115,"y":464}}},"selection":null,"view":{"scroll":{"x":-184.721115112304688,"y":-154.851348876953125},"visible_rect":{"max":{"x":422.67242431640625,"y":553.41363525390625},"min":{"x":-318.317352294921875,"y":-266.844818115234375}},"zoom":0.580304920673370361}}