{"nodes":{"node:1":{"location":{"x":-230,"y":112}},"node:12":{"location":{"x":115,"y":400}},"node:16":{"location":{"x":115,"y":336}},"node:20":{"location":{"x":108,"y":272}},"node:24":{"location":{"x":-70,"y":-128}},"node:28":{"location":{"x":74,"y":-224}},"node:32":{"location":{"x":99,"y":-32}},"node:36":{"location":{"x":99,"y":-96}},"node:4":{"location":{"x":-54,"y":384}},"node:40":{"location":{"x":83,"y":-160}},"node:44":{"location":{"x":-70,"y":112}},"node:48":{"location":{"x":99,"y":32}},"node:52":{"location":{"x":99,"y":208}},"node:56":{"location":{"x":90,"y":80}},"node:60":{"location":{"x":90,"y":144}},"node:8":{"location":{"x":115,"y":464}}},"selection":null,"view":{"scroll":{"x":-213.028350830078125,"y":-168.057769775390625},"visible_rect":{"max":{"x":486.059906005859375,"y":689.8521728515625},"min":{"x":-477.22613525390625,"y":-376.4830322265625}},"zoom":0.446388721466064453}}