# File produced by Open Asset Import Library (http://www.assimp.sf.net)
# (assimp v3.0.1262)

mtllib pighighpoly.obj6f8e59b6-0035-45ca-b3b8-0ef9f353853.obj.obj.mtl

# 7316 vertex positions
v  -1.53956 -0.402497 1.30027
v  1.39236 -0.402497 1.30027
v  1.39236 -0.402497 -1.63165
v  -1.53956 -0.402497 -1.63165
v  0.046617 0.105136 -0.850265
v  -0.003126 0.104708 -0.849753
v  -0.000512 0.150037 -0.85669
v  0.05525 0.144615 -0.854973
v  0.046617 0.105136 -0.850265
v  0.05525 0.144615 -0.854973
v  0.100904 0.122842 -0.848464
v  0.088062 0.092144 -0.844384
v  0.046617 0.105136 -0.850265
v  0.088062 0.092144 -0.844384
v  0.082073 0.057884 -0.820129
v  0.040686 0.062805 -0.826749
v  0.046617 0.105136 -0.850265
v  0.040686 0.062805 -0.826749
v  -0.007294 0.057633 -0.825067
v  -0.003126 0.104708 -0.849753
v  0.216056 -0.074107 0.212288
v  0.247362 -0.088379 0.147286
v  0.236801 -0.019102 0.16948
v  0.204512 -0.008618 0.241883
v  0.216056 -0.074107 0.212288
v  0.204512 -0.008618 0.241883
v  0.169748 -0.014013 0.305486
v  0.170015 -0.069941 0.257379
v  0.216056 -0.074107 0.212288
v  0.170015 -0.069941 0.257379
v  0.179941 -0.129517 0.220168
v  0.21759 -0.136863 0.182073
v  0.216056 -0.074107 0.212288
v  0.21759 -0.136863 0.182073
v  0.234258 -0.146504 0.131597
v  0.247362 -0.088379 0.147286
v  0.232651 0.162175 0.702243
v  0.210126 0.181968 0.698927
v  0.195259 0.17334 0.663035
v  0.223249 0.141894 0.664863
v  0.232651 0.162175 0.702243
v  0.223249 0.141894 0.664863
v  0.253376 0.088627 0.70347
v  0.257652 0.122751 0.732372
v  0.232651 0.162175 0.702243
v  0.257652 0.122751 0.732372
v  0.253611 0.148204 0.754022
v  0.240004 0.166855 0.738526
v  0.232651 0.162175 0.702243
v  0.240004 0.166855 0.738526
v  0.222352 0.180766 0.737664
v  0.210126 0.181968 0.698927
v  0.039849 0.012705 -0.770827
v  0.044692 -0.044251 -0.690503
v  -0.010055 -0.056115 -0.691872
v  -0.01067 0.003229 -0.770351
v  0.039849 0.012705 -0.770827
v  -0.01067 0.003229 -0.770351
v  -0.007294 0.057633 -0.825067
v  0.040686 0.062805 -0.826749
v  0.039849 0.012705 -0.770827
v  0.040686 0.062805 -0.826749
v  0.082073 0.057884 -0.820129
v  0.084257 0.017538 -0.764416
v  0.039849 0.012705 -0.770827
v  0.084257 0.017538 -0.764416
v  0.091965 -0.029881 -0.687537
v  0.044692 -0.044251 -0.690503
v  0.182787 -0.03201 -0.777611
v  0.161092 -0.039684 -0.782693
v  0.142828 0.022911 -0.820842
v  0.167302 0.038655 -0.814871
v  0.182787 -0.03201 -0.777611
v  0.167302 0.038655 -0.814871
v  0.19833 0.047981 -0.792164
v  0.206866 -0.029116 -0.761588
v  0.182787 -0.03201 -0.777611
v  0.206866 -0.029116 -0.761588
v  0.210192 -0.091908 -0.736368
v  0.192566 -0.090597 -0.746305
v  0.182787 -0.03201 -0.777611
v  0.192566 -0.090597 -0.746305
v  0.174204 -0.092162 -0.750839
v  0.161092 -0.039684 -0.782693
v  0.078786 -0.168458 -0.406275
v  0.081965 -0.178288 -0.292605
v  0 -0.192068 -0.29823
v  0 -0.18456 -0.41178
v  0.078786 -0.168458 -0.406275
v  0 -0.18456 -0.41178
v  -0.003207 -0.161996 -0.506436
v  0.059431 -0.148391 -0.498235
v  0.078786 -0.168458 -0.406275
v  0.059431 -0.148391 -0.498235
v  0.1242 -0.110861 -0.4963
v  0.15096 -0.126378 -0.393257
v  0.078786 -0.168458 -0.406275
v  0.15096 -0.126378 -0.393257
v  0.156176 -0.142064 -0.279012
v  0.081965 -0.178288 -0.292605
v  0.207999 -0.06924 -0.375294
v  0.188171 -0.052676 -0.465283
v  0.225787 -0.002246 -0.436745
v  0.24797 -0.008037 -0.355027
v  0.207999 -0.06924 -0.375294
v  0.24797 -0.008037 -0.355027
v  0.2597 -0.019631 -0.241949
v  0.214882 -0.088515 -0.260733
v  0.207999 -0.06924 -0.375294
v  0.214882 -0.088515 -0.260733
v  0.156176 -0.142064 -0.279012
v  0.15096 -0.126378 -0.393257
v  0.207999 -0.06924 -0.375294
v  0.15096 -0.126378 -0.393257
v  0.1242 -0.110861 -0.4963
v  0.188171 -0.052676 -0.465283
v  0.0578 -0.177426 -0.151711
v  0.028402 -0.171083 -0.018239
v  0 -0.177295 -0.018908
v  0 -0.187167 -0.155474
v  0.0578 -0.177426 -0.151711
v  0 -0.187167 -0.155474
v  0 -0.192068 -0.29823
v  0.081965 -0.178288 -0.292605
v  0.0578 -0.177426 -0.151711
v  0.081965 -0.178288 -0.292605
v  0.156176 -0.142064 -0.279012
v  0.118116 -0.146298 -0.142319
v  0.0578 -0.177426 -0.151711
v  0.118116 -0.146298 -0.142319
v  0.062282 -0.151789 -0.005558
v  0.028402 -0.171083 -0.018239
v  0.183465 -0.091879 -0.129195
v  0.214882 -0.088515 -0.260733
v  0.2597 -0.019631 -0.241949
v  0.239949 -0.020575 -0.111729
v  0.183465 -0.091879 -0.129195
v  0.239949 -0.020575 -0.111729
v  0.218006 -0.028958 0.014901
v  0.14611 -0.099072 -0.019186
v  0.183465 -0.091879 -0.129195
v  0.14611 -0.099072 -0.019186
v  0.062282 -0.151789 -0.005558
v  0.118116 -0.146298 -0.142319
v  0.183465 -0.091879 -0.129195
v  0.118116 -0.146298 -0.142319
v  0.156176 -0.142064 -0.279012
v  0.214882 -0.088515 -0.260733
v  0.014887 -0.165845 0.075706
v  0.011469 -0.160645 0.149617
v  0 -0.163471 0.150119
v  0 -0.169894 0.07607
v  0.014887 -0.165845 0.075706
v  0 -0.169894 0.07607
v  0 -0.177295 -0.018908
v  0.028402 -0.171083 -0.018239
v  0.014887 -0.165845 0.075706
v  0.028402 -0.171083 -0.018239
v  0.062282 -0.151789 -0.005558
v  0.030204 -0.160778 0.077827
v  0.014887 -0.165845 0.075706
v  0.030204 -0.160778 0.077827
v  0.024518 -0.157544 0.147484
v  0.011469 -0.160645 0.149617
v  0.051387 -0.229286 0.61972
v  0 -0.234838 0.619276
v  0 -0.23456 0.60199
v  0.054834 -0.228823 0.603027
v  0.051387 -0.229286 0.61972
v  0.054834 -0.228823 0.603027
v  0.099822 -0.213789 0.608162
v  0.093032 -0.214755 0.623395
v  0.051387 -0.229286 0.61972
v  0.093032 -0.214755 0.623395
v  0.08635 -0.215187 0.643219
v  0.047913 -0.228898 0.640616
v  0.051387 -0.229286 0.61972
v  0.047913 -0.228898 0.640616
v  0 -0.234241 0.640637
v  0 -0.234838 0.619276
v  0.066431 -0.211207 0.487347
v  0 -0.216178 0.484881
v  0 -0.211585 0.454853
v  0.064696 -0.206935 0.456528
v  0.066431 -0.211207 0.487347
v  0.064696 -0.206935 0.456528
v  0.123349 -0.191207 0.46555
v  0.125953 -0.195523 0.497082
v  0.066431 -0.211207 0.487347
v  0.125953 -0.195523 0.497082
v  0.12508 -0.200343 0.526614
v  0.066306 -0.216018 0.516728
v  0.066431 -0.211207 0.487347
v  0.066306 -0.216018 0.516728
v  0 -0.221305 0.513882
v  0 -0.216178 0.484881
v  0.034376 -0.244179 0.801459
v  0 -0.247777 0.802509
v  0 -0.243457 0.768736
v  0.037054 -0.238742 0.768224
v  0.034376 -0.244179 0.801459
v  0.037054 -0.238742 0.768224
v  0.066708 -0.229834 0.769645
v  0.061718 -0.237325 0.802084
v  0.034376 -0.244179 0.801459
v  0.061718 -0.237325 0.802084
v  0.053149 -0.241172 0.822808
v  0.032719 -0.246432 0.829144
v  0.034376 -0.244179 0.801459
v  0.032719 -0.246432 0.829144
v  0 -0.248867 0.830808
v  0 -0.247777 0.802509
v  0.068352 -0.091397 0.884684
v  0.077399 -0.107965 0.882192
v  0.076455 -0.097622 0.849567
v  0.068711 -0.0813 0.851379
v  0.068352 -0.091397 0.884684
v  0.068711 -0.0813 0.851379
v  0.055083 -0.068587 0.853363
v  0.053406 -0.078391 0.886657
v  0.068352 -0.091397 0.884684
v  0.053406 -0.078391 0.886657
v  0.04932 -0.084818 0.903184
v  0.060613 -0.096674 0.907305
v  0.068352 -0.091397 0.884684
v  0.060613 -0.096674 0.907305
v  0.069827 -0.114442 0.9042
v  0.077399 -0.107965 0.882192
v  0.060359 0.518925 -0.727177
v  0.077045 0.543319 -0.673929
v  0.141828 0.513163 -0.672756
v  0.113122 0.495725 -0.729637
v  0.060359 0.518925 -0.727177
v  0.113122 0.495725 -0.729637
v  0.079411 0.479876 -0.765471
v  0.041004 0.497354 -0.761348
v  0.060359 0.518925 -0.727177
v  0.041004 0.497354 -0.761348
v  -0.003238 0.503332 -0.760484
v  -0.003469 0.528023 -0.726625
v  0.060359 0.518925 -0.727177
v  -0.003469 0.528023 -0.726625
v  -0.00366 0.55649 -0.674799
v  0.077045 0.543319 -0.673929
v  0.097882 0.58129 -0.339574
v  0.095912 0.550277 -0.186902
v  0.17781 0.509661 -0.195911
v  0.180469 0.536642 -0.34249
v  0.097882 0.58129 -0.339574
v  0.180469 0.536642 -0.34249
v  0.172237 0.543553 -0.469529
v  0.093793 0.589333 -0.476901
v  0.097882 0.58129 -0.339574
v  0.093793 0.589333 -0.476901
v  -0.003101 0.609649 -0.481367
v  -0.00264 0.600736 -0.337151
v  0.097882 0.58129 -0.339574
v  -0.00264 0.600736 -0.337151
v  -0.00213 0.568162 -0.180856
v  0.095912 0.550277 -0.186902
v  0.084172 0.513117 -0.022762
v  0.070769 0.456351 0.14146
v  0.132794 0.430423 0.138759
v  0.157133 0.476617 -0.026892
v  0.084172 0.513117 -0.022762
v  0.157133 0.476617 -0.026892
v  0.17781 0.509661 -0.195911
v  0.095912 0.550277 -0.186902
v  0.084172 0.513117 -0.022762
v  0.095912 0.550277 -0.186902
v  -0.00213 0.568162 -0.180856
v  -0.001357 0.52964 -0.019783
v  0.084172 0.513117 -0.022762
v  -0.001357 0.52964 -0.019783
v  -0.000339 0.468082 0.142482
v  0.070769 0.456351 0.14146
v  0.062974 0.411522 0.241725
v  0.055504 0.367587 0.30784
v  0.104462 0.349571 0.303655
v  0.118451 0.390606 0.238382
v  0.062974 0.411522 0.241725
v  0.118451 0.390606 0.238382
v  0.132794 0.430423 0.138759
v  0.070769 0.456351 0.14146
v  0.062974 0.411522 0.241725
v  0.070769 0.456351 0.14146
v  -0.000339 0.468082 0.142482
v  0 0.421263 0.24241
v  0.062974 0.411522 0.241725
v  0 0.421263 0.24241
v  0 0.375819 0.309143
v  0.055504 0.367587 0.30784
v  0.078295 0.20054 0.685281
v  0.12321 0.170962 0.684377
v  0.119403 0.181591 0.675037
v  0.067496 0.219028 0.66151
v  0.078295 0.20054 0.685281
v  0.067496 0.219028 0.66151
v  0 0.23009 0.65218
v  0 0.207192 0.677372
v  0.078295 0.20054 0.685281
v  0 0.207192 0.677372
v  0 0.183318 0.698282
v  0.082916 0.182477 0.700133
v  0.078295 0.20054 0.685281
v  0.082916 0.182477 0.700133
v  0.145265 0.150857 0.685455
v  0.12321 0.170962 0.684377
v  0.035212 0.053843 0.738459
v  0.063528 0.046564 0.732485
v  0.064603 0.07103 0.723852
v  0.03657 0.080219 0.731087
v  0.035212 0.053843 0.738459
v  0.03657 0.080219 0.731087
v  0 0.08517 0.735268
v  0 0.05893 0.741662
v  0.035212 0.053843 0.738459
v  0 0.05893 0.741662
v  0 0.032238 0.750025
v  0.035859 0.027517 0.747487
v  0.035212 0.053843 0.738459
v  0.035859 0.027517 0.747487
v  0.069457 0.018394 0.741207
v  0.063528 0.046564 0.732485
v  0.037462 -0.232817 0.853879
v  0.067933 -0.227547 0.842008
v  0.063156 -0.222041 0.836896
v  0.039728 -0.224474 0.845049
v  0.037462 -0.232817 0.853879
v  0.039728 -0.224474 0.845049
v  0 -0.225599 0.847721
v  0 -0.234491 0.856757
v  0.037462 -0.232817 0.853879
v  0 -0.234491 0.856757
v  0 -0.240631 0.85472
v  0.035853 -0.238696 0.852286
v  0.037462 -0.232817 0.853879
v  0.035853 -0.238696 0.852286
v  0.064933 -0.233353 0.84053
v  0.067933 -0.227547 0.842008
v  0.029055 -0.071461 0.890022
v  0.053406 -0.078391 0.886657
v  0.055083 -0.068587 0.853363
v  0.030325 -0.06218 0.857389
v  0.029055 -0.071461 0.890022
v  0.030325 -0.06218 0.857389
v  0 -0.060553 0.859912
v  0 -0.069514 0.892053
v  0.029055 -0.071461 0.890022
v  0 -0.069514 0.892053
v  0 -0.079077 0.912848
v  0.030008 -0.080945 0.911118
v  0.029055 -0.071461 0.890022
v  0.030008 -0.080945 0.911118
v  0.04932 -0.084818 0.903184
v  0.053406 -0.078391 0.886657
v  0.07202 0.284015 -0.841445
v  -0.001297 0.295462 -0.847861
v  -0.001637 0.336107 -0.843958
v  0.059043 0.335215 -0.840175
v  0.07202 0.284015 -0.841445
v  0.059043 0.335215 -0.840175
v  0.121234 0.34561 -0.81994
v  0.13927 0.26921 -0.814539
v  0.07202 0.284015 -0.841445
v  0.13927 0.26921 -0.814539
v  0.151815 0.188445 -0.82046
v  0.074761 0.229975 -0.844218
v  0.07202 0.284015 -0.841445
v  0.074761 0.229975 -0.844218
v  -0.000921 0.249458 -0.852112
v  -0.001297 0.295462 -0.847861
v  0.20646 0.167734 0.31737
v  0.232616 0.179586 0.251381
v  0.213733 0.234104 0.267762
v  0.186366 0.215528 0.332355
v  0.20646 0.167734 0.31737
v  0.186366 0.215528 0.332355
v  0.172485 0.193466 0.391226
v  0.191449 0.151085 0.377294
v  0.20646 0.167734 0.31737
v  0.191449 0.151085 0.377294
v  0.201456 0.099768 0.357952
v  0.217765 0.110548 0.296737
v  0.20646 0.167734 0.31737
v  0.217765 0.110548 0.296737
v  0.242677 0.116036 0.228649
v  0.232616 0.179586 0.251381
v  0.229009 -0.073769 0.564011
v  0.205395 -0.128249 0.540389
v  0.20494 -0.119889 0.511779
v  0.228961 -0.061709 0.53729
v  0.229009 -0.073769 0.564011
v  0.228961 -0.061709 0.53729
v  0.240324 -0.006297 0.558248
v  0.240131 -0.020059 0.583106
v  0.229009 -0.073769 0.564011
v  0.240131 -0.020059 0.583106
v  0.23413 -0.033413 0.606892
v  0.223302 -0.085964 0.589102
v  0.229009 -0.073769 0.564011
v  0.223302 -0.085964 0.589102
v  0.200508 -0.136847 0.567174
v  0.205395 -0.128249 0.540389
v  0.263244 0.25139 -0.579563
v  0.236864 0.270316 -0.679275
v  0.217926 0.355503 -0.679218
v  0.248947 0.343006 -0.579108
v  0.263244 0.25139 -0.579563
v  0.248947 0.343006 -0.579108
v  0.272128 0.321591 -0.463836
v  0.272866 0.227349 -0.468297
v  0.263244 0.25139 -0.579563
v  0.272866 0.227349 -0.468297
v  0.265249 0.124721 -0.471388
v  0.268788 0.163479 -0.582902
v  0.263244 0.25139 -0.579563
v  0.268788 0.163479 -0.582902
v  0.255425 0.185177 -0.679758
v  0.236864 0.270316 -0.679275
v  0.301113 0.224171 -0.34334
v  0.272866 0.227349 -0.468297
v  0.272128 0.321591 -0.463836
v  0.290027 0.306814 -0.338999
v  0.301113 0.224171 -0.34334
v  0.290027 0.306814 -0.338999
v  0.293538 0.294453 -0.200433
v  0.30703 0.223856 -0.206025
v  0.301113 0.224171 -0.34334
v  0.30703 0.223856 -0.206025
v  0.309153 0.14694 -0.215003
v  0.295625 0.139572 -0.348637
v  0.301113 0.224171 -0.34334
v  0.295625 0.139572 -0.348637
v  0.265249 0.124721 -0.471388
v  0.272866 0.227349 -0.468297
v  0.287692 0.215712 -0.050368
v  0.30703 0.223856 -0.206025
v  0.293538 0.294453 -0.200433
v  0.27628 0.280526 -0.038742
v  0.287692 0.215712 -0.050368
v  0.27628 0.280526 -0.038742
v  0.252602 0.268287 0.10719
v  0.263764 0.205606 0.090133
v  0.287692 0.215712 -0.050368
v  0.263764 0.205606 0.090133
v  0.264384 0.134973 0.066925
v  0.288342 0.143328 -0.06713
v  0.287692 0.215712 -0.050368
v  0.288342 0.143328 -0.06713
v  0.309153 0.14694 -0.215003
v  0.30703 0.223856 -0.206025
v  0.140548 -0.136107 0.665867
v  0.127739 -0.166649 0.64697
v  0.14025 -0.162808 0.635301
v  0.154735 -0.127749 0.654292
v  0.140548 -0.136107 0.665867
v  0.154735 -0.127749 0.654292
v  0.163266 -0.089174 0.671561
v  0.148377 -0.102171 0.683773
v  0.140548 -0.136107 0.665867
v  0.148377 -0.102171 0.683773
v  0.134486 -0.116948 0.698002
v  0.127453 -0.146001 0.681177
v  0.140548 -0.136107 0.665867
v  0.127453 -0.146001 0.681177
v  0.116248 -0.171679 0.6639
v  0.127739 -0.166649 0.64697
v  0.053166 -0.177758 0.761675
v  0.091538 -0.181551 0.761932
v  0.106907 -0.15919 0.741586
v  0.055573 -0.167722 0.752811
v  0.053166 -0.177758 0.761675
v  0.055573 -0.167722 0.752811
v  0 -0.167284 0.752524
v  0 -0.177135 0.76077
v  0.053166 -0.177758 0.761675
v  0 -0.177135 0.76077
v  0 -0.195334 0.789781
v  0.048639 -0.195962 0.790348
v  0.053166 -0.177758 0.761675
v  0.048639 -0.195962 0.790348
v  0.084086 -0.199081 0.790352
v  0.091538 -0.181551 0.761932
v  0.046458 -0.184289 0.883843
v  0.081496 -0.180144 0.874878
v  0.078944 -0.154291 0.888453
v  0.045316 -0.15944 0.898123
v  0.046458 -0.184289 0.883843
v  0.045316 -0.15944 0.898123
v  0 -0.161381 0.900571
v  0 -0.185711 0.886199
v  0.046458 -0.184289 0.883843
v  0 -0.185711 0.886199
v  0 -0.202753 0.868822
v  0.047501 -0.202146 0.866645
v  0.046458 -0.184289 0.883843
v  0.047501 -0.202146 0.866645
v  0.073918 -0.194556 0.863292
v  0.081496 -0.180144 0.874878
v  0.067177 0.184566 -0.850399
v  -0.000552 0.199817 -0.856541
v  -0.000921 0.249458 -0.852112
v  0.074761 0.229975 -0.844218
v  0.067177 0.184566 -0.850399
v  0.074761 0.229975 -0.844218
v  0.151815 0.188445 -0.82046
v  0.120399 0.152204 -0.842128
v  0.067177 0.184566 -0.850399
v  0.120399 0.152204 -0.842128
v  0.100904 0.122842 -0.848464
v  0.05525 0.144615 -0.854973
v  0.067177 0.184566 -0.850399
v  0.05525 0.144615 -0.854973
v  -0.000512 0.150037 -0.85669
v  -0.000552 0.199817 -0.856541
v  0.213004 0.050928 0.269908
v  0.238071 0.04882 0.198218
v  0.242677 0.116036 0.228649
v  0.217765 0.110548 0.296737
v  0.213004 0.050928 0.269908
v  0.217765 0.110548 0.296737
v  0.201456 0.099768 0.357952
v  0.194885 0.044887 0.333644
v  0.213004 0.050928 0.269908
v  0.194885 0.044887 0.333644
v  0.169748 -0.014013 0.305486
v  0.204512 -0.008618 0.241883
v  0.213004 0.050928 0.269908
v  0.204512 -0.008618 0.241883
v  0.236801 -0.019102 0.16948
v  0.238071 0.04882 0.198218
v  0.124376 -0.07695 -0.725583
v  0.128501 -0.099877 -0.687906
v  0.120531 -0.072971 -0.68879
v  0.114346 -0.041751 -0.741972
v  0.124376 -0.07695 -0.725583
v  0.114346 -0.041751 -0.741972
v  0.113119 -0.015067 -0.790799
v  0.125922 -0.058907 -0.760079
v  0.124376 -0.07695 -0.725583
v  0.125922 -0.058907 -0.760079
v  0.137565 -0.099348 -0.742431
v  0.134141 -0.111258 -0.721009
v  0.124376 -0.07695 -0.725583
v  0.134141 -0.111258 -0.721009
v  0.13674 -0.126923 -0.693342
v  0.128501 -0.099877 -0.687906
v  0.275759 0.061566 -0.350117
v  0.250482 0.053326 -0.43552
v  0.265249 0.124721 -0.471388
v  0.295625 0.139572 -0.348637
v  0.275759 0.061566 -0.350117
v  0.295625 0.139572 -0.348637
v  0.309153 0.14694 -0.215003
v  0.29225 0.062596 -0.226841
v  0.275759 0.061566 -0.350117
v  0.29225 0.062596 -0.226841
v  0.2597 -0.019631 -0.241949
v  0.24797 -0.008037 -0.355027
v  0.275759 0.061566 -0.350117
v  0.24797 -0.008037 -0.355027
v  0.225787 -0.002246 -0.436745
v  0.250482 0.053326 -0.43552
v  0.273668 0.061209 -0.089312
v  0.29225 0.062596 -0.226841
v  0.309153 0.14694 -0.215003
v  0.288342 0.143328 -0.06713
v  0.273668 0.061209 -0.089312
v  0.288342 0.143328 -0.06713
v  0.264384 0.134973 0.066925
v  0.25169 0.057999 0.036703
v  0.273668 0.061209 -0.089312
v  0.25169 0.057999 0.036703
v  0.218006 -0.028958 0.014901
v  0.239949 -0.020575 -0.111729
v  0.273668 0.061209 -0.089312
v  0.239949 -0.020575 -0.111729
v  0.2597 -0.019631 -0.241949
v  0.29225 0.062596 -0.226841
v  0.100321 -0.190436 0.759082
v  0.093146 -0.205923 0.788096
v  0.088184 -0.214287 0.783368
v  0.093798 -0.201494 0.75332
v  0.100321 -0.190436 0.759082
v  0.093798 -0.201494 0.75332
v  0.09933 -0.188993 0.7232
v  0.107576 -0.174081 0.730993
v  0.100321 -0.190436 0.759082
v  0.107576 -0.174081 0.730993
v  0.106907 -0.15919 0.741586
v  0.091538 -0.181551 0.761932
v  0.100321 -0.190436 0.759082
v  0.091538 -0.181551 0.761932
v  0.084086 -0.199081 0.790352
v  0.093146 -0.205923 0.788096
v  0.171658 -0.168352 0.516421
v  0.125953 -0.195523 0.497082
v  0.123349 -0.191207 0.46555
v  0.169917 -0.162623 0.485917
v  0.171658 -0.168352 0.516421
v  0.169917 -0.162623 0.485917
v  0.20494 -0.119889 0.511779
v  0.205395 -0.128249 0.540389
v  0.171658 -0.168352 0.516421
v  0.205395 -0.128249 0.540389
v  0.200508 -0.136847 0.567174
v  0.168791 -0.174463 0.544887
v  0.171658 -0.168352 0.516421
v  0.168791 -0.174463 0.544887
v  0.12508 -0.200343 0.526614
v  0.125953 -0.195523 0.497082
v  0.115191 -0.19337 0.632646
v  0.093032 -0.214755 0.623395
v  0.099822 -0.213789 0.608162
v  0.12512 -0.191636 0.619422
v  0.115191 -0.19337 0.632646
v  0.12512 -0.191636 0.619422
v  0.14025 -0.162808 0.635301
v  0.127739 -0.166649 0.64697
v  0.115191 -0.19337 0.632646
v  0.127739 -0.166649 0.64697
v  0.116248 -0.171679 0.6639
v  0.105838 -0.195428 0.651114
v  0.115191 -0.19337 0.632646
v  0.105838 -0.195428 0.651114
v  0.08635 -0.215187 0.643219
v  0.093032 -0.214755 0.623395
v  0.074992 -0.231155 0.808159
v  0.061718 -0.237325 0.802084
v  0.066708 -0.229834 0.769645
v  0.081561 -0.22197 0.775955
v  0.074992 -0.231155 0.808159
v  0.081561 -0.22197 0.775955
v  0.088184 -0.214287 0.783368
v  0.08047 -0.225062 0.814997
v  0.074992 -0.231155 0.808159
v  0.08047 -0.225062 0.814997
v  0.064933 -0.233353 0.84053
v  0.060925 -0.238694 0.833761
v  0.074992 -0.231155 0.808159
v  0.060925 -0.238694 0.833761
v  0.053149 -0.241172 0.822808
v  0.061718 -0.237325 0.802084
v  0.14905 -0.192262 0.054698
v  0.10582 -0.196376 0.063913
v  0.08873 -0.170197 0.059174
v  0.143344 -0.16078 0.048307
v  0.14905 -0.192262 0.054698
v  0.143344 -0.16078 0.048307
v  0.198664 -0.151204 0.058314
v  0.191631 -0.187903 0.061975
v  0.14905 -0.192262 0.054698
v  0.191631 -0.187903 0.061975
v  0.184882 -0.229285 0.066709
v  0.153248 -0.233886 0.060486
v  0.14905 -0.192262 0.054698
v  0.153248 -0.233886 0.060486
v  0.12063 -0.238398 0.067782
v  0.10582 -0.196376 0.063913
v  0.11898 -0.099605 0.265496
v  0.170015 -0.069941 0.257379
v  0.169748 -0.014013 0.305486
v  0.115468 -0.07996 0.3067
v  0.11898 -0.099605 0.265496
v  0.115468 -0.07996 0.3067
v  0.048826 -0.141268 0.285284
v  0.067404 -0.138958 0.244354
v  0.11898 -0.099605 0.265496
v  0.067404 -0.138958 0.244354
v  0.084055 -0.157985 0.212107
v  0.130153 -0.139804 0.228395
v  0.11898 -0.099605 0.265496
v  0.130153 -0.139804 0.228395
v  0.179941 -0.129517 0.220168
v  0.170015 -0.069941 0.257379
v  0.046379 -0.16177 0.085648
v  0.040726 -0.159547 0.143096
v  0.024518 -0.157544 0.147484
v  0.030204 -0.160778 0.077827
v  0.046379 -0.16177 0.085648
v  0.030204 -0.160778 0.077827
v  0.062282 -0.151789 -0.005558
v  0.074153 -0.153478 0.043246
v  0.046379 -0.16177 0.085648
v  0.074153 -0.153478 0.043246
v  0.08873 -0.170197 0.059174
v  0.064481 -0.172757 0.091846
v  0.046379 -0.16177 0.085648
v  0.064481 -0.172757 0.091846
v  0.059578 -0.171031 0.135147
v  0.040726 -0.159547 0.143096
v  0.13755 -0.125878 0.03183
v  0.074153 -0.153478 0.043246
v  0.062282 -0.151789 -0.005558
v  0.14611 -0.099072 -0.019186
v  0.13755 -0.125878 0.03183
v  0.14611 -0.099072 -0.019186
v  0.218006 -0.028958 0.014901
v  0.203071 -0.098721 0.047897
v  0.13755 -0.125878 0.03183
v  0.203071 -0.098721 0.047897
v  0.198664 -0.151204 0.058314
v  0.143344 -0.16078 0.048307
v  0.13755 -0.125878 0.03183
v  0.143344 -0.16078 0.048307
v  0.08873 -0.170197 0.059174
v  0.074153 -0.153478 0.043246
v  0.179368 -0.383149 0.158115
v  0.186371 -0.384303 0.132922
v  0.180704 -0.355984 0.12893
v  0.174791 -0.355121 0.149055
v  0.179368 -0.383149 0.158115
v  0.174791 -0.355121 0.149055
v  0.163472 -0.35479 0.16391
v  0.166359 -0.382557 0.176969
v  0.179368 -0.383149 0.158115
v  0.166359 -0.382557 0.176969
v  0.161302 -0.391622 0.169792
v  0.168133 -0.394568 0.156309
v  0.179368 -0.383149 0.158115
v  0.168133 -0.394568 0.156309
v  0.172674 -0.395379 0.134858
v  0.186371 -0.384303 0.132922
v  0.08558 -0.197674 0.089098
v  0.080555 -0.196374 0.122331
v  0.059578 -0.171031 0.135147
v  0.064481 -0.172757 0.091846
v  0.08558 -0.197674 0.089098
v  0.064481 -0.172757 0.091846
v  0.08873 -0.170197 0.059174
v  0.10582 -0.196376 0.063913
v  0.08558 -0.197674 0.089098
v  0.10582 -0.196376 0.063913
v  0.12063 -0.238398 0.067782
v  0.104096 -0.240149 0.087518
v  0.08558 -0.197674 0.089098
v  0.104096 -0.240149 0.087518
v  0.098898 -0.239134 0.1138
v  0.080555 -0.196374 0.122331
v  0.137798 -0.180587 0.192038
v  0.178264 -0.177691 0.18437
v  0.179941 -0.129517 0.220168
v  0.130153 -0.139804 0.228395
v  0.137798 -0.180587 0.192038
v  0.130153 -0.139804 0.228395
v  0.084055 -0.157985 0.212107
v  0.100001 -0.187668 0.181266
v  0.137798 -0.180587 0.192038
v  0.100001 -0.187668 0.181266
v  0.112899 -0.230834 0.161173
v  0.141351 -0.227608 0.167969
v  0.137798 -0.180587 0.192038
v  0.141351 -0.227608 0.167969
v  0.171793 -0.225865 0.161412
v  0.178264 -0.177691 0.18437
v  0.204494 -0.18176 0.156031
v  0.214032 -0.185234 0.119704
v  0.234258 -0.146504 0.131597
v  0.21759 -0.136863 0.182073
v  0.204494 -0.18176 0.156031
v  0.21759 -0.136863 0.182073
v  0.179941 -0.129517 0.220168
v  0.178264 -0.177691 0.18437
v  0.204494 -0.18176 0.156031
v  0.178264 -0.177691 0.18437
v  0.171793 -0.225865 0.161412
v  0.19037 -0.22579 0.141794
v  0.204494 -0.18176 0.156031
v  0.19037 -0.22579 0.141794
v  0.198715 -0.22654 0.115154
v  0.214032 -0.185234 0.119704
v  0.146562 -0.39753 0.152408
v  0.147524 -0.397899 0.135194
v  0.172674 -0.395379 0.134858
v  0.168133 -0.394568 0.156309
v  0.146562 -0.39753 0.152408
v  0.168133 -0.394568 0.156309
v  0.161302 -0.391622 0.169792
v  0.146016 -0.39504 0.17248
v  0.146562 -0.39753 0.152408
v  0.146016 -0.39504 0.17248
v  0.130298 -0.393676 0.16776
v  0.12386 -0.397188 0.154276
v  0.146562 -0.39753 0.152408
v  0.12386 -0.397188 0.154276
v  0.121496 -0.398316 0.133642
v  0.147524 -0.397899 0.135194
v  0.155655 -0.386175 0.096347
v  0.127829 -0.388997 0.097935
v  0.131556 -0.361141 0.099248
v  0.154195 -0.358665 0.096252
v  0.155655 -0.386175 0.096347
v  0.154195 -0.358665 0.096252
v  0.175252 -0.356871 0.098455
v  0.181271 -0.384847 0.097627
v  0.155655 -0.386175 0.096347
v  0.181271 -0.384847 0.097627
v  0.171576 -0.392966 0.107879
v  0.153926 -0.396698 0.106473
v  0.155655 -0.386175 0.096347
v  0.153926 -0.396698 0.106473
v  0.134371 -0.395919 0.106531
v  0.127829 -0.388997 0.097935
v  0.112705 -0.389898 0.110375
v  0.10814 -0.388913 0.131841
v  0.115562 -0.361338 0.127863
v  0.119363 -0.362063 0.11035
v  0.112705 -0.389898 0.110375
v  0.119363 -0.362063 0.11035
v  0.131556 -0.361141 0.099248
v  0.127829 -0.388997 0.097935
v  0.112705 -0.389898 0.110375
v  0.127829 -0.388997 0.097935
v  0.134371 -0.395919 0.106531
v  0.125265 -0.398883 0.115892
v  0.112705 -0.389898 0.110375
v  0.125265 -0.398883 0.115892
v  0.121496 -0.398316 0.133642
v  0.10814 -0.388913 0.131841
v  0.145408 -0.383663 0.181096
v  0.166359 -0.382557 0.176969
v  0.163472 -0.35479 0.16391
v  0.145447 -0.355822 0.167577
v  0.145408 -0.383663 0.181096
v  0.145447 -0.355822 0.167577
v  0.127947 -0.357629 0.161392
v  0.124635 -0.38556 0.172906
v  0.145408 -0.383663 0.181096
v  0.124635 -0.38556 0.172906
v  0.130298 -0.393676 0.16776
v  0.146016 -0.39504 0.17248
v  0.145408 -0.383663 0.181096
v  0.146016 -0.39504 0.17248
v  0.161302 -0.391622 0.169792
v  0.166359 -0.382557 0.176969
v  0.179338 -0.176489 -0.642895
v  0.206177 -0.174612 -0.637781
v  0.207914 -0.149182 -0.593445
v  0.176629 -0.154555 -0.602769
v  0.179338 -0.176489 -0.642895
v  0.176629 -0.154555 -0.602769
v  0.149695 -0.152217 -0.624036
v  0.155818 -0.173899 -0.657759
v  0.179338 -0.176489 -0.642895
v  0.155818 -0.173899 -0.657759
v  0.1652 -0.205923 -0.683715
v  0.185073 -0.207086 -0.672473
v  0.179338 -0.176489 -0.642895
v  0.185073 -0.207086 -0.672473
v  0.208085 -0.205675 -0.669039
v  0.206177 -0.174612 -0.637781
v  0.238727 -0.154229 -0.680852
v  0.234232 -0.146681 -0.71056
v  0.242545 -0.106755 -0.691764
v  0.247604 -0.115105 -0.650716
v  0.238727 -0.154229 -0.680852
v  0.247604 -0.115105 -0.650716
v  0.24486 -0.126163 -0.613582
v  0.236326 -0.161899 -0.655057
v  0.238727 -0.154229 -0.680852
v  0.236326 -0.161899 -0.655057
v  0.234476 -0.196616 -0.683448
v  0.235874 -0.191682 -0.702805
v  0.238727 -0.154229 -0.680852
v  0.235874 -0.191682 -0.702805
v  0.231604 -0.186759 -0.725393
v  0.234232 -0.146681 -0.71056
v  0.175377 -0.136666 -0.570862
v  0.212303 -0.120766 -0.552617
v  0.217443 -0.087343 -0.510455
v  0.17499 -0.117572 -0.538658
v  0.175377 -0.136666 -0.570862
v  0.17499 -0.117572 -0.538658
v  0.140935 -0.127921 -0.580485
v  0.144954 -0.139005 -0.60165
v  0.175377 -0.136666 -0.570862
v  0.144954 -0.139005 -0.60165
v  0.149695 -0.152217 -0.624036
v  0.176629 -0.154555 -0.602769
v  0.175377 -0.136666 -0.570862
v  0.176629 -0.154555 -0.602769
v  0.207914 -0.149182 -0.593445
v  0.212303 -0.120766 -0.552617
v  0.267375 -0.054058 -0.62451
v  0.258414 -0.044146 -0.684703
v  0.270972 0.03608 -0.684449
v  0.281792 0.022416 -0.604139
v  0.267375 -0.054058 -0.62451
v  0.281792 0.022416 -0.604139
v  0.269806 -0.008543 -0.526148
v  0.262219 -0.069865 -0.570754
v  0.267375 -0.054058 -0.62451
v  0.262219 -0.069865 -0.570754
v  0.24486 -0.126163 -0.613582
v  0.247604 -0.115105 -0.650716
v  0.267375 -0.054058 -0.62451
v  0.247604 -0.115105 -0.650716
v  0.242545 -0.106755 -0.691764
v  0.258414 -0.044146 -0.684703
v  0.140038 -0.047555 -0.779041
v  0.125922 -0.058907 -0.760079
v  0.113119 -0.015067 -0.790799
v  0.123634 0.005881 -0.814905
v  0.140038 -0.047555 -0.779041
v  0.123634 0.005881 -0.814905
v  0.142828 0.022911 -0.820842
v  0.161092 -0.039684 -0.782693
v  0.140038 -0.047555 -0.779041
v  0.161092 -0.039684 -0.782693
v  0.174204 -0.092162 -0.750839
v  0.153441 -0.094052 -0.751223
v  0.140038 -0.047555 -0.779041
v  0.153441 -0.094052 -0.751223
v  0.137565 -0.099348 -0.742431
v  0.125922 -0.058907 -0.760079
v  0.242791 -0.096571 -0.547794
v  0.262219 -0.069865 -0.570754
v  0.269806 -0.008543 -0.526148
v  0.248768 -0.051766 -0.494564
v  0.242791 -0.096571 -0.547794
v  0.248768 -0.051766 -0.494564
v  0.217443 -0.087343 -0.510455
v  0.212303 -0.120766 -0.552617
v  0.242791 -0.096571 -0.547794
v  0.212303 -0.120766 -0.552617
v  0.207914 -0.149182 -0.593445
v  0.231199 -0.138699 -0.595396
v  0.242791 -0.096571 -0.547794
v  0.231199 -0.138699 -0.595396
v  0.24486 -0.126163 -0.613582
v  0.262219 -0.069865 -0.570754
v  0.251752 -0.378417 -0.650293
v  0.262827 -0.377505 -0.663325
v  0.249662 -0.338639 -0.675789
v  0.240979 -0.340061 -0.665761
v  0.251752 -0.378417 -0.650293
v  0.240979 -0.340061 -0.665761
v  0.227764 -0.341209 -0.66174
v  0.235548 -0.379753 -0.644341
v  0.251752 -0.378417 -0.650293
v  0.235548 -0.379753 -0.644341
v  0.235319 -0.391679 -0.654491
v  0.250397 -0.390609 -0.659495
v  0.251752 -0.378417 -0.650293
v  0.250397 -0.390609 -0.659495
v  0.259439 -0.387434 -0.666789
v  0.262827 -0.377505 -0.663325
v  0.188279 -0.376444 -0.723186
v  0.1886 -0.377771 -0.701674
v  0.189221 -0.335708 -0.709032
v  0.188739 -0.333626 -0.726699
v  0.188279 -0.376444 -0.723186
v  0.188739 -0.333626 -0.726699
v  0.19123 -0.332555 -0.740775
v  0.191565 -0.37594 -0.740462
v  0.188279 -0.376444 -0.723186
v  0.191565 -0.37594 -0.740462
v  0.198978 -0.386508 -0.732447
v  0.198746 -0.389908 -0.718599
v  0.188279 -0.376444 -0.723186
v  0.198746 -0.389908 -0.718599
v  0.19935 -0.390863 -0.698926
v  0.1886 -0.377771 -0.701674
v  0.143294 -0.143378 -0.733372
v  0.145141 -0.155021 -0.711172
v  0.13674 -0.126923 -0.693342
v  0.134141 -0.111258 -0.721009
v  0.143294 -0.143378 -0.733372
v  0.134141 -0.111258 -0.721009
v  0.137565 -0.099348 -0.742431
v  0.146768 -0.13468 -0.750549
v  0.143294 -0.143378 -0.733372
v  0.146768 -0.13468 -0.750549
v  0.158793 -0.180054 -0.763913
v  0.155826 -0.185952 -0.748166
v  0.143294 -0.143378 -0.733372
v  0.155826 -0.185952 -0.748166
v  0.156929 -0.193045 -0.726675
v  0.145141 -0.155021 -0.711172
v  0.22538 -0.169229 -0.641252
v  0.236326 -0.161899 -0.655057
v  0.24486 -0.126163 -0.613582
v  0.231199 -0.138699 -0.595396
v  0.22538 -0.169229 -0.641252
v  0.231199 -0.138699 -0.595396
v  0.207914 -0.149182 -0.593445
v  0.206177 -0.174612 -0.637781
v  0.22538 -0.169229 -0.641252
v  0.206177 -0.174612 -0.637781
v  0.208085 -0.205675 -0.669039
v  0.224948 -0.201808 -0.672455
v  0.22538 -0.169229 -0.641252
v  0.224948 -0.201808 -0.672455
v  0.234476 -0.196616 -0.683448
v  0.236326 -0.161899 -0.655057
v  0.160752 -0.131918 -0.758561
v  0.146768 -0.13468 -0.750549
v  0.137565 -0.099348 -0.742431
v  0.153441 -0.094052 -0.751223
v  0.160752 -0.131918 -0.758561
v  0.153441 -0.094052 -0.751223
v  0.174204 -0.092162 -0.750839
v  0.179096 -0.131891 -0.759505
v  0.160752 -0.131918 -0.758561
v  0.179096 -0.131891 -0.759505
v  0.184562 -0.177945 -0.773566
v  0.16962 -0.178041 -0.771841
v  0.160752 -0.131918 -0.758561
v  0.16962 -0.178041 -0.771841
v  0.158793 -0.180054 -0.763913
v  0.146768 -0.13468 -0.750549
v  0.195834 -0.131892 -0.755566
v  0.179096 -0.131891 -0.759505
v  0.174204 -0.092162 -0.750839
v  0.192566 -0.090597 -0.746305
v  0.195834 -0.131892 -0.755566
v  0.192566 -0.090597 -0.746305
v  0.210192 -0.091908 -0.736368
v  0.21092 -0.133672 -0.746534
v  0.195834 -0.131892 -0.755566
v  0.21092 -0.133672 -0.746534
v  0.213896 -0.178749 -0.761479
v  0.199968 -0.177681 -0.770162
v  0.195834 -0.131892 -0.755566
v  0.199968 -0.177681 -0.770162
v  0.184562 -0.177945 -0.773566
v  0.179096 -0.131891 -0.759505
v  0.216529 -0.393886 -0.677542
v  0.213752 -0.3939 -0.697334
v  0.227829 -0.394033 -0.696798
v  0.231468 -0.393972 -0.676271
v  0.216529 -0.393886 -0.677542
v  0.231468 -0.393972 -0.676271
v  0.235319 -0.391679 -0.654491
v  0.216837 -0.391652 -0.657344
v  0.216529 -0.393886 -0.677542
v  0.216837 -0.391652 -0.657344
v  0.204024 -0.388458 -0.664544
v  0.200675 -0.391057 -0.678635
v  0.216529 -0.393886 -0.677542
v  0.200675 -0.391057 -0.678635
v  0.19935 -0.390863 -0.698926
v  0.213752 -0.3939 -0.697334
v  0.246826 -0.394079 -0.678099
v  0.244349 -0.39445 -0.697451
v  0.262249 -0.391841 -0.699612
v  0.262101 -0.390881 -0.680507
v  0.246826 -0.394079 -0.678099
v  0.262101 -0.390881 -0.680507
v  0.259439 -0.387434 -0.666789
v  0.250397 -0.390609 -0.659495
v  0.246826 -0.394079 -0.678099
v  0.250397 -0.390609 -0.659495
v  0.235319 -0.391679 -0.654491
v  0.231468 -0.393972 -0.676271
v  0.246826 -0.394079 -0.678099
v  0.231468 -0.393972 -0.676271
v  0.227829 -0.394033 -0.696798
v  0.244349 -0.39445 -0.697451
v  0.201482 -0.377086 -0.750842
v  0.191565 -0.37594 -0.740462
v  0.19123 -0.332555 -0.740775
v  0.199339 -0.333432 -0.748923
v  0.201482 -0.377086 -0.750842
v  0.199339 -0.333432 -0.748923
v  0.211959 -0.334481 -0.751203
v  0.217308 -0.378212 -0.753875
v  0.201482 -0.377086 -0.750842
v  0.217308 -0.378212 -0.753875
v  0.221593 -0.390936 -0.738991
v  0.20758 -0.390071 -0.736741
v  0.201482 -0.377086 -0.750842
v  0.20758 -0.390071 -0.736741
v  0.198978 -0.386508 -0.732447
v  0.191565 -0.37594 -0.740462
v  0.238252 -0.377948 -0.748652
v  0.217308 -0.378212 -0.753875
v  0.211959 -0.334481 -0.751203
v  0.227881 -0.334394 -0.747203
v  0.238252 -0.377948 -0.748652
v  0.227881 -0.334394 -0.747203
v  0.24215 -0.334291 -0.737984
v  0.257124 -0.377573 -0.737246
v  0.238252 -0.377948 -0.748652
v  0.257124 -0.377573 -0.737246
v  0.253435 -0.387899 -0.73059
v  0.240149 -0.390866 -0.735091
v  0.238252 -0.377948 -0.748652
v  0.240149 -0.390866 -0.735091
v  0.221593 -0.390936 -0.738991
v  0.217308 -0.378212 -0.753875
v  0.268581 -0.378304 -0.681624
v  0.26965 -0.379046 -0.70211
v  0.253106 -0.337158 -0.708026
v  0.253339 -0.337918 -0.690809
v  0.268581 -0.378304 -0.681624
v  0.253339 -0.337918 -0.690809
v  0.249662 -0.338639 -0.675789
v  0.262827 -0.377505 -0.663325
v  0.268581 -0.378304 -0.681624
v  0.262827 -0.377505 -0.663325
v  0.259439 -0.387434 -0.666789
v  0.262101 -0.390881 -0.680507
v  0.268581 -0.378304 -0.681624
v  0.262101 -0.390881 -0.680507
v  0.262249 -0.391841 -0.699612
v  0.26965 -0.379046 -0.70211
v  0.2144 -0.379733 -0.648082
v  0.235548 -0.379753 -0.644341
v  0.227764 -0.341209 -0.66174
v  0.210456 -0.340894 -0.665047
v  0.2144 -0.379733 -0.648082
v  0.210456 -0.340894 -0.665047
v  0.195678 -0.339311 -0.675222
v  0.196374 -0.378809 -0.660622
v  0.2144 -0.379733 -0.648082
v  0.196374 -0.378809 -0.660622
v  0.204024 -0.388458 -0.664544
v  0.216837 -0.391652 -0.657344
v  0.2144 -0.379733 -0.648082
v  0.216837 -0.391652 -0.657344
v  0.235319 -0.391679 -0.654491
v  0.235548 -0.379753 -0.644341
v  0.049969 -0.103387 -0.598058
v  0.059431 -0.148391 -0.498235
v  -0.003207 -0.161996 -0.506436
v  -0.008359 -0.116372 -0.600868
v  0.049969 -0.103387 -0.598058
v  -0.008359 -0.116372 -0.600868
v  -0.010055 -0.056115 -0.691872
v  0.044692 -0.044251 -0.690503
v  0.049969 -0.103387 -0.598058
v  0.044692 -0.044251 -0.690503
v  0.091965 -0.029881 -0.687537
v  0.099448 -0.08171 -0.60111
v  0.049969 -0.103387 -0.598058
v  0.099448 -0.08171 -0.60111
v  0.1242 -0.110861 -0.4963
v  0.059431 -0.148391 -0.498235
v  0.087443 0.571239 -0.58986
v  0.093793 0.589333 -0.476901
v  0.172237 0.543553 -0.469529
v  0.160373 0.532542 -0.583253
v  0.087443 0.571239 -0.58986
v  0.160373 0.532542 -0.583253
v  0.141828 0.513163 -0.672756
v  0.077045 0.543319 -0.673929
v  0.087443 0.571239 -0.58986
v  0.077045 0.543319 -0.673929
v  -0.00366 0.55649 -0.674799
v  -0.003561 0.588271 -0.593893
v  0.087443 0.571239 -0.58986
v  -0.003561 0.588271 -0.593893
v  -0.003101 0.609649 -0.481367
v  0.093793 0.589333 -0.476901
v  0.194148 0.270261 -0.759279
v  0.13927 0.26921 -0.814539
v  0.121234 0.34561 -0.81994
v  0.178371 0.348536 -0.758326
v  0.194148 0.270261 -0.759279
v  0.178371 0.348536 -0.758326
v  0.217926 0.355503 -0.679218
v  0.236864 0.270316 -0.679275
v  0.194148 0.270261 -0.759279
v  0.236864 0.270316 -0.679275
v  0.255425 0.185177 -0.679758
v  0.211867 0.190832 -0.758573
v  0.194148 0.270261 -0.759279
v  0.211867 0.190832 -0.758573
v  0.151815 0.188445 -0.82046
v  0.13927 0.26921 -0.814539
v  0.132577 -0.123656 -0.64268
v  0.144954 -0.139005 -0.60165
v  0.140935 -0.127921 -0.580485
v  0.126555 -0.107575 -0.632478
v  0.132577 -0.123656 -0.64268
v  0.126555 -0.107575 -0.632478
v  0.120531 -0.072971 -0.68879
v  0.128501 -0.099877 -0.687906
v  0.132577 -0.123656 -0.64268
v  0.128501 -0.099877 -0.687906
v  0.13674 -0.126923 -0.693342
v  0.139139 -0.142068 -0.656708
v  0.132577 -0.123656 -0.64268
v  0.139139 -0.142068 -0.656708
v  0.149695 -0.152217 -0.624036
v  0.144954 -0.139005 -0.60165
v  0.22445 -0.139562 -0.732316
v  0.21092 -0.133672 -0.746534
v  0.210192 -0.091908 -0.736368
v  0.22856 -0.098539 -0.720322
v  0.22445 -0.139562 -0.732316
v  0.22856 -0.098539 -0.720322
v  0.242545 -0.106755 -0.691764
v  0.234232 -0.146681 -0.71056
v  0.22445 -0.139562 -0.732316
v  0.234232 -0.146681 -0.71056
v  0.231604 -0.186759 -0.725393
v  0.224377 -0.182194 -0.746216
v  0.22445 -0.139562 -0.732316
v  0.224377 -0.182194 -0.746216
v  0.213896 -0.178749 -0.761479
v  0.21092 -0.133672 -0.746534
v  0.235158 -0.034875 -0.732322
v  0.206866 -0.029116 -0.761588
v  0.19833 0.047981 -0.792164
v  0.237293 0.045856 -0.747931
v  0.235158 -0.034875 -0.732322
v  0.237293 0.045856 -0.747931
v  0.270972 0.03608 -0.684449
v  0.258414 -0.044146 -0.684703
v  0.235158 -0.034875 -0.732322
v  0.258414 -0.044146 -0.684703
v  0.242545 -0.106755 -0.691764
v  0.22856 -0.098539 -0.720322
v  0.235158 -0.034875 -0.732322
v  0.22856 -0.098539 -0.720322
v  0.210192 -0.091908 -0.736368
v  0.206866 -0.029116 -0.761588
v  0.189532 -0.378369 -0.679561
v  0.196374 -0.378809 -0.660622
v  0.195678 -0.339311 -0.675222
v  0.190069 -0.337591 -0.690836
v  0.189532 -0.378369 -0.679561
v  0.190069 -0.337591 -0.690836
v  0.189221 -0.335708 -0.709032
v  0.1886 -0.377771 -0.701674
v  0.189532 -0.378369 -0.679561
v  0.1886 -0.377771 -0.701674
v  0.19935 -0.390863 -0.698926
v  0.200675 -0.391057 -0.678635
v  0.189532 -0.378369 -0.679561
v  0.200675 -0.391057 -0.678635
v  0.204024 -0.388458 -0.664544
v  0.196374 -0.378809 -0.660622
v  0.146813 -0.166123 -0.683138
v  0.155818 -0.173899 -0.657759
v  0.149695 -0.152217 -0.624036
v  0.139139 -0.142068 -0.656708
v  0.146813 -0.166123 -0.683138
v  0.139139 -0.142068 -0.656708
v  0.13674 -0.126923 -0.693342
v  0.145141 -0.155021 -0.711172
v  0.146813 -0.166123 -0.683138
v  0.145141 -0.155021 -0.711172
v  0.156929 -0.193045 -0.726675
v  0.157871 -0.200679 -0.703388
v  0.146813 -0.166123 -0.683138
v  0.157871 -0.200679 -0.703388
v  0.1652 -0.205923 -0.683715
v  0.155818 -0.173899 -0.657759
v  0.211774 -0.393204 -0.716986
v  0.20758 -0.390071 -0.736741
v  0.221593 -0.390936 -0.738991
v  0.224989 -0.393456 -0.717177
v  0.211774 -0.393204 -0.716986
v  0.224989 -0.393456 -0.717177
v  0.227829 -0.394033 -0.696798
v  0.213752 -0.3939 -0.697334
v  0.211774 -0.393204 -0.716986
v  0.213752 -0.3939 -0.697334
v  0.19935 -0.390863 -0.698926
v  0.198746 -0.389908 -0.718599
v  0.211774 -0.393204 -0.716986
v  0.198746 -0.389908 -0.718599
v  0.198978 -0.386508 -0.732447
v  0.20758 -0.390071 -0.736741
v  0.241824 -0.394097 -0.716372
v  0.240149 -0.390866 -0.735091
v  0.253435 -0.387899 -0.73059
v  0.259519 -0.391349 -0.717577
v  0.241824 -0.394097 -0.716372
v  0.259519 -0.391349 -0.717577
v  0.262249 -0.391841 -0.699612
v  0.244349 -0.39445 -0.697451
v  0.241824 -0.394097 -0.716372
v  0.244349 -0.39445 -0.697451
v  0.227829 -0.394033 -0.696798
v  0.224989 -0.393456 -0.717177
v  0.241824 -0.394097 -0.716372
v  0.224989 -0.393456 -0.717177
v  0.221593 -0.390936 -0.738991
v  0.240149 -0.390866 -0.735091
v  0.26671 -0.378296 -0.721294
v  0.257124 -0.377573 -0.737246
v  0.24215 -0.334291 -0.737984
v  0.24998 -0.335543 -0.724418
v  0.26671 -0.378296 -0.721294
v  0.24998 -0.335543 -0.724418
v  0.253106 -0.337158 -0.708026
v  0.26965 -0.379046 -0.70211
v  0.26671 -0.378296 -0.721294
v  0.26965 -0.379046 -0.70211
v  0.262249 -0.391841 -0.699612
v  0.259519 -0.391349 -0.717577
v  0.26671 -0.378296 -0.721294
v  0.259519 -0.391349 -0.717577
v  0.253435 -0.387899 -0.73059
v  0.257124 -0.377573 -0.737246
v  0.235069 0.019072 0.593517
v  0.240131 -0.020059 0.583106
v  0.240324 -0.006297 0.558248
v  0.236904 0.028233 0.571152
v  0.235069 0.019072 0.593517
v  0.236904 0.028233 0.571152
v  0.225807 0.058406 0.591039
v  0.216118 0.061982 0.608893
v  0.235069 0.019072 0.593517
v  0.216118 0.061982 0.608893
v  0.195664 0.079056 0.632711
v  0.226183 0.013028 0.616821
v  0.235069 0.019072 0.593517
v  0.226183 0.013028 0.616821
v  0.23413 -0.033413 0.606892
v  0.240131 -0.020059 0.583106
v  0.145984 -0.065265 0.695125
v  0.148377 -0.102171 0.683773
v  0.163266 -0.089174 0.671561
v  0.160535 -0.0498 0.682271
v  0.145984 -0.065265 0.695125
v  0.160535 -0.0498 0.682271
v  0.150346 -0.014794 0.690183
v  0.136845 -0.031968 0.703232
v  0.145984 -0.065265 0.695125
v  0.136845 -0.031968 0.703232
v  0.124165 -0.051645 0.71779
v  0.132377 -0.083077 0.709435
v  0.145984 -0.065265 0.695125
v  0.132377 -0.083077 0.709435
v  0.134486 -0.116948 0.698002
v  0.148377 -0.102171 0.683773
v  0.093693 -0.173397 0.85741
v  0.084588 -0.195522 0.848249
v  0.08783 -0.185436 0.821936
v  0.096202 -0.162997 0.829826
v  0.093693 -0.173397 0.85741
v  0.096202 -0.162997 0.829826
v  0.09012 -0.135734 0.839824
v  0.089198 -0.146608 0.869236
v  0.093693 -0.173397 0.85741
v  0.089198 -0.146608 0.869236
v  0.078944 -0.154291 0.888453
v  0.081496 -0.180144 0.874878
v  0.093693 -0.173397 0.85741
v  0.081496 -0.180144 0.874878
v  0.073918 -0.194556 0.863292
v  0.084588 -0.195522 0.848249
v  0.022787 0.475594 -0.787071
v  -0.002984 0.47994 -0.786144
v  -0.003238 0.503332 -0.760484
v  0.041004 0.497354 -0.761348
v  0.022787 0.475594 -0.787071
v  0.041004 0.497354 -0.761348
v  0.079411 0.479876 -0.765471
v  0.046004 0.463561 -0.790961
v  0.022787 0.475594 -0.787071
v  0.046004 0.463561 -0.790961
v  0.021253 0.458924 -0.817192
v  0.009746 0.466526 -0.813954
v  0.022787 0.475594 -0.787071
v  0.009746 0.466526 -0.813954
v  -0.002737 0.469851 -0.812905
v  -0.002984 0.47994 -0.786144
v  0.164791 0.246631 0.342142
v  0.191952 0.273763 0.278955
v  0.167404 0.303545 0.287577
v  0.142027 0.268597 0.349491
v  0.164791 0.246631 0.342142
v  0.142027 0.268597 0.349491
v  0.130871 0.241438 0.405737
v  0.152367 0.221444 0.399676
v  0.164791 0.246631 0.342142
v  0.152367 0.221444 0.399676
v  0.172485 0.193466 0.391226
v  0.186366 0.215528 0.332355
v  0.164791 0.246631 0.342142
v  0.186366 0.215528 0.332355
v  0.213733 0.234104 0.267762
v  0.191952 0.273763 0.278955
v  0.231093 0.403122 -0.579873
v  0.202993 0.407976 -0.677776
v  0.189304 0.443487 -0.675653
v  0.213664 0.447056 -0.580456
v  0.231093 0.403122 -0.579873
v  0.213664 0.447056 -0.580456
v  0.233732 0.442282 -0.465613
v  0.253906 0.388775 -0.464459
v  0.231093 0.403122 -0.579873
v  0.253906 0.388775 -0.464459
v  0.272128 0.321591 -0.463836
v  0.248947 0.343006 -0.579108
v  0.231093 0.403122 -0.579873
v  0.248947 0.343006 -0.579108
v  0.217926 0.355503 -0.679218
v  0.202993 0.407976 -0.677776
v  0.271996 0.374716 -0.339417
v  0.253906 0.388775 -0.464459
v  0.233732 0.442282 -0.465613
v  0.250684 0.433141 -0.341047
v  0.271996 0.374716 -0.339417
v  0.250684 0.433141 -0.341047
v  0.254216 0.416003 -0.198896
v  0.276334 0.358927 -0.198752
v  0.271996 0.374716 -0.339417
v  0.276334 0.358927 -0.198752
v  0.293538 0.294453 -0.200433
v  0.290027 0.306814 -0.338999
v  0.271996 0.374716 -0.339417
v  0.290027 0.306814 -0.338999
v  0.272128 0.321591 -0.463836
v  0.253906 0.388775 -0.464459
v  0.258671 0.339158 -0.032093
v  0.276334 0.358927 -0.198752
v  0.254216 0.416003 -0.198896
v  0.234664 0.392054 -0.029535
v  0.258671 0.339158 -0.032093
v  0.234664 0.392054 -0.029535
v  0.207952 0.365984 0.126951
v  0.233671 0.321426 0.118943
v  0.258671 0.339158 -0.032093
v  0.233671 0.321426 0.118943
v  0.252602 0.268287 0.10719
v  0.27628 0.280526 -0.038742
v  0.258671 0.339158 -0.032093
v  0.27628 0.280526 -0.038742
v  0.293538 0.294453 -0.200433
v  0.276334 0.358927 -0.198752
v  0.043586 -0.138054 0.907804
v  0.075496 -0.133019 0.898071
v  0.069827 -0.114442 0.9042
v  0.040382 -0.118169 0.913784
v  0.043586 -0.138054 0.907804
v  0.040382 -0.118169 0.913784
v  0 -0.119344 0.91547
v  0 -0.139971 0.909902
v  0.043586 -0.138054 0.907804
v  0 -0.139971 0.909902
v  0 -0.161381 0.900571
v  0.045316 -0.15944 0.898123
v  0.043586 -0.138054 0.907804
v  0.045316 -0.15944 0.898123
v  0.078944 -0.154291 0.888453
v  0.075496 -0.133019 0.898071
v  0.168752 0.396963 -0.751981
v  0.126868 0.38928 -0.800981
v  0.121446 0.420388 -0.787071
v  0.159125 0.430379 -0.743308
v  0.168752 0.396963 -0.751981
v  0.159125 0.430379 -0.743308
v  0.189304 0.443487 -0.675653
v  0.202993 0.407976 -0.677776
v  0.168752 0.396963 -0.751981
v  0.202993 0.407976 -0.677776
v  0.217926 0.355503 -0.679218
v  0.178371 0.348536 -0.758326
v  0.168752 0.396963 -0.751981
v  0.178371 0.348536 -0.758326
v  0.121234 0.34561 -0.81994
v  0.126868 0.38928 -0.800981
v  0.157672 0.225771 0.530369
v  0.176546 0.208389 0.515053
v  0.130871 0.241438 0.405737
v  0.109532 0.259032 0.415013
v  0.157672 0.225771 0.530369
v  0.109532 0.259032 0.415013
v  0.08338 0.274861 0.424238
v  0.126843 0.241977 0.537157
v  0.157672 0.225771 0.530369
v  0.126843 0.241977 0.537157
v  0.14273 0.18989 0.6216
v  0.1662 0.186615 0.59206
v  0.157672 0.225771 0.530369
v  0.1662 0.186615 0.59206
v  0.188445 0.17993 0.568058
v  0.176546 0.208389 0.515053
v  0.035827 -0.173172 0.344827
v  0 -0.176457 0.34558
v  0 -0.180667 0.279138
v  0.019752 -0.173149 0.280833
v  0.035827 -0.173172 0.344827
v  0.019752 -0.173149 0.280833
v  0.048826 -0.141268 0.285284
v  0.07855 -0.151443 0.347575
v  0.035827 -0.173172 0.344827
v  0.07855 -0.151443 0.347575
v  0.104103 -0.175452 0.395192
v  0.052333 -0.193432 0.389274
v  0.035827 -0.173172 0.344827
v  0.052333 -0.193432 0.389274
v  0 -0.197071 0.389662
v  0 -0.176457 0.34558
v  0.065735 0.26736 0.516711
v  0.126843 0.241977 0.537157
v  0.08338 0.274861 0.424238
v  0.042807 0.291625 0.424871
v  0.065735 0.26736 0.516711
v  0.042807 0.291625 0.424871
v  0 0.299148 0.425727
v  0 0.28358 0.497966
v  0.065735 0.26736 0.516711
v  0 0.28358 0.497966
v  0 0.270397 0.575496
v  0.055492 0.260609 0.577437
v  0.065735 0.26736 0.516711
v  0.055492 0.260609 0.577437
v  0.14273 0.18989 0.6216
v  0.126843 0.241977 0.537157
v  0.20385 0.013902 0.399936
v  0.177133 -0.044387 0.376382
v  0.169748 -0.014013 0.305486
v  0.194885 0.044887 0.333644
v  0.20385 0.013902 0.399936
v  0.194885 0.044887 0.333644
v  0.201456 0.099768 0.357952
v  0.212429 0.071323 0.424614
v  0.20385 0.013902 0.399936
v  0.212429 0.071323 0.424614
v  0.232068 0.035088 0.492416
v  0.221507 -0.025972 0.467278
v  0.20385 0.013902 0.399936
v  0.221507 -0.025972 0.467278
v  0.195867 -0.088972 0.440055
v  0.177133 -0.044387 0.376382
v  0.130632 -0.099878 0.359122
v  0.07855 -0.151443 0.347575
v  0.048826 -0.141268 0.285284
v  0.115468 -0.07996 0.3067
v  0.130632 -0.099878 0.359122
v  0.115468 -0.07996 0.3067
v  0.169748 -0.014013 0.305486
v  0.177133 -0.044387 0.376382
v  0.130632 -0.099878 0.359122
v  0.177133 -0.044387 0.376382
v  0.195867 -0.088972 0.440055
v  0.153465 -0.13717 0.414006
v  0.130632 -0.099878 0.359122
v  0.153465 -0.13717 0.414006
v  0.104103 -0.175452 0.395192
v  0.07855 -0.151443 0.347575
v  0.206666 0.11827 0.445031
v  0.212429 0.071323 0.424614
v  0.201456 0.099768 0.357952
v  0.191449 0.151085 0.377294
v  0.206666 0.11827 0.445031
v  0.191449 0.151085 0.377294
v  0.172485 0.193466 0.391226
v  0.200913 0.153842 0.471397
v  0.206666 0.11827 0.445031
v  0.200913 0.153842 0.471397
v  0.215111 0.115947 0.555785
v  0.22949 0.077354 0.513901
v  0.206666 0.11827 0.445031
v  0.22949 0.077354 0.513901
v  0.232068 0.035088 0.492416
v  0.212429 0.071323 0.424614
v  0.044382 -0.226807 0.669917
v  0 -0.231896 0.670149
v  0 -0.234241 0.640637
v  0.047913 -0.228898 0.640616
v  0.044382 -0.226807 0.669917
v  0.047913 -0.228898 0.640616
v  0.08635 -0.215187 0.643219
v  0.079886 -0.21455 0.672224
v  0.044382 -0.226807 0.669917
v  0.079886 -0.21455 0.672224
v  0.074345 -0.215765 0.705374
v  0.041281 -0.226561 0.703105
v  0.044382 -0.226807 0.669917
v  0.041281 -0.226561 0.703105
v  0 -0.231483 0.703401
v  0 -0.231896 0.670149
v  0.081706 -0.022193 0.750334
v  0.092679 -0.038273 0.746704
v  0.099955 -0.009727 0.730744
v  0.085929 0.000679 0.738227
v  0.081706 -0.022193 0.750334
v  0.085929 0.000679 0.738227
v  0.069457 0.018394 0.741207
v  0.064648 -0.008652 0.754061
v  0.081706 -0.022193 0.750334
v  0.064648 -0.008652 0.754061
v  0.061907 -0.032228 0.774633
v  0.077353 -0.045636 0.771875
v  0.081706 -0.022193 0.750334
v  0.077353 -0.045636 0.771875
v  0.086597 -0.062388 0.769852
v  0.092679 -0.038273 0.746704
v  0.035377 0.000785 0.759322
v  0.064648 -0.008652 0.754061
v  0.069457 0.018394 0.741207
v  0.035859 0.027517 0.747487
v  0.035377 0.000785 0.759322
v  0.035859 0.027517 0.747487
v  0 0.032238 0.750025
v  0 0.004477 0.762336
v  0.035377 0.000785 0.759322
v  0 0.004477 0.762336
v  0 -0.021808 0.783936
v  0.034055 -0.024358 0.780343
v  0.035377 0.000785 0.759322
v  0.034055 -0.024358 0.780343
v  0.061907 -0.032228 0.774633
v  0.064648 -0.008652 0.754061
v  0.116541 -0.158964 0.703955
v  0.106795 -0.179091 0.691352
v  0.116248 -0.171679 0.6639
v  0.127453 -0.146001 0.681177
v  0.116541 -0.158964 0.703955
v  0.127453 -0.146001 0.681177
v  0.134486 -0.116948 0.698002
v  0.12259 -0.135284 0.716263
v  0.116541 -0.158964 0.703955
v  0.12259 -0.135284 0.716263
v  0.106907 -0.15919 0.741586
v  0.107576 -0.174081 0.730993
v  0.116541 -0.158964 0.703955
v  0.107576 -0.174081 0.730993
v  0.09933 -0.188993 0.7232
v  0.106795 -0.179091 0.691352
v  0.097633 -0.198132 0.680072
v  0.079886 -0.21455 0.672224
v  0.08635 -0.215187 0.643219
v  0.105838 -0.195428 0.651114
v  0.097633 -0.198132 0.680072
v  0.105838 -0.195428 0.651114
v  0.116248 -0.171679 0.6639
v  0.106795 -0.179091 0.691352
v  0.097633 -0.198132 0.680072
v  0.106795 -0.179091 0.691352
v  0.09933 -0.188993 0.7232
v  0.090973 -0.203065 0.713366
v  0.097633 -0.198132 0.680072
v  0.090973 -0.203065 0.713366
v  0.074345 -0.215765 0.705374
v  0.079886 -0.21455 0.672224
v  0.120659 -0.105584 0.726657
v  0.12259 -0.135284 0.716263
v  0.134486 -0.116948 0.698002
v  0.132377 -0.083077 0.709435
v  0.120659 -0.105584 0.726657
v  0.132377 -0.083077 0.709435
v  0.124165 -0.051645 0.71779
v  0.113458 -0.076665 0.735144
v  0.120659 -0.105584 0.726657
v  0.113458 -0.076665 0.735144
v  0.104172 -0.101598 0.760628
v  0.110652 -0.128589 0.75196
v  0.120659 -0.105584 0.726657
v  0.110652 -0.128589 0.75196
v  0.106907 -0.15919 0.741586
v  0.12259 -0.135284 0.716263
v  0.213471 0.188209 0.803847
v  0.242816 0.180088 0.816837
v  0.243861 0.18639 0.819326
v  0.212989 0.195689 0.803856
v  0.213471 0.188209 0.803847
v  0.212989 0.195689 0.803856
v  0.182091 0.201281 0.769592
v  0.182824 0.193119 0.773727
v  0.213471 0.188209 0.803847
v  0.182824 0.193119 0.773727
v  0.190598 0.185004 0.768576
v  0.215449 0.184203 0.79366
v  0.213471 0.188209 0.803847
v  0.215449 0.184203 0.79366
v  0.239296 0.176537 0.801862
v  0.242816 0.180088 0.816837
v  0.205372 0.21513 0.724647
v  0.229891 0.204279 0.729481
v  0.215098 0.213754 0.66859
v  0.188269 0.223883 0.673525
v  0.205372 0.21513 0.724647
v  0.188269 0.223883 0.673525
v  0.16538 0.217697 0.68179
v  0.184287 0.214573 0.718149
v  0.205372 0.21513 0.724647
v  0.184287 0.214573 0.718149
v  0.195059 0.2098 0.748451
v  0.21491 0.206749 0.767707
v  0.205372 0.21513 0.724647
v  0.21491 0.206749 0.767707
v  0.240881 0.19687 0.779359
v  0.229891 0.204279 0.729481
v  0.272527 0.13514 0.708978
v  0.277245 0.118315 0.723199
v  0.266436 0.086778 0.678353
v  0.262247 0.110711 0.658923
v  0.272527 0.13514 0.708978
v  0.262247 0.110711 0.658923
v  0.250245 0.146376 0.649051
v  0.259806 0.163164 0.698853
v  0.272527 0.13514 0.708978
v  0.259806 0.163164 0.698853
v  0.261612 0.168864 0.734372
v  0.26673 0.159088 0.744051
v  0.272527 0.13514 0.708978
v  0.26673 0.159088 0.744051
v  0.266535 0.148376 0.752471
v  0.277245 0.118315 0.723199
v  0.167422 0.185827 0.748544
v  0.166054 0.197702 0.740484
v  0.146423 0.199843 0.714352
v  0.149227 0.185442 0.725801
v  0.167422 0.185827 0.748544
v  0.149227 0.185442 0.725801
v  0.156827 0.171406 0.726353
v  0.176177 0.175355 0.745975
v  0.167422 0.185827 0.748544
v  0.176177 0.175355 0.745975
v  0.190598 0.185004 0.768576
v  0.182824 0.193119 0.773727
v  0.167422 0.185827 0.748544
v  0.182824 0.193119 0.773727
v  0.182091 0.201281 0.769592
v  0.166054 0.197702 0.740484
v  0.060976 -0.202836 0.425173
v  0 -0.207078 0.424557
v  0 -0.197071 0.389662
v  0.052333 -0.193432 0.389274
v  0.060976 -0.202836 0.425173
v  0.052333 -0.193432 0.389274
v  0.104103 -0.175452 0.395192
v  0.117754 -0.187113 0.43321
v  0.060976 -0.202836 0.425173
v  0.117754 -0.187113 0.43321
v  0.123349 -0.191207 0.46555
v  0.064696 -0.206935 0.456528
v  0.060976 -0.202836 0.425173
v  0.064696 -0.206935 0.456528
v  0 -0.211585 0.454853
v  0 -0.207078 0.424557
v  0.0644 0.239633 0.630943
v  0.125621 0.188051 0.654099
v  0.14273 0.18989 0.6216
v  0.055492 0.260609 0.577437
v  0.0644 0.239633 0.630943
v  0.055492 0.260609 0.577437
v  0 0.270397 0.575496
v  0 0.251284 0.623647
v  0.0644 0.239633 0.630943
v  0 0.251284 0.623647
v  0 0.23009 0.65218
v  0.067496 0.219028 0.66151
v  0.0644 0.239633 0.630943
v  0.067496 0.219028 0.66151
v  0.119403 0.181591 0.675037
v  0.125621 0.188051 0.654099
v  0.228141 -0.048869 0.510147
v  0.203501 -0.11087 0.482802
v  0.195867 -0.088972 0.440055
v  0.221507 -0.025972 0.467278
v  0.228141 -0.048869 0.510147
v  0.221507 -0.025972 0.467278
v  0.232068 0.035088 0.492416
v  0.239477 0.010265 0.53352
v  0.228141 -0.048869 0.510147
v  0.239477 0.010265 0.53352
v  0.240324 -0.006297 0.558248
v  0.228961 -0.061709 0.53729
v  0.228141 -0.048869 0.510147
v  0.228961 -0.061709 0.53729
v  0.20494 -0.119889 0.511779
v  0.203501 -0.11087 0.482802
v  0.165627 -0.155921 0.454641
v  0.117754 -0.187113 0.43321
v  0.104103 -0.175452 0.395192
v  0.153465 -0.13717 0.414006
v  0.165627 -0.155921 0.454641
v  0.153465 -0.13717 0.414006
v  0.195867 -0.088972 0.440055
v  0.203501 -0.11087 0.482802
v  0.165627 -0.155921 0.454641
v  0.203501 -0.11087 0.482802
v  0.20494 -0.119889 0.511779
v  0.169917 -0.162623 0.485917
v  0.165627 -0.155921 0.454641
v  0.169917 -0.162623 0.485917
v  0.123349 -0.191207 0.46555
v  0.117754 -0.187113 0.43321
v  0.236192 0.047398 0.552441
v  0.239477 0.010265 0.53352
v  0.232068 0.035088 0.492416
v  0.22949 0.077354 0.513901
v  0.236192 0.047398 0.552441
v  0.22949 0.077354 0.513901
v  0.215111 0.115947 0.555785
v  0.229251 0.074656 0.577952
v  0.236192 0.047398 0.552441
v  0.229251 0.074656 0.577952
v  0.225807 0.058406 0.591039
v  0.236904 0.028233 0.571152
v  0.236192 0.047398 0.552441
v  0.236904 0.028233 0.571152
v  0.240324 -0.006297 0.558248
v  0.239477 0.010265 0.53352
v  0.21571 0.20099 0.792945
v  0.244318 0.19213 0.807832
v  0.240881 0.19687 0.779359
v  0.21491 0.206749 0.767707
v  0.21571 0.20099 0.792945
v  0.21491 0.206749 0.767707
v  0.195059 0.2098 0.748451
v  0.187963 0.206571 0.75925
v  0.21571 0.20099 0.792945
v  0.187963 0.206571 0.75925
v  0.182091 0.201281 0.769592
v  0.212989 0.195689 0.803856
v  0.21571 0.20099 0.792945
v  0.212989 0.195689 0.803856
v  0.243861 0.18639 0.819326
v  0.244318 0.19213 0.807832
v  0.272652 0.114495 0.73232
v  0.257652 0.122751 0.732372
v  0.253376 0.088627 0.70347
v  0.264221 0.079234 0.695363
v  0.272652 0.114495 0.73232
v  0.264221 0.079234 0.695363
v  0.266436 0.086778 0.678353
v  0.277245 0.118315 0.723199
v  0.272652 0.114495 0.73232
v  0.277245 0.118315 0.723199
v  0.266535 0.148376 0.752471
v  0.262263 0.14384 0.757169
v  0.272652 0.114495 0.73232
v  0.262263 0.14384 0.757169
v  0.253611 0.148204 0.754022
v  0.257652 0.122751 0.732372
v  0.171772 0.207563 0.727012
v  0.184287 0.214573 0.718149
v  0.16538 0.217697 0.68179
v  0.152305 0.20939 0.697968
v  0.171772 0.207563 0.727012
v  0.152305 0.20939 0.697968
v  0.146423 0.199843 0.714352
v  0.166054 0.197702 0.740484
v  0.171772 0.207563 0.727012
v  0.166054 0.197702 0.740484
v  0.182091 0.201281 0.769592
v  0.187963 0.206571 0.75925
v  0.171772 0.207563 0.727012
v  0.187963 0.206571 0.75925
v  0.195059 0.2098 0.748451
v  0.184287 0.214573 0.718149
v  0.194739 0.184768 0.716454
v  0.176177 0.175355 0.745975
v  0.156827 0.171406 0.726353
v  0.17554 0.18009 0.686334
v  0.194739 0.184768 0.716454
v  0.17554 0.18009 0.686334
v  0.195259 0.17334 0.663035
v  0.210126 0.181968 0.698927
v  0.194739 0.184768 0.716454
v  0.210126 0.181968 0.698927
v  0.222352 0.180766 0.737664
v  0.20532 0.186095 0.74715
v  0.194739 0.184768 0.716454
v  0.20532 0.186095 0.74715
v  0.190598 0.185004 0.768576
v  0.176177 0.175355 0.745975
v  0.124438 -0.008863 0.711401
v  0.136845 -0.031968 0.703232
v  0.150346 -0.014794 0.690183
v  0.136502 0.010678 0.699054
v  0.124438 -0.008863 0.711401
v  0.136502 0.010678 0.699054
v  0.123877 0.02772 0.706213
v  0.113662 0.008333 0.71669
v  0.124438 -0.008863 0.711401
v  0.113662 0.008333 0.71669
v  0.099955 -0.009727 0.730744
v  0.112889 -0.02991 0.72538
v  0.124438 -0.008863 0.711401
v  0.112889 -0.02991 0.72538
v  0.124165 -0.051645 0.71779
v  0.136845 -0.031968 0.703232
v  0.084057 -0.125583 0.87727
v  0.089198 -0.146608 0.869236
v  0.09012 -0.135734 0.839824
v  0.083565 -0.114854 0.84606
v  0.084057 -0.125583 0.87727
v  0.083565 -0.114854 0.84606
v  0.076455 -0.097622 0.849567
v  0.077399 -0.107965 0.882192
v  0.084057 -0.125583 0.87727
v  0.077399 -0.107965 0.882192
v  0.069827 -0.114442 0.9042
v  0.075496 -0.133019 0.898071
v  0.084057 -0.125583 0.87727
v  0.075496 -0.133019 0.898071
v  0.078944 -0.154291 0.888453
v  0.089198 -0.146608 0.869236
v  0.075873 0.400744 -0.823093
v  0.074676 0.423289 -0.810071
v  0.121446 0.420388 -0.787071
v  0.126868 0.38928 -0.800981
v  0.075873 0.400744 -0.823093
v  0.126868 0.38928 -0.800981
v  0.121234 0.34561 -0.81994
v  0.063929 0.382475 -0.834229
v  0.075873 0.400744 -0.823093
v  0.063929 0.382475 -0.834229
v  0.026356 0.412604 -0.847766
v  0.034093 0.424738 -0.840059
v  0.075873 0.400744 -0.823093
v  0.034093 0.424738 -0.840059
v  0.035832 0.438129 -0.830401
v  0.074676 0.423289 -0.810071
v  0.118217 0.289182 0.357222
v  0.140037 0.32851 0.296343
v  0.104462 0.349571 0.303655
v  0.088153 0.307954 0.363803
v  0.118217 0.289182 0.357222
v  0.088153 0.307954 0.363803
v  0.08338 0.274861 0.424238
v  0.109532 0.259032 0.415013
v  0.118217 0.289182 0.357222
v  0.109532 0.259032 0.415013
v  0.130871 0.241438 0.405737
v  0.142027 0.268597 0.349491
v  0.118217 0.289182 0.357222
v  0.142027 0.268597 0.349491
v  0.167404 0.303545 0.287577
v  0.140037 0.32851 0.296343
v  0.196285 0.490231 -0.580759
v  0.174096 0.478902 -0.673572
v  0.141828 0.513163 -0.672756
v  0.160373 0.532542 -0.583253
v  0.196285 0.490231 -0.580759
v  0.160373 0.532542 -0.583253
v  0.172237 0.543553 -0.469529
v  0.21271 0.493739 -0.466458
v  0.196285 0.490231 -0.580759
v  0.21271 0.493739 -0.466458
v  0.233732 0.442282 -0.465613
v  0.213664 0.447056 -0.580456
v  0.196285 0.490231 -0.580759
v  0.213664 0.447056 -0.580456
v  0.189304 0.443487 -0.675653
v  0.174096 0.478902 -0.673572
v  0.225798 0.486708 -0.342469
v  0.21271 0.493739 -0.466458
v  0.172237 0.543553 -0.469529
v  0.180469 0.536642 -0.34249
v  0.225798 0.486708 -0.342469
v  0.180469 0.536642 -0.34249
v  0.17781 0.509661 -0.195911
v  0.225981 0.465101 -0.198906
v  0.225798 0.486708 -0.342469
v  0.225981 0.465101 -0.198906
v  0.254216 0.416003 -0.198896
v  0.250684 0.433141 -0.341047
v  0.225798 0.486708 -0.342469
v  0.250684 0.433141 -0.341047
v  0.233732 0.442282 -0.465613
v  0.21271 0.493739 -0.466458
v  0.204058 0.436763 -0.028408
v  0.225981 0.465101 -0.198906
v  0.17781 0.509661 -0.195911
v  0.157133 0.476617 -0.026892
v  0.204058 0.436763 -0.028408
v  0.157133 0.476617 -0.026892
v  0.132794 0.430423 0.138759
v  0.176423 0.401258 0.133769
v  0.204058 0.436763 -0.028408
v  0.176423 0.401258 0.133769
v  0.207952 0.365984 0.126951
v  0.234664 0.392054 -0.029535
v  0.204058 0.436763 -0.028408
v  0.234664 0.392054 -0.029535
v  0.254216 0.416003 -0.198896
v  0.225981 0.465101 -0.198906
v  0.03482 -0.097824 0.916964
v  0.060613 -0.096674 0.907305
v  0.04932 -0.084818 0.903184
v  0.030008 -0.080945 0.911118
v  0.03482 -0.097824 0.916964
v  0.030008 -0.080945 0.911118
v  0 -0.079077 0.912848
v  0 -0.097367 0.918553
v  0.03482 -0.097824 0.916964
v  0 -0.097367 0.918553
v  0 -0.119344 0.91547
v  0.040382 -0.118169 0.913784
v  0.03482 -0.097824 0.916964
v  0.040382 -0.118169 0.913784
v  0.069827 -0.114442 0.9042
v  0.060613 -0.096674 0.907305
v  0.143321 0.464561 -0.735386
v  0.105929 0.452299 -0.774624
v  0.079411 0.479876 -0.765471
v  0.113122 0.495725 -0.729637
v  0.143321 0.464561 -0.735386
v  0.113122 0.495725 -0.729637
v  0.141828 0.513163 -0.672756
v  0.174096 0.478902 -0.673572
v  0.143321 0.464561 -0.735386
v  0.174096 0.478902 -0.673572
v  0.189304 0.443487 -0.675653
v  0.159125 0.430379 -0.743308
v  0.143321 0.464561 -0.735386
v  0.159125 0.430379 -0.743308
v  0.121446 0.420388 -0.787071
v  0.105929 0.452299 -0.774624
v  0.195144 0.18229 0.500779
v  0.200913 0.153842 0.471397
v  0.172485 0.193466 0.391226
v  0.152367 0.221444 0.399676
v  0.195144 0.18229 0.500779
v  0.152367 0.221444 0.399676
v  0.130871 0.241438 0.405737
v  0.176546 0.208389 0.515053
v  0.195144 0.18229 0.500779
v  0.176546 0.208389 0.515053
v  0.188445 0.17993 0.568058
v  0.205363 0.154521 0.556696
v  0.195144 0.18229 0.500779
v  0.205363 0.154521 0.556696
v  0.215111 0.115947 0.555785
v  0.200913 0.153842 0.471397
v  0.103698 -0.05533 0.741734
v  0.113458 -0.076665 0.735144
v  0.124165 -0.051645 0.71779
v  0.112889 -0.02991 0.72538
v  0.103698 -0.05533 0.741734
v  0.112889 -0.02991 0.72538
v  0.099955 -0.009727 0.730744
v  0.092679 -0.038273 0.746704
v  0.103698 -0.05533 0.741734
v  0.092679 -0.038273 0.746704
v  0.086597 -0.062388 0.769852
v  0.095845 -0.080286 0.766348
v  0.103698 -0.05533 0.741734
v  0.095845 -0.080286 0.766348
v  0.104172 -0.101598 0.760628
v  0.113458 -0.076665 0.735144
v  0.256646 0.170057 0.791538
v  0.262263 0.14384 0.757169
v  0.266535 0.148376 0.752471
v  0.259554 0.174649 0.791844
v  0.256646 0.170057 0.791538
v  0.259554 0.174649 0.791844
v  0.243861 0.18639 0.819326
v  0.242816 0.180088 0.816837
v  0.256646 0.170057 0.791538
v  0.242816 0.180088 0.816837
v  0.239296 0.176537 0.801862
v  0.250949 0.169914 0.783243
v  0.256646 0.170057 0.791538
v  0.250949 0.169914 0.783243
v  0.253611 0.148204 0.754022
v  0.262263 0.14384 0.757169
v  0.24739 0.185583 0.714259
v  0.259806 0.163164 0.698853
v  0.250245 0.146376 0.649051
v  0.234965 0.185728 0.65689
v  0.24739 0.185583 0.714259
v  0.234965 0.185728 0.65689
v  0.215098 0.213754 0.66859
v  0.229891 0.204279 0.729481
v  0.24739 0.185583 0.714259
v  0.229891 0.204279 0.729481
v  0.240881 0.19687 0.779359
v  0.256885 0.183289 0.760511
v  0.24739 0.185583 0.714259
v  0.256885 0.183289 0.760511
v  0.261612 0.168864 0.734372
v  0.259806 0.163164 0.698853
v  0.260093 0.181013 0.783165
v  0.26673 0.159088 0.744051
v  0.261612 0.168864 0.734372
v  0.256885 0.183289 0.760511
v  0.260093 0.181013 0.783165
v  0.256885 0.183289 0.760511
v  0.240881 0.19687 0.779359
v  0.244318 0.19213 0.807832
v  0.260093 0.181013 0.783165
v  0.244318 0.19213 0.807832
v  0.243861 0.18639 0.819326
v  0.259554 0.174649 0.791844
v  0.260093 0.181013 0.783165
v  0.259554 0.174649 0.791844
v  0.266535 0.148376 0.752471
v  0.26673 0.159088 0.744051
v  0.064449 -0.221732 0.54377
v  0 -0.22741 0.541097
v  0 -0.221305 0.513882
v  0.066306 -0.216018 0.516728
v  0.064449 -0.221732 0.54377
v  0.066306 -0.216018 0.516728
v  0.12508 -0.200343 0.526614
v  0.120235 -0.205913 0.552954
v  0.064449 -0.221732 0.54377
v  0.120235 -0.205913 0.552954
v  0.113413 -0.210612 0.575319
v  0.061546 -0.226471 0.567347
v  0.064449 -0.221732 0.54377
v  0.061546 -0.226471 0.567347
v  0 -0.232426 0.56516
v  0 -0.22741 0.541097
v  0.145615 0.127885 0.687308
v  0.156698 0.106413 0.678406
v  0.171156 0.129055 0.668903
v  0.159925 0.144609 0.679021
v  0.145615 0.127885 0.687308
v  0.159925 0.144609 0.679021
v  0.145265 0.150857 0.685455
v  0.128615 0.13767 0.693212
v  0.145615 0.127885 0.687308
v  0.128615 0.13767 0.693212
v  0.102139 0.123561 0.706354
v  0.124308 0.110147 0.696238
v  0.145615 0.127885 0.687308
v  0.124308 0.110147 0.696238
v  0.137948 0.080173 0.690086
v  0.156698 0.106413 0.678406
v  0.076236 0.162032 0.711641
v  0.128615 0.13767 0.693212
v  0.145265 0.150857 0.685455
v  0.082916 0.182477 0.700133
v  0.076236 0.162032 0.711641
v  0.082916 0.182477 0.700133
v  0 0.183318 0.698282
v  0 0.160503 0.713037
v  0.076236 0.162032 0.711641
v  0 0.160503 0.713037
v  0 0.137425 0.722977
v  0.062114 0.135098 0.719665
v  0.076236 0.162032 0.711641
v  0.062114 0.135098 0.719665
v  0.102139 0.123561 0.706354
v  0.128615 0.13767 0.693212
v  0.206083 -0.09843 0.610937
v  0.185436 -0.145878 0.590447
v  0.200508 -0.136847 0.567174
v  0.223302 -0.085964 0.589102
v  0.206083 -0.09843 0.610937
v  0.223302 -0.085964 0.589102
v  0.23413 -0.033413 0.606892
v  0.216495 -0.047991 0.627746
v  0.206083 -0.09843 0.610937
v  0.216495 -0.047991 0.627746
v  0.195184 -0.062632 0.645341
v  0.185305 -0.109971 0.628984
v  0.206083 -0.09843 0.610937
v  0.185305 -0.109971 0.628984
v  0.167185 -0.153775 0.609501
v  0.185436 -0.145878 0.590447
v  0.158692 -0.181167 0.569816
v  0.120235 -0.205913 0.552954
v  0.12508 -0.200343 0.526614
v  0.168791 -0.174463 0.544887
v  0.158692 -0.181167 0.569816
v  0.168791 -0.174463 0.544887
v  0.200508 -0.136847 0.567174
v  0.185436 -0.145878 0.590447
v  0.158692 -0.181167 0.569816
v  0.185436 -0.145878 0.590447
v  0.167185 -0.153775 0.609501
v  0.145924 -0.186851 0.590491
v  0.158692 -0.181167 0.569816
v  0.145924 -0.186851 0.590491
v  0.113413 -0.210612 0.575319
v  0.120235 -0.205913 0.552954
v  0.211907 -0.003091 0.637347
v  0.216495 -0.047991 0.627746
v  0.23413 -0.033413 0.606892
v  0.226183 0.013028 0.616821
v  0.211907 -0.003091 0.637347
v  0.226183 0.013028 0.616821
v  0.195664 0.079056 0.632711
v  0.186462 0.049299 0.64695
v  0.211907 -0.003091 0.637347
v  0.186462 0.049299 0.64695
v  0.178607 0.019757 0.663245
v  0.191725 -0.018952 0.654971
v  0.211907 -0.003091 0.637347
v  0.191725 -0.018952 0.654971
v  0.195184 -0.062632 0.645341
v  0.216495 -0.047991 0.627746
v  0.17169 0.080479 0.66239
v  0.186462 0.049299 0.64695
v  0.195664 0.079056 0.632711
v  0.182438 0.103267 0.655943
v  0.17169 0.080479 0.66239
v  0.182438 0.103267 0.655943
v  0.171156 0.129055 0.668903
v  0.156698 0.106413 0.678406
v  0.17169 0.080479 0.66239
v  0.156698 0.106413 0.678406
v  0.137948 0.080173 0.690086
v  0.159338 0.05298 0.675654
v  0.17169 0.080479 0.66239
v  0.159338 0.05298 0.675654
v  0.178607 0.019757 0.663245
v  0.186462 0.049299 0.64695
v  0.204061 0.129623 0.629306
v  0.178815 0.157268 0.63808
v  0.171156 0.129055 0.668903
v  0.182438 0.103267 0.655943
v  0.204061 0.129623 0.629306
v  0.182438 0.103267 0.655943
v  0.195664 0.079056 0.632711
v  0.227173 0.069602 0.663334
v  0.204061 0.129623 0.629306
v  0.227173 0.069602 0.663334
v  0.253376 0.088627 0.70347
v  0.223249 0.141894 0.664863
v  0.204061 0.129623 0.629306
v  0.223249 0.141894 0.664863
v  0.195259 0.17334 0.663035
v  0.178815 0.157268 0.63808
v  0.177469 0.209698 0.632145
v  0.204325 0.204968 0.615201
v  0.188445 0.17993 0.568058
v  0.1662 0.186615 0.59206
v  0.177469 0.209698 0.632145
v  0.1662 0.186615 0.59206
v  0.14273 0.18989 0.6216
v  0.149887 0.201723 0.651253
v  0.177469 0.209698 0.632145
v  0.149887 0.201723 0.651253
v  0.16538 0.217697 0.68179
v  0.188269 0.223883 0.673525
v  0.177469 0.209698 0.632145
v  0.188269 0.223883 0.673525
v  0.215098 0.213754 0.66859
v  0.204325 0.204968 0.615201
v  0.240116 0.099706 0.608316
v  0.231812 0.076508 0.623365
v  0.225807 0.058406 0.591039
v  0.229251 0.074656 0.577952
v  0.240116 0.099706 0.608316
v  0.229251 0.074656 0.577952
v  0.215111 0.115947 0.555785
v  0.236358 0.131811 0.600485
v  0.240116 0.099706 0.608316
v  0.236358 0.131811 0.600485
v  0.250245 0.146376 0.649051
v  0.262247 0.110711 0.658923
v  0.240116 0.099706 0.608316
v  0.262247 0.110711 0.658923
v  0.266436 0.086778 0.678353
v  0.231812 0.076508 0.623365
v  0.135855 0.179014 0.702464
v  0.134843 0.189976 0.691566
v  0.119403 0.181591 0.675037
v  0.12321 0.170962 0.684377
v  0.135855 0.179014 0.702464
v  0.12321 0.170962 0.684377
v  0.145265 0.150857 0.685455
v  0.146717 0.164377 0.703861
v  0.135855 0.179014 0.702464
v  0.146717 0.164377 0.703861
v  0.156827 0.171406 0.726353
v  0.149227 0.185442 0.725801
v  0.135855 0.179014 0.702464
v  0.149227 0.185442 0.725801
v  0.146423 0.199843 0.714352
v  0.134843 0.189976 0.691566
v  0.228092 0.060988 0.644744
v  0.227173 0.069602 0.663334
v  0.195664 0.079056 0.632711
v  0.216118 0.061982 0.608893
v  0.228092 0.060988 0.644744
v  0.216118 0.061982 0.608893
v  0.225807 0.058406 0.591039
v  0.231812 0.076508 0.623365
v  0.228092 0.060988 0.644744
v  0.231812 0.076508 0.623365
v  0.266436 0.086778 0.678353
v  0.264221 0.079234 0.695363
v  0.228092 0.060988 0.644744
v  0.264221 0.079234 0.695363
v  0.253376 0.088627 0.70347
v  0.227173 0.069602 0.663334
v  0.139101 0.199599 0.672861
v  0.149887 0.201723 0.651253
v  0.14273 0.18989 0.6216
v  0.125621 0.188051 0.654099
v  0.139101 0.199599 0.672861
v  0.125621 0.188051 0.654099
v  0.119403 0.181591 0.675037
v  0.134843 0.189976 0.691566
v  0.139101 0.199599 0.672861
v  0.134843 0.189976 0.691566
v  0.146423 0.199843 0.714352
v  0.152305 0.20939 0.697968
v  0.139101 0.199599 0.672861
v  0.152305 0.20939 0.697968
v  0.16538 0.217697 0.68179
v  0.149887 0.201723 0.651253
v  0.1586 0.168824 0.660735
v  0.146717 0.164377 0.703861
v  0.145265 0.150857 0.685455
v  0.159925 0.144609 0.679021
v  0.1586 0.168824 0.660735
v  0.159925 0.144609 0.679021
v  0.171156 0.129055 0.668903
v  0.178815 0.157268 0.63808
v  0.1586 0.168824 0.660735
v  0.178815 0.157268 0.63808
v  0.195259 0.17334 0.663035
v  0.17554 0.18009 0.686334
v  0.1586 0.168824 0.660735
v  0.17554 0.18009 0.686334
v  0.156827 0.171406 0.726353
v  0.146717 0.164377 0.703861
v  0.222832 0.173908 0.602761
v  0.236358 0.131811 0.600485
v  0.215111 0.115947 0.555785
v  0.205363 0.154521 0.556696
v  0.222832 0.173908 0.602761
v  0.205363 0.154521 0.556696
v  0.188445 0.17993 0.568058
v  0.204325 0.204968 0.615201
v  0.222832 0.173908 0.602761
v  0.204325 0.204968 0.615201
v  0.215098 0.213754 0.66859
v  0.234965 0.185728 0.65689
v  0.222832 0.173908 0.602761
v  0.234965 0.185728 0.65689
v  0.250245 0.146376 0.649051
v  0.236358 0.131811 0.600485
v  0.242269 0.173507 0.769911
v  0.232253 0.180578 0.775788
v  0.222352 0.180766 0.737664
v  0.240004 0.166855 0.738526
v  0.242269 0.173507 0.769911
v  0.240004 0.166855 0.738526
v  0.253611 0.148204 0.754022
v  0.250949 0.169914 0.783243
v  0.242269 0.173507 0.769911
v  0.250949 0.169914 0.783243
v  0.239296 0.176537 0.801862
v  0.232253 0.180578 0.775788
v  0.21723 0.185541 0.77604
v  0.215449 0.184203 0.79366
v  0.190598 0.185004 0.768576
v  0.20532 0.186095 0.74715
v  0.21723 0.185541 0.77604
v  0.20532 0.186095 0.74715
v  0.222352 0.180766 0.737664
v  0.232253 0.180578 0.775788
v  0.21723 0.185541 0.77604
v  0.232253 0.180578 0.775788
v  0.239296 0.176537 0.801862
v  0.215449 0.184203 0.79366
v  0.019867 0.455785 -0.873572
v  0.021926 0.465495 -0.866155
v  0.035832 0.438129 -0.830401
v  0.034093 0.424738 -0.840059
v  0.019867 0.455785 -0.873572
v  0.034093 0.424738 -0.840059
v  0.026356 0.412604 -0.847766
v  0.014398 0.446338 -0.879296
v  0.019867 0.455785 -0.873572
v  0.014398 0.446338 -0.879296
v  0.014956 0.486463 -0.915838
v  0.019386 0.494392 -0.910803
v  0.019867 0.455785 -0.873572
v  0.019386 0.494392 -0.910803
v  0.02064 0.502553 -0.904307
v  0.021926 0.465495 -0.866155
v  0.005972 0.483129 -0.851295
v  -0.00247 0.485113 -0.849711
v  -0.002737 0.469851 -0.812905
v  0.009746 0.466526 -0.813954
v  0.005972 0.483129 -0.851295
v  0.009746 0.466526 -0.813954
v  0.021253 0.458924 -0.817192
v  0.013547 0.478589 -0.855051
v  0.005972 0.483129 -0.851295
v  0.013547 0.478589 -0.855051
v  0.013842 0.51322 -0.892736
v  0.006461 0.515859 -0.888319
v  0.005972 0.483129 -0.851295
v  0.006461 0.515859 -0.888319
v  -0.002168 0.51673 -0.886365
v  -0.00247 0.485113 -0.849711
v  0.035197 0.372717 -0.839519
v  0.063929 0.382475 -0.834229
v  0.121234 0.34561 -0.81994
v  0.059043 0.335215 -0.840175
v  0.035197 0.372717 -0.839519
v  0.059043 0.335215 -0.840175
v  -0.001637 0.336107 -0.843958
v  -0.001912 0.369839 -0.840656
v  0.035197 0.372717 -0.839519
v  -0.001912 0.369839 -0.840656
v  -0.002065 0.401912 -0.849013
v  0.013442 0.404775 -0.849584
v  0.035197 0.372717 -0.839519
v  0.013442 0.404775 -0.849584
v  0.026356 0.412604 -0.847766
v  0.063929 0.382475 -0.834229
v  0.064011 0.445147 -0.798992
v  0.046004 0.463561 -0.790961
v  0.079411 0.479876 -0.765471
v  0.105929 0.452299 -0.774624
v  0.064011 0.445147 -0.798992
v  0.105929 0.452299 -0.774624
v  0.121446 0.420388 -0.787071
v  0.074676 0.423289 -0.810071
v  0.064011 0.445147 -0.798992
v  0.074676 0.423289 -0.810071
v  0.035832 0.438129 -0.830401
v  0.030751 0.449491 -0.822726
v  0.064011 0.445147 -0.798992
v  0.030751 0.449491 -0.822726
v  0.021253 0.458924 -0.817192
v  0.046004 0.463561 -0.790961
v  0.006752 0.43968 -0.880392
v  0.014398 0.446338 -0.879296
v  0.026356 0.412604 -0.847766
v  0.013442 0.404775 -0.849584
v  0.006752 0.43968 -0.880392
v  0.013442 0.404775 -0.849584
v  -0.002065 0.401912 -0.849013
v  -0.001986 0.437038 -0.879781
v  0.006752 0.43968 -0.880392
v  -0.001986 0.437038 -0.879781
v  -0.001755 0.478674 -0.91764
v  0.007387 0.480884 -0.917588
v  0.006752 0.43968 -0.880392
v  0.007387 0.480884 -0.917588
v  0.014956 0.486463 -0.915838
v  0.014398 0.446338 -0.879296
v  0.019343 0.472903 -0.859992
v  0.013547 0.478589 -0.855051
v  0.021253 0.458924 -0.817192
v  0.030751 0.449491 -0.822726
v  0.019343 0.472903 -0.859992
v  0.030751 0.449491 -0.822726
v  0.035832 0.438129 -0.830401
v  0.021926 0.465495 -0.866155
v  0.019343 0.472903 -0.859992
v  0.021926 0.465495 -0.866155
v  0.02064 0.502553 -0.904307
v  0.018681 0.508803 -0.898173
v  0.019343 0.472903 -0.859992
v  0.018681 0.508803 -0.898173
v  0.013842 0.51322 -0.892736
v  0.013547 0.478589 -0.855051
v  0.017603 0.55038 -0.924958
v  0.013027 0.553272 -0.918837
v  0.013842 0.51322 -0.892736
v  0.018681 0.508803 -0.898173
v  0.017603 0.55038 -0.924958
v  0.018681 0.508803 -0.898173
v  0.02064 0.502553 -0.904307
v  0.01962 0.546218 -0.932018
v  0.017603 0.55038 -0.924958
v  0.01962 0.546218 -0.932018
v  0.018413 0.593236 -0.945388
v  0.016345 0.594926 -0.937712
v  0.017603 0.55038 -0.924958
v  0.016345 0.594926 -0.937712
v  0.011953 0.596189 -0.93133
v  0.013027 0.553272 -0.918837
v  0.018829 0.54076 -0.938995
v  0.01962 0.546218 -0.932018
v  0.02064 0.502553 -0.904307
v  0.019386 0.494392 -0.910803
v  0.018829 0.54076 -0.938995
v  0.019386 0.494392 -0.910803
v  0.014956 0.486463 -0.915838
v  0.014916 0.535507 -0.944471
v  0.018829 0.54076 -0.938995
v  0.014916 0.535507 -0.944471
v  0.014141 0.588201 -0.958861
v  0.017771 0.590686 -0.952905
v  0.018829 0.54076 -0.938995
v  0.017771 0.590686 -0.952905
v  0.018413 0.593236 -0.945388
v  0.01962 0.546218 -0.932018
v  0.007568 0.531932 -0.94703
v  0.014916 0.535507 -0.944471
v  0.014956 0.486463 -0.915838
v  0.007387 0.480884 -0.917588
v  0.007568 0.531932 -0.94703
v  0.007387 0.480884 -0.917588
v  -0.001755 0.478674 -0.91764
v  -0.001503 0.530556 -0.947578
v  0.007568 0.531932 -0.94703
v  -0.001503 0.530556 -0.947578
v  -0.001296 0.586146 -0.962598
v  0.007242 0.586676 -0.961848
v  0.007568 0.531932 -0.94703
v  0.007242 0.586676 -0.961848
v  0.014141 0.588201 -0.958861
v  0.014916 0.535507 -0.944471
v  0.006139 0.554888 -0.914669
v  -0.001886 0.555372 -0.913073
v  -0.002168 0.51673 -0.886365
v  0.006461 0.515859 -0.888319
v  0.006139 0.554888 -0.914669
v  0.006461 0.515859 -0.888319
v  0.013842 0.51322 -0.892736
v  0.013027 0.553272 -0.918837
v  0.006139 0.554888 -0.914669
v  0.013027 0.553272 -0.918837
v  0.011953 0.596189 -0.93133
v  0.005621 0.597421 -0.92769
v  0.006139 0.554888 -0.914669
v  0.005621 0.597421 -0.92769
v  -0.001668 0.598022 -0.926553
v  -0.001886 0.555372 -0.913073
v  0.006334 0.639025 -0.955309
v  0.012474 0.639285 -0.952766
v  0.014141 0.588201 -0.958861
v  0.007242 0.586676 -0.961848
v  0.006334 0.639025 -0.955309
v  0.007242 0.586676 -0.961848
v  -0.001296 0.586146 -0.962598
v  -0.001225 0.638984 -0.955857
v  0.006334 0.639025 -0.955309
v  -0.001225 0.638984 -0.955857
v  -0.001211 0.679321 -0.939969
v  0.005683 0.678387 -0.940083
v  0.006334 0.639025 -0.955309
v  0.005683 0.678387 -0.940083
v  0.01033 0.667664 -0.942221
v  0.012474 0.639285 -0.952766
v  0.015782 0.639922 -0.94733
v  0.016569 0.640278 -0.940498
v  0.018413 0.593236 -0.945388
v  0.017771 0.590686 -0.952905
v  0.015782 0.639922 -0.94733
v  0.017771 0.590686 -0.952905
v  0.014141 0.588201 -0.958861
v  0.012474 0.639285 -0.952766
v  0.015782 0.639922 -0.94733
v  0.012474 0.639285 -0.952766
v  0.01033 0.667664 -0.942221
v  0.012141 0.677924 -0.935047
v  0.015782 0.639922 -0.94733
v  0.012141 0.677924 -0.935047
v  0.013005 0.677724 -0.928732
v  0.016569 0.640278 -0.940498
v  0.005528 0.640625 -0.924699
v  -0.001555 0.641636 -0.923511
v  -0.001668 0.598022 -0.926553
v  0.005621 0.597421 -0.92769
v  0.005528 0.640625 -0.924699
v  0.005621 0.597421 -0.92769
v  0.011953 0.596189 -0.93133
v  0.01148 0.639367 -0.928151
v  0.005528 0.640625 -0.924699
v  0.01148 0.639367 -0.928151
v  0.010175 0.665072 -0.922166
v  0.0058 0.67502 -0.917199
v  0.005528 0.640625 -0.924699
v  0.0058 0.67502 -0.917199
v  -0.001465 0.677013 -0.915619
v  -0.001555 0.641636 -0.923511
v  0.015148 0.639667 -0.93376
v  0.01148 0.639367 -0.928151
v  0.011953 0.596189 -0.93133
v  0.016345 0.594926 -0.937712
v  0.015148 0.639667 -0.93376
v  0.016345 0.594926 -0.937712
v  0.018413 0.593236 -0.945388
v  0.016569 0.640278 -0.940498
v  0.015148 0.639667 -0.93376
v  0.016569 0.640278 -0.940498
v  0.013005 0.677724 -0.928732
v  0.012371 0.674965 -0.923343
v  0.015148 0.639667 -0.93376
v  0.012371 0.674965 -0.923343
v  0.010175 0.665072 -0.922166
v  0.01148 0.639367 -0.928151
v  0.006074 0.694769 -0.929153
v  0.012141 0.677924 -0.935047
v  0.01033 0.667664 -0.942221
v  0.005683 0.678387 -0.940083
v  0.006074 0.694769 -0.929153
v  0.005683 0.678387 -0.940083
v  -0.001211 0.679321 -0.939969
v  -0.001227 0.697983 -0.927849
v  0.006074 0.694769 -0.929153
v  -0.001227 0.697983 -0.927849
v  -0.001286 0.701392 -0.919529
v  0.006584 0.696554 -0.921769
v  0.006074 0.694769 -0.929153
v  0.006584 0.696554 -0.921769
v  0.013005 0.677724 -0.928732
v  0.012141 0.677924 -0.935047
v  0.006327 0.691763 -0.916976
v  0.012371 0.674965 -0.923343
v  0.013005 0.677724 -0.928732
v  0.006584 0.696554 -0.921769
v  0.006327 0.691763 -0.916976
v  0.006584 0.696554 -0.921769
v  -0.001286 0.701392 -0.919529
v  -0.001366 0.695611 -0.914844
v  0.006327 0.691763 -0.916976
v  -0.001366 0.695611 -0.914844
v  -0.001465 0.677013 -0.915619
v  0.0058 0.67502 -0.917199
v  0.006327 0.691763 -0.916976
v  0.0058 0.67502 -0.917199
v  0.010175 0.665072 -0.922166
v  0.012371 0.674965 -0.923343
v  0.048932 -0.202557 0.848212
v  0.051023 -0.191843 0.822028
v  0.08783 -0.185436 0.821936
v  0.084588 -0.195522 0.848249
v  0.048932 -0.202557 0.848212
v  0.084588 -0.195522 0.848249
v  0.073918 -0.194556 0.863292
v  0.047501 -0.202146 0.866645
v  0.048932 -0.202557 0.848212
v  0.047501 -0.202146 0.866645
v  0 -0.202753 0.868822
v  0 -0.202302 0.850474
v  0.048932 -0.202557 0.848212
v  0 -0.202302 0.850474
v  0 -0.191038 0.82407
v  0.051023 -0.191843 0.822028
v  0.072366 -0.065693 0.809666
v  0.080355 -0.0823 0.80813
v  0.086597 -0.062388 0.769852
v  0.077353 -0.045636 0.771875
v  0.072366 -0.065693 0.809666
v  0.077353 -0.045636 0.771875
v  0.061907 -0.032228 0.774633
v  0.058318 -0.052703 0.811878
v  0.072366 -0.065693 0.809666
v  0.058318 -0.052703 0.811878
v  0.055083 -0.068587 0.853363
v  0.068711 -0.0813 0.851379
v  0.072366 -0.065693 0.809666
v  0.068711 -0.0813 0.851379
v  0.076455 -0.097622 0.849567
v  0.080355 -0.0823 0.80813
v  0.032181 -0.045913 0.816931
v  0.058318 -0.052703 0.811878
v  0.061907 -0.032228 0.774633
v  0.034055 -0.024358 0.780343
v  0.032181 -0.045913 0.816931
v  0.034055 -0.024358 0.780343
v  0 -0.021808 0.783936
v  0 -0.044068 0.820167
v  0.032181 -0.045913 0.816931
v  0 -0.044068 0.820167
v  0 -0.060553 0.859912
v  0.030325 -0.06218 0.857389
v  0.032181 -0.045913 0.816931
v  0.030325 -0.06218 0.857389
v  0.055083 -0.068587 0.853363
v  0.058318 -0.052703 0.811878
v  0.102177 -0.147894 0.790513
v  0.093104 -0.169899 0.782868
v  0.106907 -0.15919 0.741586
v  0.110652 -0.128589 0.75196
v  0.102177 -0.147894 0.790513
v  0.110652 -0.128589 0.75196
v  0.104172 -0.101598 0.760628
v  0.095751 -0.121008 0.799572
v  0.102177 -0.147894 0.790513
v  0.095751 -0.121008 0.799572
v  0.09012 -0.135734 0.839824
v  0.096202 -0.162997 0.829826
v  0.102177 -0.147894 0.790513
v  0.096202 -0.162997 0.829826
v  0.08783 -0.185436 0.821936
v  0.093104 -0.169899 0.782868
v  0.088314 -0.099941 0.805105
v  0.095751 -0.121008 0.799572
v  0.104172 -0.101598 0.760628
v  0.095845 -0.080286 0.766348
v  0.088314 -0.099941 0.805105
v  0.095845 -0.080286 0.766348
v  0.086597 -0.062388 0.769852
v  0.080355 -0.0823 0.80813
v  0.088314 -0.099941 0.805105
v  0.080355 -0.0823 0.80813
v  0.076455 -0.097622 0.849567
v  0.083565 -0.114854 0.84606
v  0.088314 -0.099941 0.805105
v  0.083565 -0.114854 0.84606
v  0.09012 -0.135734 0.839824
v  0.095751 -0.121008 0.799572
v  0.054048 -0.176324 0.781578
v  0.055573 -0.167722 0.752811
v  0.106907 -0.15919 0.741586
v  0.093104 -0.169899 0.782868
v  0.054048 -0.176324 0.781578
v  0.093104 -0.169899 0.782868
v  0.08783 -0.185436 0.821936
v  0.051023 -0.191843 0.822028
v  0.054048 -0.176324 0.781578
v  0.051023 -0.191843 0.822028
v  0 -0.191038 0.82407
v  0 -0.175642 0.782522
v  0.054048 -0.176324 0.781578
v  0 -0.175642 0.782522
v  0 -0.167284 0.752524
v  0.055573 -0.167722 0.752811
v  0.039097 -0.231704 0.735656
v  0 -0.236681 0.735981
v  0 -0.231483 0.703401
v  0.041281 -0.226561 0.703105
v  0.039097 -0.231704 0.735656
v  0.041281 -0.226561 0.703105
v  0.074345 -0.215765 0.705374
v  0.070435 -0.221753 0.737628
v  0.039097 -0.231704 0.735656
v  0.070435 -0.221753 0.737628
v  0.066708 -0.229834 0.769645
v  0.037054 -0.238742 0.768224
v  0.039097 -0.231704 0.735656
v  0.037054 -0.238742 0.768224
v  0 -0.243457 0.768736
v  0 -0.236681 0.735981
v  0.086252 -0.211809 0.744842
v  0.070435 -0.221753 0.737628
v  0.074345 -0.215765 0.705374
v  0.090973 -0.203065 0.713366
v  0.086252 -0.211809 0.744842
v  0.090973 -0.203065 0.713366
v  0.09933 -0.188993 0.7232
v  0.093798 -0.201494 0.75332
v  0.086252 -0.211809 0.744842
v  0.093798 -0.201494 0.75332
v  0.088184 -0.214287 0.783368
v  0.081561 -0.22197 0.775955
v  0.086252 -0.211809 0.744842
v  0.081561 -0.22197 0.775955
v  0.066708 -0.229834 0.769645
v  0.070435 -0.221753 0.737628
v  0.033742 -0.24392 0.845064
v  0.060925 -0.238694 0.833761
v  0.064933 -0.233353 0.84053
v  0.035853 -0.238696 0.852286
v  0.033742 -0.24392 0.845064
v  0.035853 -0.238696 0.852286
v  0 -0.240631 0.85472
v  0 -0.245954 0.847141
v  0.033742 -0.24392 0.845064
v  0 -0.245954 0.847141
v  0 -0.248867 0.830808
v  0.032719 -0.246432 0.829144
v  0.033742 -0.24392 0.845064
v  0.032719 -0.246432 0.829144
v  0.053149 -0.241172 0.822808
v  0.060925 -0.238694 0.833761
v  0.043807 -0.211862 0.821006
v  0.075864 -0.21335 0.819158
v  0.084086 -0.199081 0.790352
v  0.048639 -0.195962 0.790348
v  0.043807 -0.211862 0.821006
v  0.048639 -0.195962 0.790348
v  0 -0.195334 0.789781
v  0 -0.212018 0.82208
v  0.043807 -0.211862 0.821006
v  0 -0.212018 0.82208
v  0 -0.225599 0.847721
v  0.039728 -0.224474 0.845049
v  0.043807 -0.211862 0.821006
v  0.039728 -0.224474 0.845049
v  0.063156 -0.222041 0.836896
v  0.075864 -0.21335 0.819158
v  0.084423 -0.218438 0.817909
v  0.08047 -0.225062 0.814997
v  0.088184 -0.214287 0.783368
v  0.093146 -0.205923 0.788096
v  0.084423 -0.218438 0.817909
v  0.093146 -0.205923 0.788096
v  0.084086 -0.199081 0.790352
v  0.075864 -0.21335 0.819158
v  0.084423 -0.218438 0.817909
v  0.075864 -0.21335 0.819158
v  0.063156 -0.222041 0.836896
v  0.067933 -0.227547 0.842008
v  0.084423 -0.218438 0.817909
v  0.067933 -0.227547 0.842008
v  0.064933 -0.233353 0.84053
v  0.08047 -0.225062 0.814997
v  0.090524 0.019017 0.728736
v  0.100409 0.016827 0.723024
v  0.101896 0.031934 0.71683
v  0.094377 0.031564 0.721456
v  0.090524 0.019017 0.728736
v  0.094377 0.031564 0.721456
v  0.087888 0.035792 0.724206
v  0.082243 0.028944 0.730963
v  0.090524 0.019017 0.728736
v  0.082243 0.028944 0.730963
v  0.069457 0.018394 0.741207
v  0.085929 0.000679 0.738227
v  0.090524 0.019017 0.728736
v  0.085929 0.000679 0.738227
v  0.099955 -0.009727 0.730744
v  0.100409 0.016827 0.723024
v  0.109417 0.023903 0.716156
v  0.117346 0.037441 0.708988
v  0.114201 0.042169 0.708605
v  0.108374 0.035289 0.712681
v  0.109417 0.023903 0.716156
v  0.108374 0.035289 0.712681
v  0.101896 0.031934 0.71683
v  0.100409 0.016827 0.723024
v  0.109417 0.023903 0.716156
v  0.100409 0.016827 0.723024
v  0.099955 -0.009727 0.730744
v  0.113662 0.008333 0.71669
v  0.109417 0.023903 0.716156
v  0.113662 0.008333 0.71669
v  0.123877 0.02772 0.706213
v  0.117346 0.037441 0.708988
v  0.087271 0.081722 0.713022
v  0.079044 0.063804 0.720463
v  0.08545 0.058722 0.718361
v  0.091964 0.069118 0.712458
v  0.087271 0.081722 0.713022
v  0.091964 0.069118 0.712458
v  0.102353 0.074831 0.706827
v  0.1014 0.093135 0.706448
v  0.087271 0.081722 0.713022
v  0.1014 0.093135 0.706448
v  0.102139 0.123561 0.706354
v  0.075913 0.096314 0.716316
v  0.087271 0.081722 0.713022
v  0.075913 0.096314 0.716316
v  0.064603 0.07103 0.723852
v  0.079044 0.063804 0.720463
v  0.115775 0.088064 0.701024
v  0.1014 0.093135 0.706448
v  0.102353 0.074831 0.706827
v  0.113873 0.072655 0.702919
v  0.115775 0.088064 0.701024
v  0.113873 0.072655 0.702919
v  0.121136 0.064563 0.701629
v  0.125251 0.072568 0.698999
v  0.115775 0.088064 0.701024
v  0.125251 0.072568 0.698999
v  0.137948 0.080173 0.690086
v  0.124308 0.110147 0.696238
v  0.115775 0.088064 0.701024
v  0.124308 0.110147 0.696238
v  0.102139 0.123561 0.706354
v  0.1014 0.093135 0.706448
v  0.05828 -0.22836 0.586334
v  0 -0.234282 0.584705
v  0 -0.232426 0.56516
v  0.061546 -0.226471 0.567347
v  0.05828 -0.22836 0.586334
v  0.061546 -0.226471 0.567347
v  0.113413 -0.210612 0.575319
v  0.106612 -0.212823 0.592929
v  0.05828 -0.22836 0.586334
v  0.106612 -0.212823 0.592929
v  0.099822 -0.213789 0.608162
v  0.054834 -0.228823 0.603027
v  0.05828 -0.22836 0.586334
v  0.054834 -0.228823 0.603027
v  0 -0.23456 0.60199
v  0 -0.234282 0.584705
v  0.047175 0.107532 0.725479
v  0.075913 0.096314 0.716316
v  0.102139 0.123561 0.706354
v  0.062114 0.135098 0.719665
v  0.047175 0.107532 0.725479
v  0.062114 0.135098 0.719665
v  0 0.137425 0.722977
v  0 0.111835 0.72963
v  0.047175 0.107532 0.725479
v  0 0.111835 0.72963
v  0 0.08517 0.735268
v  0.03657 0.080219 0.731087
v  0.047175 0.107532 0.725479
v  0.03657 0.080219 0.731087
v  0.064603 0.07103 0.723852
v  0.075913 0.096314 0.716316
v  0.168921 -0.11939 0.642717
v  0.152761 -0.158967 0.623632
v  0.167185 -0.153775 0.609501
v  0.185305 -0.109971 0.628984
v  0.168921 -0.11939 0.642717
v  0.185305 -0.109971 0.628984
v  0.195184 -0.062632 0.645341
v  0.178155 -0.076177 0.659348
v  0.168921 -0.11939 0.642717
v  0.178155 -0.076177 0.659348
v  0.163266 -0.089174 0.671561
v  0.154735 -0.127749 0.654292
v  0.168921 -0.11939 0.642717
v  0.154735 -0.127749 0.654292
v  0.14025 -0.162808 0.635301
v  0.152761 -0.158967 0.623632
v  0.135049 -0.189902 0.606199
v  0.106612 -0.212823 0.592929
v  0.113413 -0.210612 0.575319
v  0.145924 -0.186851 0.590491
v  0.135049 -0.189902 0.606199
v  0.145924 -0.186851 0.590491
v  0.167185 -0.153775 0.609501
v  0.152761 -0.158967 0.623632
v  0.135049 -0.189902 0.606199
v  0.152761 -0.158967 0.623632
v  0.14025 -0.162808 0.635301
v  0.12512 -0.191636 0.619422
v  0.135049 -0.189902 0.606199
v  0.12512 -0.191636 0.619422
v  0.099822 -0.213789 0.608162
v  0.106612 -0.212823 0.592929
v  0.175087 -0.034336 0.669418
v  0.178155 -0.076177 0.659348
v  0.195184 -0.062632 0.645341
v  0.191725 -0.018952 0.654971
v  0.175087 -0.034336 0.669418
v  0.191725 -0.018952 0.654971
v  0.178607 0.019757 0.663245
v  0.163515 0.002721 0.677357
v  0.175087 -0.034336 0.669418
v  0.163515 0.002721 0.677357
v  0.150346 -0.014794 0.690183
v  0.160535 -0.0498 0.682271
v  0.175087 -0.034336 0.669418
v  0.160535 -0.0498 0.682271
v  0.163266 -0.089174 0.671561
v  0.178155 -0.076177 0.659348
v  0.147237 0.031581 0.687596
v  0.163515 0.002721 0.677357
v  0.178607 0.019757 0.663245
v  0.159338 0.05298 0.675654
v  0.147237 0.031581 0.687596
v  0.159338 0.05298 0.675654
v  0.137948 0.080173 0.690086
v  0.132111 0.049725 0.696986
v  0.147237 0.031581 0.687596
v  0.132111 0.049725 0.696986
v  0.123877 0.02772 0.706213
v  0.136502 0.010678 0.699054
v  0.147237 0.031581 0.687596
v  0.136502 0.010678 0.699054
v  0.150346 -0.014794 0.690183
v  0.163515 0.002721 0.677357
v  0.123999 0.054638 0.702378
v  0.125251 0.072568 0.698999
v  0.121136 0.064563 0.701629
v  0.119767 0.053115 0.704195
v  0.123999 0.054638 0.702378
v  0.119767 0.053115 0.704195
v  0.114201 0.042169 0.708605
v  0.117346 0.037441 0.708988
v  0.123999 0.054638 0.702378
v  0.117346 0.037441 0.708988
v  0.123877 0.02772 0.706213
v  0.132111 0.049725 0.696986
v  0.123999 0.054638 0.702378
v  0.132111 0.049725 0.696986
v  0.137948 0.080173 0.690086
v  0.125251 0.072568 0.698999
v  0.078052 0.045076 0.727374
v  0.082243 0.028944 0.730963
v  0.087888 0.035792 0.724206
v  0.084504 0.04623 0.722726
v  0.078052 0.045076 0.727374
v  0.084504 0.04623 0.722726
v  0.08545 0.058722 0.718361
v  0.079044 0.063804 0.720463
v  0.078052 0.045076 0.727374
v  0.079044 0.063804 0.720463
v  0.064603 0.07103 0.723852
v  0.063528 0.046564 0.732485
v  0.078052 0.045076 0.727374
v  0.063528 0.046564 0.732485
v  0.069457 0.018394 0.741207
v  0.082243 0.028944 0.730963
v  0.094794 0.06302 0.709763
v  0.102956 0.06667 0.704552
v  0.102353 0.074831 0.706827
v  0.091964 0.069118 0.712458
v  0.094794 0.06302 0.709763
v  0.091964 0.069118 0.712458
v  0.08545 0.058722 0.718361
v  0.08943 0.055965 0.715003
v  0.094794 0.06302 0.709763
v  0.08943 0.055965 0.715003
v  0.093681 0.053595 0.711013
v  0.097997 0.059685 0.7061
v  0.094794 0.06302 0.709763
v  0.097997 0.059685 0.7061
v  0.103071 0.062843 0.703211
v  0.102956 0.06667 0.704552
v  0.088604 0.046879 0.718143
v  0.08943 0.055965 0.715003
v  0.08545 0.058722 0.718361
v  0.084504 0.04623 0.722726
v  0.088604 0.046879 0.718143
v  0.084504 0.04623 0.722726
v  0.087888 0.035792 0.724206
v  0.091268 0.039373 0.718647
v  0.088604 0.046879 0.718143
v  0.091268 0.039373 0.718647
v  0.09353 0.041594 0.714908
v  0.092604 0.046417 0.71373
v  0.088604 0.046879 0.718143
v  0.092604 0.046417 0.71373
v  0.093681 0.053595 0.711013
v  0.08943 0.055965 0.715003
v  0.116299 0.051965 0.702869
v  0.111733 0.044234 0.706293
v  0.114201 0.042169 0.708605
v  0.119767 0.053115 0.704195
v  0.116299 0.051965 0.702869
v  0.119767 0.053115 0.704195
v  0.121136 0.064563 0.701629
v  0.117521 0.060058 0.700658
v  0.116299 0.051965 0.702869
v  0.117521 0.060058 0.700658
v  0.113316 0.057885 0.700172
v  0.111861 0.052377 0.701432
v  0.116299 0.051965 0.702869
v  0.111861 0.052377 0.701432
v  0.107961 0.04596 0.704836
v  0.111733 0.044234 0.706293
v  0.107208 0.039932 0.709151
v  0.102246 0.03792 0.712145
v  0.101896 0.031934 0.71683
v  0.108374 0.035289 0.712681
v  0.107208 0.039932 0.709151
v  0.108374 0.035289 0.712681
v  0.114201 0.042169 0.708605
v  0.111733 0.044234 0.706293
v  0.107208 0.039932 0.709151
v  0.111733 0.044234 0.706293
v  0.107961 0.04596 0.704836
v  0.10448 0.041645 0.707481
v  0.107208 0.039932 0.709151
v  0.10448 0.041645 0.707481
v  0.101621 0.039599 0.71024
v  0.102246 0.03792 0.712145
v  0.096374 0.03706 0.715979
v  0.091268 0.039373 0.718647
v  0.087888 0.035792 0.724206
v  0.094377 0.031564 0.721456
v  0.096374 0.03706 0.715979
v  0.094377 0.031564 0.721456
v  0.101896 0.031934 0.71683
v  0.102246 0.03792 0.712145
v  0.096374 0.03706 0.715979
v  0.102246 0.03792 0.712145
v  0.101621 0.039599 0.71024
v  0.097504 0.039841 0.712095
v  0.096374 0.03706 0.715979
v  0.097504 0.039841 0.712095
v  0.09353 0.041594 0.714908
v  0.091268 0.039373 0.718647
v  0.111887 0.06537 0.701396
v  0.117521 0.060058 0.700658
v  0.121136 0.064563 0.701629
v  0.113873 0.072655 0.702919
v  0.111887 0.06537 0.701396
v  0.113873 0.072655 0.702919
v  0.102353 0.074831 0.706827
v  0.102956 0.06667 0.704552
v  0.111887 0.06537 0.701396
v  0.102956 0.06667 0.704552
v  0.103071 0.062843 0.703211
v  0.108848 0.06105 0.700106
v  0.111887 0.06537 0.701396
v  0.108848 0.06105 0.700106
v  0.113316 0.057885 0.700172
v  0.117521 0.060058 0.700658
v  0.098754 0.04424 0.709592
v  0.097504 0.039841 0.712095
v  0.101621 0.039599 0.71024
v  0.10448 0.041645 0.707481
v  0.098754 0.04424 0.709592
v  0.10448 0.041645 0.707481
v  0.107961 0.04596 0.704836
v  0.100901 0.04967 0.707017
v  0.098754 0.04424 0.709592
v  0.100901 0.04967 0.707017
v  0.093681 0.053595 0.711013
v  0.092604 0.046417 0.71373
v  0.098754 0.04424 0.709592
v  0.092604 0.046417 0.71373
v  0.09353 0.041594 0.714908
v  0.097504 0.039841 0.712095
v  0.104723 0.055544 0.702916
v  0.100901 0.04967 0.707017
v  0.107961 0.04596 0.704836
v  0.111861 0.052377 0.701432
v  0.104723 0.055544 0.702916
v  0.111861 0.052377 0.701432
v  0.113316 0.057885 0.700172
v  0.108848 0.06105 0.700106
v  0.104723 0.055544 0.702916
v  0.108848 0.06105 0.700106
v  0.103071 0.062843 0.703211
v  0.097997 0.059685 0.7061
v  0.104723 0.055544 0.702916
v  0.097997 0.059685 0.7061
v  0.093681 0.053595 0.711013
v  0.100901 0.04967 0.707017
v  0.150224 0.102699 -0.831649
v  0.126642 0.080202 -0.837757
v  0.100904 0.122842 -0.848464
v  0.120399 0.152204 -0.842128
v  0.150224 0.102699 -0.831649
v  0.120399 0.152204 -0.842128
v  0.151815 0.188445 -0.82046
v  0.183216 0.118146 -0.806866
v  0.150224 0.102699 -0.831649
v  0.183216 0.118146 -0.806866
v  0.19833 0.047981 -0.792164
v  0.167302 0.038655 -0.814871
v  0.150224 0.102699 -0.831649
v  0.167302 0.038655 -0.814871
v  0.142828 0.022911 -0.820842
v  0.126642 0.080202 -0.837757
v  0.105394 -0.005057 -0.755203
v  0.11293 -0.04411 -0.687667
v  0.091965 -0.029881 -0.687537
v  0.084257 0.017538 -0.764416
v  0.105394 -0.005057 -0.755203
v  0.084257 0.017538 -0.764416
v  0.082073 0.057884 -0.820129
v  0.102329 0.029125 -0.808085
v  0.105394 -0.005057 -0.755203
v  0.102329 0.029125 -0.808085
v  0.113119 -0.015067 -0.790799
v  0.114346 -0.041751 -0.741972
v  0.105394 -0.005057 -0.755203
v  0.114346 -0.041751 -0.741972
v  0.120531 -0.072971 -0.68879
v  0.11293 -0.04411 -0.687667
v  0.176448 -0.081887 -0.507034
v  0.218399 -0.03979 -0.47541
v  0.225787 -0.002246 -0.436745
v  0.188171 -0.052676 -0.465283
v  0.176448 -0.081887 -0.507034
v  0.188171 -0.052676 -0.465283
v  0.1242 -0.110861 -0.4963
v  0.136849 -0.109996 -0.548428
v  0.176448 -0.081887 -0.507034
v  0.136849 -0.109996 -0.548428
v  0.140935 -0.127921 -0.580485
v  0.17499 -0.117572 -0.538658
v  0.176448 -0.081887 -0.507034
v  0.17499 -0.117572 -0.538658
v  0.217443 -0.087343 -0.510455
v  0.218399 -0.03979 -0.47541
v  0.278421 0.094038 -0.590304
v  0.268468 0.113046 -0.682081
v  0.255425 0.185177 -0.679758
v  0.268788 0.163479 -0.582902
v  0.278421 0.094038 -0.590304
v  0.268788 0.163479 -0.582902
v  0.265249 0.124721 -0.471388
v  0.266748 0.05864 -0.507394
v  0.278421 0.094038 -0.590304
v  0.266748 0.05864 -0.507394
v  0.269806 -0.008543 -0.526148
v  0.281792 0.022416 -0.604139
v  0.278421 0.094038 -0.590304
v  0.281792 0.022416 -0.604139
v  0.270972 0.03608 -0.684449
v  0.268468 0.113046 -0.682081
v  0.110272 0.056382 -0.832679
v  0.102329 0.029125 -0.808085
v  0.082073 0.057884 -0.820129
v  0.088062 0.092144 -0.844384
v  0.110272 0.056382 -0.832679
v  0.088062 0.092144 -0.844384
v  0.100904 0.122842 -0.848464
v  0.126642 0.080202 -0.837757
v  0.110272 0.056382 -0.832679
v  0.126642 0.080202 -0.837757
v  0.142828 0.022911 -0.820842
v  0.123634 0.005881 -0.814905
v  0.110272 0.056382 -0.832679
v  0.123634 0.005881 -0.814905
v  0.113119 -0.015067 -0.790799
v  0.102329 0.029125 -0.808085
v  0.246463 0.007607 -0.467729
v  0.266748 0.05864 -0.507394
v  0.265249 0.124721 -0.471388
v  0.250482 0.053326 -0.43552
v  0.246463 0.007607 -0.467729
v  0.250482 0.053326 -0.43552
v  0.225787 -0.002246 -0.436745
v  0.218399 -0.03979 -0.47541
v  0.246463 0.007607 -0.467729
v  0.218399 -0.03979 -0.47541
v  0.217443 -0.087343 -0.510455
v  0.248768 -0.051766 -0.494564
v  0.246463 0.007607 -0.467729
v  0.248768 -0.051766 -0.494564
v  0.269806 -0.008543 -0.526148
v  0.266748 0.05864 -0.507394
v  0.120434 -0.08797 -0.61561
v  0.136849 -0.109996 -0.548428
v  0.1242 -0.110861 -0.4963
v  0.099448 -0.08171 -0.60111
v  0.120434 -0.08797 -0.61561
v  0.099448 -0.08171 -0.60111
v  0.091965 -0.029881 -0.687537
v  0.11293 -0.04411 -0.687667
v  0.120434 -0.08797 -0.61561
v  0.11293 -0.04411 -0.687667
v  0.120531 -0.072971 -0.68879
v  0.126555 -0.107575 -0.632478
v  0.120434 -0.08797 -0.61561
v  0.126555 -0.107575 -0.632478
v  0.140935 -0.127921 -0.580485
v  0.136849 -0.109996 -0.548428
v  0.227743 0.120928 -0.756153
v  0.183216 0.118146 -0.806866
v  0.151815 0.188445 -0.82046
v  0.211867 0.190832 -0.758573
v  0.227743 0.120928 -0.756153
v  0.211867 0.190832 -0.758573
v  0.255425 0.185177 -0.679758
v  0.268468 0.113046 -0.682081
v  0.227743 0.120928 -0.756153
v  0.268468 0.113046 -0.682081
v  0.270972 0.03608 -0.684449
v  0.237293 0.045856 -0.747931
v  0.227743 0.120928 -0.756153
v  0.237293 0.045856 -0.747931
v  0.19833 0.047981 -0.792164
v  0.183216 0.118146 -0.806866
v  0.241184 -0.091981 0.088111
v  0.203071 -0.098721 0.047897
v  0.218006 -0.028958 0.014901
v  0.240234 -0.022195 0.096749
v  0.241184 -0.091981 0.088111
v  0.240234 -0.022195 0.096749
v  0.236801 -0.019102 0.16948
v  0.247362 -0.088379 0.147286
v  0.241184 -0.091981 0.088111
v  0.247362 -0.088379 0.147286
v  0.234258 -0.146504 0.131597
v  0.227836 -0.148425 0.088267
v  0.241184 -0.091981 0.088111
v  0.227836 -0.148425 0.088267
v  0.198664 -0.151204 0.058314
v  0.203071 -0.098721 0.047897
v  0.01236 -0.170531 0.210091
v  0.019752 -0.173149 0.280833
v  0 -0.180667 0.279138
v  0 -0.174512 0.209513
v  0.01236 -0.170531 0.210091
v  0 -0.174512 0.209513
v  0 -0.163471 0.150119
v  0.011469 -0.160645 0.149617
v  0.01236 -0.170531 0.210091
v  0.011469 -0.160645 0.149617
v  0.024518 -0.157544 0.147484
v  0.026374 -0.163186 0.207764
v  0.01236 -0.170531 0.210091
v  0.026374 -0.163186 0.207764
v  0.048826 -0.141268 0.285284
v  0.019752 -0.173149 0.280833
v  0.04683 0.324312 0.367636
v  0.042807 0.291625 0.424871
v  0.08338 0.274861 0.424238
v  0.088153 0.307954 0.363803
v  0.04683 0.324312 0.367636
v  0.088153 0.307954 0.363803
v  0.104462 0.349571 0.303655
v  0.055504 0.367587 0.30784
v  0.04683 0.324312 0.367636
v  0.055504 0.367587 0.30784
v  0 0.375819 0.309143
v  0 0.331867 0.368859
v  0.04683 0.324312 0.367636
v  0 0.331867 0.368859
v  0 0.299148 0.425727
v  0.042807 0.291625 0.424871
v  0.251466 0.193113 0.180473
v  0.263764 0.205606 0.090133
v  0.252602 0.268287 0.10719
v  0.236443 0.253329 0.19854
v  0.251466 0.193113 0.180473
v  0.236443 0.253329 0.19854
v  0.213733 0.234104 0.267762
v  0.232616 0.179586 0.251381
v  0.251466 0.193113 0.180473
v  0.232616 0.179586 0.251381
v  0.242677 0.116036 0.228649
v  0.256565 0.124487 0.15592
v  0.251466 0.193113 0.180473
v  0.256565 0.124487 0.15592
v  0.264384 0.134973 0.066925
v  0.263764 0.205606 0.090133
v  0.248035 0.051293 0.12343
v  0.25169 0.057999 0.036703
v  0.264384 0.134973 0.066925
v  0.256565 0.124487 0.15592
v  0.248035 0.051293 0.12343
v  0.256565 0.124487 0.15592
v  0.242677 0.116036 0.228649
v  0.238071 0.04882 0.198218
v  0.248035 0.051293 0.12343
v  0.238071 0.04882 0.198218
v  0.236801 -0.019102 0.16948
v  0.240234 -0.022195 0.096749
v  0.248035 0.051293 0.12343
v  0.240234 -0.022195 0.096749
v  0.218006 -0.028958 0.014901
v  0.25169 0.057999 0.036703
v  0.043678 -0.157484 0.198115
v  0.067404 -0.138958 0.244354
v  0.048826 -0.141268 0.285284
v  0.026374 -0.163186 0.207764
v  0.043678 -0.157484 0.198115
v  0.026374 -0.163186 0.207764
v  0.024518 -0.157544 0.147484
v  0.040726 -0.159547 0.143096
v  0.043678 -0.157484 0.198115
v  0.040726 -0.159547 0.143096
v  0.059578 -0.171031 0.135147
v  0.062986 -0.167523 0.17794
v  0.043678 -0.157484 0.198115
v  0.062986 -0.167523 0.17794
v  0.084055 -0.157985 0.212107
v  0.067404 -0.138958 0.244354
v  0.189252 -0.384504 0.11148
v  0.181271 -0.384847 0.097627
v  0.175252 -0.356871 0.098455
v  0.182474 -0.35628 0.110671
v  0.189252 -0.384504 0.11148
v  0.182474 -0.35628 0.110671
v  0.180704 -0.355984 0.12893
v  0.186371 -0.384303 0.132922
v  0.189252 -0.384504 0.11148
v  0.186371 -0.384303 0.132922
v  0.172674 -0.395379 0.134858
v  0.17552 -0.395354 0.117621
v  0.189252 -0.384504 0.11148
v  0.17552 -0.395354 0.117621
v  0.171576 -0.392966 0.107879
v  0.181271 -0.384847 0.097627
v  0.082972 -0.192691 0.155688
v  0.100001 -0.187668 0.181266
v  0.084055 -0.157985 0.212107
v  0.062986 -0.167523 0.17794
v  0.082972 -0.192691 0.155688
v  0.062986 -0.167523 0.17794
v  0.059578 -0.171031 0.135147
v  0.080555 -0.196374 0.122331
v  0.082972 -0.192691 0.155688
v  0.080555 -0.196374 0.122331
v  0.098898 -0.239134 0.1138
v  0.10029 -0.235353 0.140735
v  0.082972 -0.192691 0.155688
v  0.10029 -0.235353 0.140735
v  0.112899 -0.230834 0.161173
v  0.100001 -0.187668 0.181266
v  0.21064 -0.185934 0.086268
v  0.191631 -0.187903 0.061975
v  0.198664 -0.151204 0.058314
v  0.227836 -0.148425 0.088267
v  0.21064 -0.185934 0.086268
v  0.227836 -0.148425 0.088267
v  0.234258 -0.146504 0.131597
v  0.214032 -0.185234 0.119704
v  0.21064 -0.185934 0.086268
v  0.214032 -0.185234 0.119704
v  0.198715 -0.22654 0.115154
v  0.198461 -0.227271 0.087529
v  0.21064 -0.185934 0.086268
v  0.198461 -0.227271 0.087529
v  0.184882 -0.229285 0.066709
v  0.191631 -0.187903 0.061975
v  0.150307 -0.398083 0.12152
v  0.153926 -0.396698 0.106473
v  0.171576 -0.392966 0.107879
v  0.17552 -0.395354 0.117621
v  0.150307 -0.398083 0.12152
v  0.17552 -0.395354 0.117621
v  0.172674 -0.395379 0.134858
v  0.147524 -0.397899 0.135194
v  0.150307 -0.398083 0.12152
v  0.147524 -0.397899 0.135194
v  0.121496 -0.398316 0.133642
v  0.125265 -0.398883 0.115892
v  0.150307 -0.398083 0.12152
v  0.125265 -0.398883 0.115892
v  0.134371 -0.395919 0.106531
v  0.153926 -0.396698 0.106473
v  0.112158 -0.387339 0.154807
v  0.124635 -0.38556 0.172906
v  0.127947 -0.357629 0.161392
v  0.118199 -0.359625 0.146689
v  0.112158 -0.387339 0.154807
v  0.118199 -0.359625 0.146689
v  0.115562 -0.361338 0.127863
v  0.10814 -0.388913 0.131841
v  0.112158 -0.387339 0.154807
v  0.10814 -0.388913 0.131841
v  0.121496 -0.398316 0.133642
v  0.12386 -0.397188 0.154276
v  0.112158 -0.387339 0.154807
v  0.12386 -0.397188 0.154276
v  0.130298 -0.393676 0.16776
v  0.124635 -0.38556 0.172906
v  0.215585 0.301136 0.211208
v  0.233671 0.321426 0.118943
v  0.207952 0.365984 0.126951
v  0.189536 0.338404 0.221132
v  0.215585 0.301136 0.211208
v  0.189536 0.338404 0.221132
v  0.167404 0.303545 0.287577
v  0.191952 0.273763 0.278955
v  0.215585 0.301136 0.211208
v  0.191952 0.273763 0.278955
v  0.213733 0.234104 0.267762
v  0.236443 0.253329 0.19854
v  0.215585 0.301136 0.211208
v  0.236443 0.253329 0.19854
v  0.252602 0.268287 0.10719
v  0.233671 0.321426 0.118943
v  0.158899 0.367114 0.230925
v  0.176423 0.401258 0.133769
v  0.132794 0.430423 0.138759
v  0.118451 0.390606 0.238382
v  0.158899 0.367114 0.230925
v  0.118451 0.390606 0.238382
v  0.104462 0.349571 0.303655
v  0.140037 0.32851 0.296343
v  0.158899 0.367114 0.230925
v  0.140037 0.32851 0.296343
v  0.167404 0.303545 0.287577
v  0.189536 0.338404 0.221132
v  0.158899 0.367114 0.230925
v  0.189536 0.338404 0.221132
v  0.207952 0.365984 0.126951
v  0.176423 0.401258 0.133769
v  -0.046617 0.105136 -0.850265
v  -0.05525 0.144615 -0.854973
v  -0.000512 0.150037 -0.85669
v  -0.003126 0.104708 -0.849753
v  -0.046617 0.105136 -0.850265
v  -0.003126 0.104708 -0.849753
v  -0.007294 0.057633 -0.825067
v  -0.040686 0.062805 -0.826749
v  -0.046617 0.105136 -0.850265
v  -0.040686 0.062805 -0.826749
v  -0.082073 0.057884 -0.820129
v  -0.088062 0.092144 -0.844384
v  -0.046617 0.105136 -0.850265
v  -0.088062 0.092144 -0.844384
v  -0.100904 0.122842 -0.848464
v  -0.05525 0.144615 -0.854973
v  -0.216056 -0.074107 0.212288
v  -0.204512 -0.008618 0.241883
v  -0.236801 -0.019102 0.16948
v  -0.247362 -0.088379 0.147286
v  -0.216056 -0.074107 0.212288
v  -0.247362 -0.088379 0.147286
v  -0.234258 -0.146504 0.131597
v  -0.21759 -0.136863 0.182073
v  -0.216056 -0.074107 0.212288
v  -0.21759 -0.136863 0.182073
v  -0.179941 -0.129517 0.220168
v  -0.170015 -0.069941 0.257379
v  -0.216056 -0.074107 0.212288
v  -0.170015 -0.069941 0.257379
v  -0.169748 -0.014013 0.305486
v  -0.204512 -0.008618 0.241883
v  -0.232651 0.162175 0.702243
v  -0.223249 0.141894 0.664863
v  -0.195259 0.17334 0.663035
v  -0.210126 0.181968 0.698927
v  -0.232651 0.162175 0.702243
v  -0.210126 0.181968 0.698927
v  -0.222352 0.180766 0.737664
v  -0.240004 0.166855 0.738526
v  -0.232651 0.162175 0.702243
v  -0.240004 0.166855 0.738526
v  -0.253611 0.148204 0.754022
v  -0.257652 0.122751 0.732372
v  -0.232651 0.162175 0.702243
v  -0.257652 0.122751 0.732372
v  -0.253376 0.088627 0.70347
v  -0.223249 0.141894 0.664863
v  -0.039849 0.012705 -0.770827
v  -0.01067 0.003229 -0.770351
v  -0.010055 -0.056115 -0.691872
v  -0.044692 -0.044251 -0.690503
v  -0.039849 0.012705 -0.770827
v  -0.044692 -0.044251 -0.690503
v  -0.091965 -0.029881 -0.687537
v  -0.084257 0.017538 -0.764416
v  -0.039849 0.012705 -0.770827
v  -0.084257 0.017538 -0.764416
v  -0.082073 0.057884 -0.820129
v  -0.040686 0.062805 -0.826749
v  -0.039849 0.012705 -0.770827
v  -0.040686 0.062805 -0.826749
v  -0.007294 0.057633 -0.825067
v  -0.01067 0.003229 -0.770351
v  -0.182787 -0.03201 -0.777611
v  -0.167302 0.038655 -0.814871
v  -0.142828 0.022911 -0.820842
v  -0.161092 -0.039684 -0.782693
v  -0.182787 -0.03201 -0.777611
v  -0.161092 -0.039684 -0.782693
v  -0.174204 -0.092162 -0.750839
v  -0.192566 -0.090597 -0.746305
v  -0.182787 -0.03201 -0.777611
v  -0.192566 -0.090597 -0.746305
v  -0.210192 -0.091908 -0.736368
v  -0.206866 -0.029116 -0.761588
v  -0.182787 -0.03201 -0.777611
v  -0.206866 -0.029116 -0.761588
v  -0.19833 0.047981 -0.792164
v  -0.167302 0.038655 -0.814871
v  -0.078786 -0.168458 -0.406275
v  0 -0.18456 -0.41178
v  0 -0.192068 -0.29823
v  -0.081965 -0.178288 -0.292605
v  -0.078786 -0.168458 -0.406275
v  -0.081965 -0.178288 -0.292605
v  -0.156176 -0.142064 -0.279012
v  -0.15096 -0.126378 -0.393257
v  -0.078786 -0.168458 -0.406275
v  -0.15096 -0.126378 -0.393257
v  -0.1242 -0.110861 -0.4963
v  -0.059431 -0.148391 -0.498235
v  -0.078786 -0.168458 -0.406275
v  -0.059431 -0.148391 -0.498235
v  -0.003207 -0.161996 -0.506436
v  0 -0.18456 -0.41178
v  -0.207999 -0.06924 -0.375294
v  -0.24797 -0.008037 -0.355027
v  -0.225787 -0.002246 -0.436745
v  -0.188171 -0.052676 -0.465283
v  -0.207999 -0.06924 -0.375294
v  -0.188171 -0.052676 -0.465283
v  -0.1242 -0.110861 -0.4963
v  -0.15096 -0.126378 -0.393257
v  -0.207999 -0.06924 -0.375294
v  -0.15096 -0.126378 -0.393257
v  -0.156176 -0.142064 -0.279012
v  -0.214882 -0.088515 -0.260733
v  -0.207999 -0.06924 -0.375294
v  -0.214882 -0.088515 -0.260733
v  -0.2597 -0.019631 -0.241949
v  -0.24797 -0.008037 -0.355027
v  -0.0578 -0.177426 -0.151711
v  0 -0.187167 -0.155474
v  0 -0.177295 -0.018908
v  -0.028402 -0.171083 -0.018239
v  -0.0578 -0.177426 -0.151711
v  -0.028402 -0.171083 -0.018239
v  -0.062282 -0.151789 -0.005558
v  -0.118116 -0.146298 -0.142319
v  -0.0578 -0.177426 -0.151711
v  -0.118116 -0.146298 -0.142319
v  -0.156176 -0.142064 -0.279012
v  -0.081965 -0.178288 -0.292605
v  -0.0578 -0.177426 -0.151711
v  -0.081965 -0.178288 -0.292605
v  0 -0.192068 -0.29823
v  0 -0.187167 -0.155474
v  -0.183465 -0.091879 -0.129195
v  -0.239949 -0.020575 -0.111729
v  -0.2597 -0.019631 -0.241949
v  -0.214882 -0.088515 -0.260733
v  -0.183465 -0.091879 -0.129195
v  -0.214882 -0.088515 -0.260733
v  -0.156176 -0.142064 -0.279012
v  -0.118116 -0.146298 -0.142319
v  -0.183465 -0.091879 -0.129195
v  -0.118116 -0.146298 -0.142319
v  -0.062282 -0.151789 -0.005558
v  -0.14611 -0.099072 -0.019186
v  -0.183465 -0.091879 -0.129195
v  -0.14611 -0.099072 -0.019186
v  -0.218006 -0.028958 0.014901
v  -0.239949 -0.020575 -0.111729
v  -0.014887 -0.165845 0.075706
v  0 -0.169894 0.07607
v  0 -0.163471 0.150119
v  -0.011469 -0.160645 0.149617
v  -0.014887 -0.165845 0.075706
v  -0.011469 -0.160645 0.149617
v  -0.024518 -0.157544 0.147484
v  -0.030204 -0.160778 0.077827
v  -0.014887 -0.165845 0.075706
v  -0.030204 -0.160778 0.077827
v  -0.062282 -0.151789 -0.005558
v  -0.028402 -0.171083 -0.018239
v  -0.014887 -0.165845 0.075706
v  -0.028402 -0.171083 -0.018239
v  0 -0.177295 -0.018908
v  0 -0.169894 0.07607
v  -0.051387 -0.229286 0.61972
v  -0.054834 -0.228823 0.603027
v  0 -0.23456 0.60199
v  0 -0.234838 0.619276
v  -0.051387 -0.229286 0.61972
v  0 -0.234838 0.619276
v  0 -0.234241 0.640637
v  -0.047913 -0.228898 0.640616
v  -0.051387 -0.229286 0.61972
v  -0.047913 -0.228898 0.640616
v  -0.08635 -0.215187 0.643219
v  -0.093032 -0.214755 0.623395
v  -0.051387 -0.229286 0.61972
v  -0.093032 -0.214755 0.623395
v  -0.099822 -0.213789 0.608162
v  -0.054834 -0.228823 0.603027
v  -0.066431 -0.211207 0.487347
v  -0.064696 -0.206935 0.456528
v  0 -0.211585 0.454853
v  0 -0.216178 0.484881
v  -0.066431 -0.211207 0.487347
v  0 -0.216178 0.484881
v  0 -0.221305 0.513882
v  -0.066306 -0.216018 0.516728
v  -0.066431 -0.211207 0.487347
v  -0.066306 -0.216018 0.516728
v  -0.12508 -0.200343 0.526614
v  -0.125953 -0.195523 0.497082
v  -0.066431 -0.211207 0.487347
v  -0.125953 -0.195523 0.497082
v  -0.123349 -0.191207 0.46555
v  -0.064696 -0.206935 0.456528
v  -0.034376 -0.244179 0.801459
v  -0.037054 -0.238742 0.768224
v  0 -0.243457 0.768736
v  0 -0.247777 0.802509
v  -0.034376 -0.244179 0.801459
v  0 -0.247777 0.802509
v  0 -0.248867 0.830808
v  -0.032719 -0.246432 0.829144
v  -0.034376 -0.244179 0.801459
v  -0.032719 -0.246432 0.829144
v  -0.053149 -0.241172 0.822808
v  -0.061718 -0.237325 0.802084
v  -0.034376 -0.244179 0.801459
v  -0.061718 -0.237325 0.802084
v  -0.066708 -0.229834 0.769645
v  -0.037054 -0.238742 0.768224
v  -0.068352 -0.091397 0.884684
v  -0.068711 -0.0813 0.851379
v  -0.076455 -0.097622 0.849567
v  -0.077399 -0.107965 0.882192
v  -0.068352 -0.091397 0.884684
v  -0.077399 -0.107965 0.882192
v  -0.069827 -0.114442 0.9042
v  -0.060613 -0.096674 0.907305
v  -0.068352 -0.091397 0.884684
v  -0.060613 -0.096674 0.907305
v  -0.04932 -0.084818 0.903184
v  -0.053406 -0.078391 0.886657
v  -0.068352 -0.091397 0.884684
v  -0.053406 -0.078391 0.886657
v  -0.055083 -0.068587 0.853363
v  -0.068711 -0.0813 0.851379
v  -0.060359 0.518925 -0.727177
v  -0.113122 0.495725 -0.729637
v  -0.141828 0.513163 -0.672756
v  -0.077045 0.543319 -0.673929
v  -0.060359 0.518925 -0.727177
v  -0.077045 0.543319 -0.673929
v  -0.00366 0.55649 -0.674799
v  -0.003469 0.528023 -0.726625
v  -0.060359 0.518925 -0.727177
v  -0.003469 0.528023 -0.726625
v  -0.003238 0.503332 -0.760484
v  -0.041004 0.497354 -0.761348
v  -0.060359 0.518925 -0.727177
v  -0.041004 0.497354 -0.761348
v  -0.079411 0.479876 -0.765471
v  -0.113122 0.495725 -0.729637
v  -0.097882 0.58129 -0.339574
v  -0.180469 0.536642 -0.34249
v  -0.17781 0.509833 -0.196014
v  -0.095912 0.550461 -0.187012
v  -0.097882 0.58129 -0.339574
v  -0.095912 0.550461 -0.187012
v  -0.00213 0.568162 -0.180856
v  -0.00264 0.600736 -0.337151
v  -0.097882 0.58129 -0.339574
v  -0.00264 0.600736 -0.337151
v  -0.003101 0.609649 -0.481367
v  -0.093793 0.589333 -0.476901
v  -0.097882 0.58129 -0.339574
v  -0.093793 0.589333 -0.476901
v  -0.172237 0.543553 -0.469529
v  -0.180469 0.536642 -0.34249
v  -0.084172 0.513471 -0.022975
v  -0.157133 0.47706 -0.027158
v  -0.132794 0.430687 0.138601
v  -0.070769 0.456536 0.141349
v  -0.084172 0.513471 -0.022975
v  -0.070769 0.456536 0.141349
v  -0.000339 0.468082 0.142482
v  -0.001357 0.52964 -0.019783
v  -0.084172 0.513471 -0.022975
v  -0.001357 0.52964 -0.019783
v  -0.00213 0.568162 -0.180856
v  -0.095912 0.550461 -0.187012
v  -0.084172 0.513471 -0.022975
v  -0.095912 0.550461 -0.187012
v  -0.17781 0.509833 -0.196014
v  -0.157133 0.47706 -0.027158
v  -0.062974 0.411585 0.241688
v  -0.118451 0.390678 0.238339
v  -0.104462 0.349571 0.303655
v  -0.055504 0.367587 0.30784
v  -0.062974 0.411585 0.241688
v  -0.055504 0.367587 0.30784
v  0 0.375819 0.309143
v  0 0.421263 0.24241
v  -0.062974 0.411585 0.241688
v  0 0.421263 0.24241
v  -0.000339 0.468082 0.142482
v  -0.070769 0.456536 0.141349
v  -0.062974 0.411585 0.241688
v  -0.070769 0.456536 0.141349
v  -0.132794 0.430687 0.138601
v  -0.118451 0.390678 0.238339
v  -0.078295 0.20054 0.685281
v  -0.067496 0.219028 0.66151
v  -0.119403 0.181591 0.675037
v  -0.12321 0.170962 0.684377
v  -0.078295 0.20054 0.685281
v  -0.12321 0.170962 0.684377
v  -0.145265 0.150857 0.685455
v  -0.082916 0.182477 0.700133
v  -0.078295 0.20054 0.685281
v  -0.082916 0.182477 0.700133
v  0 0.183318 0.698282
v  0 0.207192 0.677372
v  -0.078295 0.20054 0.685281
v  0 0.207192 0.677372
v  0 0.23009 0.65218
v  -0.067496 0.219028 0.66151
v  -0.035212 0.053843 0.738459
v  -0.03657 0.080219 0.731087
v  -0.064603 0.07103 0.723852
v  -0.063528 0.046564 0.732485
v  -0.035212 0.053843 0.738459
v  -0.063528 0.046564 0.732485
v  -0.069457 0.018394 0.741207
v  -0.035859 0.027517 0.747487
v  -0.035212 0.053843 0.738459
v  -0.035859 0.027517 0.747487
v  0 0.032238 0.750025
v  0 0.05893 0.741662
v  -0.035212 0.053843 0.738459
v  0 0.05893 0.741662
v  0 0.08517 0.735268
v  -0.03657 0.080219 0.731087
v  -0.037462 -0.232817 0.853879
v  -0.039728 -0.224474 0.845049
v  -0.063156 -0.222041 0.836896
v  -0.067933 -0.227547 0.842008
v  -0.037462 -0.232817 0.853879
v  -0.067933 -0.227547 0.842008
v  -0.064933 -0.233353 0.84053
v  -0.035853 -0.238696 0.852286
v  -0.037462 -0.232817 0.853879
v  -0.035853 -0.238696 0.852286
v  0 -0.240631 0.85472
v  0 -0.234491 0.856757
v  -0.037462 -0.232817 0.853879
v  0 -0.234491 0.856757
v  0 -0.225599 0.847721
v  -0.039728 -0.224474 0.845049
v  -0.029055 -0.071461 0.890022
v  -0.030325 -0.06218 0.857389
v  -0.055083 -0.068587 0.853363
v  -0.053406 -0.078391 0.886657
v  -0.029055 -0.071461 0.890022
v  -0.053406 -0.078391 0.886657
v  -0.04932 -0.084818 0.903184
v  -0.030008 -0.080945 0.911118
v  -0.029055 -0.071461 0.890022
v  -0.030008 -0.080945 0.911118
v  0 -0.079077 0.912848
v  0 -0.069514 0.892053
v  -0.029055 -0.071461 0.890022
v  0 -0.069514 0.892053
v  0 -0.060553 0.859912
v  -0.030325 -0.06218 0.857389
v  -0.07202 0.284015 -0.841445
v  -0.059043 0.335215 -0.840175
v  -0.001637 0.336107 -0.843958
v  -0.001297 0.295462 -0.847861
v  -0.07202 0.284015 -0.841445
v  -0.001297 0.295462 -0.847861
v  -0.000921 0.249458 -0.852112
v  -0.074761 0.229975 -0.844218
v  -0.07202 0.284015 -0.841445
v  -0.074761 0.229975 -0.844218
v  -0.151815 0.188445 -0.82046
v  -0.13927 0.26921 -0.814539
v  -0.07202 0.284015 -0.841445
v  -0.13927 0.26921 -0.814539
v  -0.121234 0.34561 -0.81994
v  -0.059043 0.335215 -0.840175
v  -0.20646 0.167734 0.31737
v  -0.186366 0.215528 0.332355
v  -0.213733 0.234104 0.267762
v  -0.232616 0.179586 0.251381
v  -0.20646 0.167734 0.31737
v  -0.232616 0.179586 0.251381
v  -0.242677 0.116036 0.228649
v  -0.217765 0.110548 0.296737
v  -0.20646 0.167734 0.31737
v  -0.217765 0.110548 0.296737
v  -0.201456 0.099768 0.357952
v  -0.191449 0.151085 0.377294
v  -0.20646 0.167734 0.31737
v  -0.191449 0.151085 0.377294
v  -0.172485 0.193466 0.391226
v  -0.186366 0.215528 0.332355
v  -0.229009 -0.073769 0.564011
v  -0.228961 -0.061709 0.53729
v  -0.20494 -0.119889 0.511779
v  -0.205395 -0.128249 0.540389
v  -0.229009 -0.073769 0.564011
v  -0.205395 -0.128249 0.540389
v  -0.200508 -0.136847 0.567174
v  -0.223302 -0.085964 0.589102
v  -0.229009 -0.073769 0.564011
v  -0.223302 -0.085964 0.589102
v  -0.23413 -0.033413 0.606892
v  -0.240131 -0.020059 0.583106
v  -0.229009 -0.073769 0.564011
v  -0.240131 -0.020059 0.583106
v  -0.240324 -0.006297 0.558248
v  -0.228961 -0.061709 0.53729
v  -0.263244 0.25139 -0.579563
v  -0.248947 0.343006 -0.579108
v  -0.217926 0.355503 -0.679218
v  -0.236864 0.270316 -0.679275
v  -0.263244 0.25139 -0.579563
v  -0.236864 0.270316 -0.679275
v  -0.255425 0.185177 -0.679758
v  -0.268788 0.163479 -0.582902
v  -0.263244 0.25139 -0.579563
v  -0.268788 0.163479 -0.582902
v  -0.265249 0.124721 -0.471388
v  -0.272866 0.227349 -0.468297
v  -0.263244 0.25139 -0.579563
v  -0.272866 0.227349 -0.468297
v  -0.272128 0.321591 -0.463836
v  -0.248947 0.343006 -0.579108
v  -0.301113 0.224171 -0.34334
v  -0.290027 0.306814 -0.338999
v  -0.272128 0.321591 -0.463836
v  -0.272866 0.227349 -0.468297
v  -0.301113 0.224171 -0.34334
v  -0.272866 0.227349 -0.468297
v  -0.265249 0.124721 -0.471388
v  -0.295625 0.139572 -0.348637
v  -0.301113 0.224171 -0.34334
v  -0.295625 0.139572 -0.348637
v  -0.309153 0.14694 -0.215003
v  -0.30703 0.223856 -0.206025
v  -0.301113 0.224171 -0.34334
v  -0.30703 0.223856 -0.206025
v  -0.293538 0.294453 -0.200433
v  -0.290027 0.306814 -0.338999
v  -0.287692 0.215712 -0.050368
v  -0.27628 0.280526 -0.038742
v  -0.293538 0.294453 -0.200433
v  -0.30703 0.223856 -0.206025
v  -0.287692 0.215712 -0.050368
v  -0.30703 0.223856 -0.206025
v  -0.309153 0.14694 -0.215003
v  -0.288342 0.143328 -0.06713
v  -0.287692 0.215712 -0.050368
v  -0.288342 0.143328 -0.06713
v  -0.264384 0.134973 0.066925
v  -0.263764 0.205606 0.090133
v  -0.287692 0.215712 -0.050368
v  -0.263764 0.205606 0.090133
v  -0.252602 0.268287 0.10719
v  -0.27628 0.280526 -0.038742
v  -0.140548 -0.136107 0.665867
v  -0.154735 -0.127749 0.654292
v  -0.14025 -0.162808 0.635301
v  -0.127739 -0.166649 0.64697
v  -0.140548 -0.136107 0.665867
v  -0.127739 -0.166649 0.64697
v  -0.116248 -0.171679 0.6639
v  -0.127453 -0.146001 0.681177
v  -0.140548 -0.136107 0.665867
v  -0.127453 -0.146001 0.681177
v  -0.134486 -0.116948 0.698002
v  -0.148377 -0.102171 0.683773
v  -0.140548 -0.136107 0.665867
v  -0.148377 -0.102171 0.683773
v  -0.163266 -0.089174 0.671561
v  -0.154735 -0.127749 0.654292
v  -0.053166 -0.177758 0.761675
v  -0.055573 -0.167722 0.752811
v  -0.106907 -0.15919 0.741586
v  -0.091538 -0.181551 0.761932
v  -0.053166 -0.177758 0.761675
v  -0.091538 -0.181551 0.761932
v  -0.084086 -0.199081 0.790352
v  -0.048639 -0.195962 0.790348
v  -0.053166 -0.177758 0.761675
v  -0.048639 -0.195962 0.790348
v  0 -0.195334 0.789781
v  0 -0.177135 0.76077
v  -0.053166 -0.177758 0.761675
v  0 -0.177135 0.76077
v  0 -0.167284 0.752524
v  -0.055573 -0.167722 0.752811
v  -0.046458 -0.184289 0.883843
v  -0.045316 -0.15944 0.898123
v  -0.078944 -0.154291 0.888453
v  -0.081496 -0.180144 0.874878
v  -0.046458 -0.184289 0.883843
v  -0.081496 -0.180144 0.874878
v  -0.073918 -0.194556 0.863292
v  -0.047501 -0.202146 0.866645
v  -0.046458 -0.184289 0.883843
v  -0.047501 -0.202146 0.866645
v  0 -0.202753 0.868822
v  0 -0.185711 0.886199
v  -0.046458 -0.184289 0.883843
v  0 -0.185711 0.886199
v  0 -0.161381 0.900571
v  -0.045316 -0.15944 0.898123
v  -0.067177 0.184566 -0.850399
v  -0.074761 0.229975 -0.844218
v  -0.000921 0.249458 -0.852112
v  -0.000552 0.199817 -0.856541
v  -0.067177 0.184566 -0.850399
v  -0.000552 0.199817 -0.856541
v  -0.000512 0.150037 -0.85669
v  -0.05525 0.144615 -0.854973
v  -0.067177 0.184566 -0.850399
v  -0.05525 0.144615 -0.854973
v  -0.100904 0.122842 -0.848464
v  -0.120399 0.152204 -0.842128
v  -0.067177 0.184566 -0.850399
v  -0.120399 0.152204 -0.842128
v  -0.151815 0.188445 -0.82046
v  -0.074761 0.229975 -0.844218
v  -0.213004 0.050928 0.269908
v  -0.217765 0.110548 0.296737
v  -0.242677 0.116036 0.228649
v  -0.238071 0.04882 0.198218
v  -0.213004 0.050928 0.269908
v  -0.238071 0.04882 0.198218
v  -0.236801 -0.019102 0.16948
v  -0.204512 -0.008618 0.241883
v  -0.213004 0.050928 0.269908
v  -0.204512 -0.008618 0.241883
v  -0.169748 -0.014013 0.305486
v  -0.194885 0.044887 0.333644
v  -0.213004 0.050928 0.269908
v  -0.194885 0.044887 0.333644
v  -0.201456 0.099768 0.357952
v  -0.217765 0.110548 0.296737
v  -0.124376 -0.07695 -0.725583
v  -0.114346 -0.041751 -0.741972
v  -0.120531 -0.072971 -0.68879
v  -0.128501 -0.099877 -0.687906
v  -0.124376 -0.07695 -0.725583
v  -0.128501 -0.099877 -0.687906
v  -0.13674 -0.126923 -0.693342
v  -0.134141 -0.111258 -0.721009
v  -0.124376 -0.07695 -0.725583
v  -0.134141 -0.111258 -0.721009
v  -0.137565 -0.099348 -0.742431
v  -0.125922 -0.058907 -0.760079
v  -0.124376 -0.07695 -0.725583
v  -0.125922 -0.058907 -0.760079
v  -0.113119 -0.015067 -0.790799
v  -0.114346 -0.041751 -0.741972
v  -0.275759 0.061566 -0.350117
v  -0.295625 0.139572 -0.348637
v  -0.265249 0.124721 -0.471388
v  -0.250482 0.053326 -0.43552
v  -0.275759 0.061566 -0.350117
v  -0.250482 0.053326 -0.43552
v  -0.225787 -0.002246 -0.436745
v  -0.24797 -0.008037 -0.355027
v  -0.275759 0.061566 -0.350117
v  -0.24797 -0.008037 -0.355027
v  -0.2597 -0.019631 -0.241949
v  -0.29225 0.062596 -0.226841
v  -0.275759 0.061566 -0.350117
v  -0.29225 0.062596 -0.226841
v  -0.309153 0.14694 -0.215003
v  -0.295625 0.139572 -0.348637
v  -0.273668 0.061209 -0.089312
v  -0.288342 0.143328 -0.06713
v  -0.309153 0.14694 -0.215003
v  -0.29225 0.062596 -0.226841
v  -0.273668 0.061209 -0.089312
v  -0.29225 0.062596 -0.226841
v  -0.2597 -0.019631 -0.241949
v  -0.239949 -0.020575 -0.111729
v  -0.273668 0.061209 -0.089312
v  -0.239949 -0.020575 -0.111729
v  -0.218006 -0.028958 0.014901
v  -0.25169 0.057999 0.036703
v  -0.273668 0.061209 -0.089312
v  -0.25169 0.057999 0.036703
v  -0.264384 0.134973 0.066925
v  -0.288342 0.143328 -0.06713
v  -0.100321 -0.190436 0.759082
v  -0.093798 -0.201494 0.75332
v  -0.088184 -0.214287 0.783368
v  -0.093146 -0.205923 0.788096
v  -0.100321 -0.190436 0.759082
v  -0.093146 -0.205923 0.788096
v  -0.084086 -0.199081 0.790352
v  -0.091538 -0.181551 0.761932
v  -0.100321 -0.190436 0.759082
v  -0.091538 -0.181551 0.761932
v  -0.106907 -0.15919 0.741586
v  -0.107576 -0.174081 0.730993
v  -0.100321 -0.190436 0.759082
v  -0.107576 -0.174081 0.730993
v  -0.09933 -0.188993 0.7232
v  -0.093798 -0.201494 0.75332
v  -0.171658 -0.168352 0.516421
v  -0.169917 -0.162623 0.485917
v  -0.123349 -0.191207 0.46555
v  -0.125953 -0.195523 0.497082
v  -0.171658 -0.168352 0.516421
v  -0.125953 -0.195523 0.497082
v  -0.12508 -0.200343 0.526614
v  -0.168791 -0.174463 0.544887
v  -0.171658 -0.168352 0.516421
v  -0.168791 -0.174463 0.544887
v  -0.200508 -0.136847 0.567174
v  -0.205395 -0.128249 0.540389
v  -0.171658 -0.168352 0.516421
v  -0.205395 -0.128249 0.540389
v  -0.20494 -0.119889 0.511779
v  -0.169917 -0.162623 0.485917
v  -0.115191 -0.19337 0.632646
v  -0.12512 -0.191636 0.619422
v  -0.099822 -0.213789 0.608162
v  -0.093032 -0.214755 0.623395
v  -0.115191 -0.19337 0.632646
v  -0.093032 -0.214755 0.623395
v  -0.08635 -0.215187 0.643219
v  -0.105838 -0.195428 0.651114
v  -0.115191 -0.19337 0.632646
v  -0.105838 -0.195428 0.651114
v  -0.116248 -0.171679 0.6639
v  -0.127739 -0.166649 0.64697
v  -0.115191 -0.19337 0.632646
v  -0.127739 -0.166649 0.64697
v  -0.14025 -0.162808 0.635301
v  -0.12512 -0.191636 0.619422
v  -0.074992 -0.231155 0.808159
v  -0.081561 -0.22197 0.775955
v  -0.066708 -0.229834 0.769645
v  -0.061718 -0.237325 0.802084
v  -0.074992 -0.231155 0.808159
v  -0.061718 -0.237325 0.802084
v  -0.053149 -0.241172 0.822808
v  -0.060925 -0.238694 0.833761
v  -0.074992 -0.231155 0.808159
v  -0.060925 -0.238694 0.833761
v  -0.064933 -0.233353 0.84053
v  -0.08047 -0.225062 0.814997
v  -0.074992 -0.231155 0.808159
v  -0.08047 -0.225062 0.814997
v  -0.088184 -0.214287 0.783368
v  -0.081561 -0.22197 0.775955
v  -0.14905 -0.192262 0.054698
v  -0.143344 -0.16078 0.048307
v  -0.08873 -0.170197 0.059174
v  -0.10582 -0.196376 0.063913
v  -0.14905 -0.192262 0.054698
v  -0.10582 -0.196376 0.063913
v  -0.12063 -0.238398 0.067782
v  -0.153248 -0.233886 0.060486
v  -0.14905 -0.192262 0.054698
v  -0.153248 -0.233886 0.060486
v  -0.184882 -0.229285 0.066709
v  -0.191631 -0.187903 0.061975
v  -0.14905 -0.192262 0.054698
v  -0.191631 -0.187903 0.061975
v  -0.198664 -0.151204 0.058314
v  -0.143344 -0.16078 0.048307
v  -0.11898 -0.099605 0.265496
v  -0.115468 -0.07996 0.3067
v  -0.169748 -0.014013 0.305486
v  -0.170015 -0.069941 0.257379
v  -0.11898 -0.099605 0.265496
v  -0.170015 -0.069941 0.257379
v  -0.179941 -0.129517 0.220168
v  -0.130153 -0.139804 0.228395
v  -0.11898 -0.099605 0.265496
v  -0.130153 -0.139804 0.228395
v  -0.084055 -0.157985 0.212107
v  -0.067404 -0.138958 0.244354
v  -0.11898 -0.099605 0.265496
v  -0.067404 -0.138958 0.244354
v  -0.048826 -0.141268 0.285284
v  -0.115468 -0.07996 0.3067
v  -0.046379 -0.16177 0.085648
v  -0.030204 -0.160778 0.077827
v  -0.024518 -0.157544 0.147484
v  -0.040726 -0.159547 0.143096
v  -0.046379 -0.16177 0.085648
v  -0.040726 -0.159547 0.143096
v  -0.059578 -0.171031 0.135147
v  -0.064481 -0.172757 0.091846
v  -0.046379 -0.16177 0.085648
v  -0.064481 -0.172757 0.091846
v  -0.08873 -0.170197 0.059174
v  -0.074153 -0.153478 0.043246
v  -0.046379 -0.16177 0.085648
v  -0.074153 -0.153478 0.043246
v  -0.062282 -0.151789 -0.005558
v  -0.030204 -0.160778 0.077827
v  -0.13755 -0.125878 0.03183
v  -0.14611 -0.099072 -0.019186
v  -0.062282 -0.151789 -0.005558
v  -0.074153 -0.153478 0.043246
v  -0.13755 -0.125878 0.03183
v  -0.074153 -0.153478 0.043246
v  -0.08873 -0.170197 0.059174
v  -0.143344 -0.16078 0.048307
v  -0.13755 -0.125878 0.03183
v  -0.143344 -0.16078 0.048307
v  -0.198664 -0.151204 0.058314
v  -0.203071 -0.098721 0.047897
v  -0.13755 -0.125878 0.03183
v  -0.203071 -0.098721 0.047897
v  -0.218006 -0.028958 0.014901
v  -0.14611 -0.099072 -0.019186
v  -0.179368 -0.383149 0.158115
v  -0.174791 -0.355121 0.149055
v  -0.180704 -0.355984 0.12893
v  -0.186371 -0.384303 0.132922
v  -0.179368 -0.383149 0.158115
v  -0.186371 -0.384303 0.132922
v  -0.172674 -0.395379 0.134858
v  -0.168133 -0.394568 0.156309
v  -0.179368 -0.383149 0.158115
v  -0.168133 -0.394568 0.156309
v  -0.161302 -0.391622 0.169792
v  -0.166359 -0.382557 0.176969
v  -0.179368 -0.383149 0.158115
v  -0.166359 -0.382557 0.176969
v  -0.163472 -0.35479 0.16391
v  -0.174791 -0.355121 0.149055
v  -0.08558 -0.197674 0.089098
v  -0.064481 -0.172757 0.091846
v  -0.059578 -0.171031 0.135147
v  -0.080555 -0.196374 0.122331
v  -0.08558 -0.197674 0.089098
v  -0.080555 -0.196374 0.122331
v  -0.098898 -0.239134 0.1138
v  -0.104096 -0.240149 0.087518
v  -0.08558 -0.197674 0.089098
v  -0.104096 -0.240149 0.087518
v  -0.12063 -0.238398 0.067782
v  -0.10582 -0.196376 0.063913
v  -0.08558 -0.197674 0.089098
v  -0.10582 -0.196376 0.063913
v  -0.08873 -0.170197 0.059174
v  -0.064481 -0.172757 0.091846
v  -0.137798 -0.180587 0.192038
v  -0.130153 -0.139804 0.228395
v  -0.179941 -0.129517 0.220168
v  -0.178264 -0.177691 0.18437
v  -0.137798 -0.180587 0.192038
v  -0.178264 -0.177691 0.18437
v  -0.171793 -0.225865 0.161412
v  -0.141351 -0.227608 0.167969
v  -0.137798 -0.180587 0.192038
v  -0.141351 -0.227608 0.167969
v  -0.112899 -0.230834 0.161173
v  -0.100001 -0.187668 0.181266
v  -0.137798 -0.180587 0.192038
v  -0.100001 -0.187668 0.181266
v  -0.084055 -0.157985 0.212107
v  -0.130153 -0.139804 0.228395
v  -0.204494 -0.18176 0.156031
v  -0.21759 -0.136863 0.182073
v  -0.234258 -0.146504 0.131597
v  -0.214032 -0.185234 0.119704
v  -0.204494 -0.18176 0.156031
v  -0.214032 -0.185234 0.119704
v  -0.198715 -0.22654 0.115154
v  -0.19037 -0.22579 0.141794
v  -0.204494 -0.18176 0.156031
v  -0.19037 -0.22579 0.141794
v  -0.171793 -0.225865 0.161412
v  -0.178264 -0.177691 0.18437
v  -0.204494 -0.18176 0.156031
v  -0.178264 -0.177691 0.18437
v  -0.179941 -0.129517 0.220168
v  -0.21759 -0.136863 0.182073
v  -0.146562 -0.39753 0.152408
v  -0.168133 -0.394568 0.156309
v  -0.172674 -0.395379 0.134858
v  -0.147524 -0.397899 0.135194
v  -0.146562 -0.39753 0.152408
v  -0.147524 -0.397899 0.135194
v  -0.121496 -0.398316 0.133642
v  -0.12386 -0.397188 0.154276
v  -0.146562 -0.39753 0.152408
v  -0.12386 -0.397188 0.154276
v  -0.130298 -0.393676 0.16776
v  -0.146016 -0.39504 0.17248
v  -0.146562 -0.39753 0.152408
v  -0.146016 -0.39504 0.17248
v  -0.161302 -0.391622 0.169792
v  -0.168133 -0.394568 0.156309
v  -0.155655 -0.386175 0.096347
v  -0.154195 -0.358665 0.096252
v  -0.131556 -0.361141 0.099248
v  -0.127829 -0.388997 0.097935
v  -0.155655 -0.386175 0.096347
v  -0.127829 -0.388997 0.097935
v  -0.134371 -0.395919 0.106531
v  -0.153926 -0.396698 0.106473
v  -0.155655 -0.386175 0.096347
v  -0.153926 -0.396698 0.106473
v  -0.171576 -0.392966 0.107879
v  -0.181271 -0.384847 0.097627
v  -0.155655 -0.386175 0.096347
v  -0.181271 -0.384847 0.097627
v  -0.175252 -0.356871 0.098455
v  -0.154195 -0.358665 0.096252
v  -0.112705 -0.389898 0.110375
v  -0.119363 -0.362063 0.11035
v  -0.115562 -0.361338 0.127863
v  -0.10814 -0.388913 0.131841
v  -0.112705 -0.389898 0.110375
v  -0.10814 -0.388913 0.131841
v  -0.121496 -0.398316 0.133642
v  -0.125265 -0.398883 0.115892
v  -0.112705 -0.389898 0.110375
v  -0.125265 -0.398883 0.115892
v  -0.134371 -0.395919 0.106531
v  -0.127829 -0.388997 0.097935
v  -0.112705 -0.389898 0.110375
v  -0.127829 -0.388997 0.097935
v  -0.131556 -0.361141 0.099248
v  -0.119363 -0.362063 0.11035
v  -0.145408 -0.383663 0.181096
v  -0.145447 -0.355822 0.167577
v  -0.163472 -0.35479 0.16391
v  -0.166359 -0.382557 0.176969
v  -0.145408 -0.383663 0.181096
v  -0.166359 -0.382557 0.176969
v  -0.161302 -0.391622 0.169792
v  -0.146016 -0.39504 0.17248
v  -0.145408 -0.383663 0.181096
v  -0.146016 -0.39504 0.17248
v  -0.130298 -0.393676 0.16776
v  -0.124635 -0.38556 0.172906
v  -0.145408 -0.383663 0.181096
v  -0.124635 -0.38556 0.172906
v  -0.127947 -0.357629 0.161392
v  -0.145447 -0.355822 0.167577
v  -0.179338 -0.176489 -0.642895
v  -0.176629 -0.154555 -0.602769
v  -0.207914 -0.149182 -0.593445
v  -0.206177 -0.174612 -0.637781
v  -0.179338 -0.176489 -0.642895
v  -0.206177 -0.174612 -0.637781
v  -0.208085 -0.205675 -0.669039
v  -0.185073 -0.207086 -0.672473
v  -0.179338 -0.176489 -0.642895
v  -0.185073 -0.207086 -0.672473
v  -0.1652 -0.205923 -0.683715
v  -0.155818 -0.173899 -0.657759
v  -0.179338 -0.176489 -0.642895
v  -0.155818 -0.173899 -0.657759
v  -0.149695 -0.152217 -0.624036
v  -0.176629 -0.154555 -0.602769
v  -0.238727 -0.154229 -0.680852
v  -0.247604 -0.115105 -0.650716
v  -0.242545 -0.106755 -0.691764
v  -0.234232 -0.146681 -0.71056
v  -0.238727 -0.154229 -0.680852
v  -0.234232 -0.146681 -0.71056
v  -0.231604 -0.186759 -0.725393
v  -0.235874 -0.191682 -0.702805
v  -0.238727 -0.154229 -0.680852
v  -0.235874 -0.191682 -0.702805
v  -0.234476 -0.196616 -0.683448
v  -0.236326 -0.161899 -0.655057
v  -0.238727 -0.154229 -0.680852
v  -0.236326 -0.161899 -0.655057
v  -0.24486 -0.126163 -0.613582
v  -0.247604 -0.115105 -0.650716
v  -0.175377 -0.136666 -0.570862
v  -0.17499 -0.117572 -0.538658
v  -0.217443 -0.087343 -0.510455
v  -0.212303 -0.120766 -0.552617
v  -0.175377 -0.136666 -0.570862
v  -0.212303 -0.120766 -0.552617
v  -0.207914 -0.149182 -0.593445
v  -0.176629 -0.154555 -0.602769
v  -0.175377 -0.136666 -0.570862
v  -0.176629 -0.154555 -0.602769
v  -0.149695 -0.152217 -0.624036
v  -0.144954 -0.139005 -0.60165
v  -0.175377 -0.136666 -0.570862
v  -0.144954 -0.139005 -0.60165
v  -0.140935 -0.127921 -0.580485
v  -0.17499 -0.117572 -0.538658
v  -0.267375 -0.054058 -0.62451
v  -0.281792 0.022416 -0.604139
v  -0.270972 0.03608 -0.684449
v  -0.258414 -0.044146 -0.684703
v  -0.267375 -0.054058 -0.62451
v  -0.258414 -0.044146 -0.684703
v  -0.242545 -0.106755 -0.691764
v  -0.247604 -0.115105 -0.650716
v  -0.267375 -0.054058 -0.62451
v  -0.247604 -0.115105 -0.650716
v  -0.24486 -0.126163 -0.613582
v  -0.262219 -0.069865 -0.570754
v  -0.267375 -0.054058 -0.62451
v  -0.262219 -0.069865 -0.570754
v  -0.269806 -0.008543 -0.526148
v  -0.281792 0.022416 -0.604139
v  -0.140038 -0.047555 -0.779041
v  -0.123634 0.005881 -0.814905
v  -0.113119 -0.015067 -0.790799
v  -0.125922 -0.058907 -0.760079
v  -0.140038 -0.047555 -0.779041
v  -0.125922 -0.058907 -0.760079
v  -0.137565 -0.099348 -0.742431
v  -0.153441 -0.094052 -0.751223
v  -0.140038 -0.047555 -0.779041
v  -0.153441 -0.094052 -0.751223
v  -0.174204 -0.092162 -0.750839
v  -0.161092 -0.039684 -0.782693
v  -0.140038 -0.047555 -0.779041
v  -0.161092 -0.039684 -0.782693
v  -0.142828 0.022911 -0.820842
v  -0.123634 0.005881 -0.814905
v  -0.242791 -0.096571 -0.547794
v  -0.248768 -0.051766 -0.494564
v  -0.269806 -0.008543 -0.526148
v  -0.262219 -0.069865 -0.570754
v  -0.242791 -0.096571 -0.547794
v  -0.262219 -0.069865 -0.570754
v  -0.24486 -0.126163 -0.613582
v  -0.231199 -0.138699 -0.595396
v  -0.242791 -0.096571 -0.547794
v  -0.231199 -0.138699 -0.595396
v  -0.207914 -0.149182 -0.593445
v  -0.212303 -0.120766 -0.552617
v  -0.242791 -0.096571 -0.547794
v  -0.212303 -0.120766 -0.552617
v  -0.217443 -0.087343 -0.510455
v  -0.248768 -0.051766 -0.494564
v  -0.251752 -0.378417 -0.650293
v  -0.240979 -0.340061 -0.665761
v  -0.249662 -0.338639 -0.675789
v  -0.262827 -0.377505 -0.663325
v  -0.251752 -0.378417 -0.650293
v  -0.262827 -0.377505 -0.663325
v  -0.259439 -0.387434 -0.666789
v  -0.250397 -0.390609 -0.659495
v  -0.251752 -0.378417 -0.650293
v  -0.250397 -0.390609 -0.659495
v  -0.235319 -0.391679 -0.654491
v  -0.235548 -0.379753 -0.644341
v  -0.251752 -0.378417 -0.650293
v  -0.235548 -0.379753 -0.644341
v  -0.227764 -0.341209 -0.66174
v  -0.240979 -0.340061 -0.665761
v  -0.188279 -0.376444 -0.723186
v  -0.188739 -0.333626 -0.726699
v  -0.189221 -0.335708 -0.709032
v  -0.1886 -0.377771 -0.701674
v  -0.188279 -0.376444 -0.723186
v  -0.1886 -0.377771 -0.701674
v  -0.19935 -0.390863 -0.698926
v  -0.198746 -0.389908 -0.718599
v  -0.188279 -0.376444 -0.723186
v  -0.198746 -0.389908 -0.718599
v  -0.198978 -0.386508 -0.732447
v  -0.191565 -0.37594 -0.740462
v  -0.188279 -0.376444 -0.723186
v  -0.191565 -0.37594 -0.740462
v  -0.19123 -0.332555 -0.740775
v  -0.188739 -0.333626 -0.726699
v  -0.143294 -0.143378 -0.733372
v  -0.134141 -0.111258 -0.721009
v  -0.13674 -0.126923 -0.693342
v  -0.145141 -0.155021 -0.711172
v  -0.143294 -0.143378 -0.733372
v  -0.145141 -0.155021 -0.711172
v  -0.156929 -0.193045 -0.726675
v  -0.155826 -0.185952 -0.748166
v  -0.143294 -0.143378 -0.733372
v  -0.155826 -0.185952 -0.748166
v  -0.158793 -0.180054 -0.763913
v  -0.146768 -0.13468 -0.750549
v  -0.143294 -0.143378 -0.733372
v  -0.146768 -0.13468 -0.750549
v  -0.137565 -0.099348 -0.742431
v  -0.134141 -0.111258 -0.721009
v  -0.22538 -0.169229 -0.641252
v  -0.231199 -0.138699 -0.595396
v  -0.24486 -0.126163 -0.613582
v  -0.236326 -0.161899 -0.655057
v  -0.22538 -0.169229 -0.641252
v  -0.236326 -0.161899 -0.655057
v  -0.234476 -0.196616 -0.683448
v  -0.224948 -0.201808 -0.672455
v  -0.22538 -0.169229 -0.641252
v  -0.224948 -0.201808 -0.672455
v  -0.208085 -0.205675 -0.669039
v  -0.206177 -0.174612 -0.637781
v  -0.22538 -0.169229 -0.641252
v  -0.206177 -0.174612 -0.637781
v  -0.207914 -0.149182 -0.593445
v  -0.231199 -0.138699 -0.595396
v  -0.160752 -0.131918 -0.758561
v  -0.153441 -0.094052 -0.751223
v  -0.137565 -0.099348 -0.742431
v  -0.146768 -0.13468 -0.750549
v  -0.160752 -0.131918 -0.758561
v  -0.146768 -0.13468 -0.750549
v  -0.158793 -0.180054 -0.763913
v  -0.16962 -0.178041 -0.771841
v  -0.160752 -0.131918 -0.758561
v  -0.16962 -0.178041 -0.771841
v  -0.184562 -0.177945 -0.773566
v  -0.179096 -0.131891 -0.759505
v  -0.160752 -0.131918 -0.758561
v  -0.179096 -0.131891 -0.759505
v  -0.174204 -0.092162 -0.750839
v  -0.153441 -0.094052 -0.751223
v  -0.195834 -0.131892 -0.755566
v  -0.192566 -0.090597 -0.746305
v  -0.174204 -0.092162 -0.750839
v  -0.179096 -0.131891 -0.759505
v  -0.195834 -0.131892 -0.755566
v  -0.179096 -0.131891 -0.759505
v  -0.184562 -0.177945 -0.773566
v  -0.199968 -0.177681 -0.770162
v  -0.195834 -0.131892 -0.755566
v  -0.199968 -0.177681 -0.770162
v  -0.213896 -0.178749 -0.761479
v  -0.21092 -0.133672 -0.746534
v  -0.195834 -0.131892 -0.755566
v  -0.21092 -0.133672 -0.746534
v  -0.210192 -0.091908 -0.736368
v  -0.192566 -0.090597 -0.746305
v  -0.216529 -0.393886 -0.677542
v  -0.231468 -0.393972 -0.676271
v  -0.227829 -0.394033 -0.696798
v  -0.213752 -0.3939 -0.697334
v  -0.216529 -0.393886 -0.677542
v  -0.213752 -0.3939 -0.697334
v  -0.19935 -0.390863 -0.698926
v  -0.200675 -0.391057 -0.678635
v  -0.216529 -0.393886 -0.677542
v  -0.200675 -0.391057 -0.678635
v  -0.204024 -0.388458 -0.664544
v  -0.216837 -0.391652 -0.657344
v  -0.216529 -0.393886 -0.677542
v  -0.216837 -0.391652 -0.657344
v  -0.235319 -0.391679 -0.654491
v  -0.231468 -0.393972 -0.676271
v  -0.246826 -0.394079 -0.678099
v  -0.262101 -0.390881 -0.680507
v  -0.262249 -0.391841 -0.699612
v  -0.244349 -0.39445 -0.697451
v  -0.246826 -0.394079 -0.678099
v  -0.244349 -0.39445 -0.697451
v  -0.227829 -0.394033 -0.696798
v  -0.231468 -0.393972 -0.676271
v  -0.246826 -0.394079 -0.678099
v  -0.231468 -0.393972 -0.676271
v  -0.235319 -0.391679 -0.654491
v  -0.250397 -0.390609 -0.659495
v  -0.246826 -0.394079 -0.678099
v  -0.250397 -0.390609 -0.659495
v  -0.259439 -0.387434 -0.666789
v  -0.262101 -0.390881 -0.680507
v  -0.201482 -0.377086 -0.750842
v  -0.199339 -0.333432 -0.748923
v  -0.19123 -0.332555 -0.740775
v  -0.191565 -0.37594 -0.740462
v  -0.201482 -0.377086 -0.750842
v  -0.191565 -0.37594 -0.740462
v  -0.198978 -0.386508 -0.732447
v  -0.20758 -0.390071 -0.736741
v  -0.201482 -0.377086 -0.750842
v  -0.20758 -0.390071 -0.736741
v  -0.221593 -0.390936 -0.738991
v  -0.217308 -0.378212 -0.753875
v  -0.201482 -0.377086 -0.750842
v  -0.217308 -0.378212 -0.753875
v  -0.211959 -0.334481 -0.751203
v  -0.199339 -0.333432 -0.748923
v  -0.238252 -0.377948 -0.748652
v  -0.227881 -0.334394 -0.747203
v  -0.211959 -0.334481 -0.751203
v  -0.217308 -0.378212 -0.753875
v  -0.238252 -0.377948 -0.748652
v  -0.217308 -0.378212 -0.753875
v  -0.221593 -0.390936 -0.738991
v  -0.240149 -0.390866 -0.735091
v  -0.238252 -0.377948 -0.748652
v  -0.240149 -0.390866 -0.735091
v  -0.253435 -0.387899 -0.73059
v  -0.257124 -0.377573 -0.737246
v  -0.238252 -0.377948 -0.748652
v  -0.257124 -0.377573 -0.737246
v  -0.24215 -0.334291 -0.737984
v  -0.227881 -0.334394 -0.747203
v  -0.268581 -0.378304 -0.681624
v  -0.253339 -0.337918 -0.690809
v  -0.253106 -0.337158 -0.708026
v  -0.26965 -0.379046 -0.70211
v  -0.268581 -0.378304 -0.681624
v  -0.26965 -0.379046 -0.70211
v  -0.262249 -0.391841 -0.699612
v  -0.262101 -0.390881 -0.680507
v  -0.268581 -0.378304 -0.681624
v  -0.262101 -0.390881 -0.680507
v  -0.259439 -0.387434 -0.666789
v  -0.262827 -0.377505 -0.663325
v  -0.268581 -0.378304 -0.681624
v  -0.262827 -0.377505 -0.663325
v  -0.249662 -0.338639 -0.675789
v  -0.253339 -0.337918 -0.690809
v  -0.2144 -0.379733 -0.648082
v  -0.210456 -0.340894 -0.665047
v  -0.227764 -0.341209 -0.66174
v  -0.235548 -0.379753 -0.644341
v  -0.2144 -0.379733 -0.648082
v  -0.235548 -0.379753 -0.644341
v  -0.235319 -0.391679 -0.654491
v  -0.216837 -0.391652 -0.657344
v  -0.2144 -0.379733 -0.648082
v  -0.216837 -0.391652 -0.657344
v  -0.204024 -0.388458 -0.664544
v  -0.196374 -0.378809 -0.660622
v  -0.2144 -0.379733 -0.648082
v  -0.196374 -0.378809 -0.660622
v  -0.195678 -0.339311 -0.675222
v  -0.210456 -0.340894 -0.665047
v  -0.049969 -0.103387 -0.598058
v  -0.008359 -0.116372 -0.600868
v  -0.003207 -0.161996 -0.506436
v  -0.059431 -0.148391 -0.498235
v  -0.049969 -0.103387 -0.598058
v  -0.059431 -0.148391 -0.498235
v  -0.1242 -0.110861 -0.4963
v  -0.099448 -0.08171 -0.60111
v  -0.049969 -0.103387 -0.598058
v  -0.099448 -0.08171 -0.60111
v  -0.091965 -0.029881 -0.687537
v  -0.044692 -0.044251 -0.690503
v  -0.049969 -0.103387 -0.598058
v  -0.044692 -0.044251 -0.690503
v  -0.010055 -0.056115 -0.691872
v  -0.008359 -0.116372 -0.600868
v  -0.087443 0.571239 -0.58986
v  -0.160373 0.532542 -0.583253
v  -0.172237 0.543553 -0.469529
v  -0.093793 0.589333 -0.476901
v  -0.087443 0.571239 -0.58986
v  -0.093793 0.589333 -0.476901
v  -0.003101 0.609649 -0.481367
v  -0.003561 0.588271 -0.593893
v  -0.087443 0.571239 -0.58986
v  -0.003561 0.588271 -0.593893
v  -0.00366 0.55649 -0.674799
v  -0.077045 0.543319 -0.673929
v  -0.087443 0.571239 -0.58986
v  -0.077045 0.543319 -0.673929
v  -0.141828 0.513163 -0.672756
v  -0.160373 0.532542 -0.583253
v  -0.194148 0.270261 -0.759279
v  -0.178371 0.348536 -0.758326
v  -0.121234 0.34561 -0.81994
v  -0.13927 0.26921 -0.814539
v  -0.194148 0.270261 -0.759279
v  -0.13927 0.26921 -0.814539
v  -0.151815 0.188445 -0.82046
v  -0.211867 0.190832 -0.758573
v  -0.194148 0.270261 -0.759279
v  -0.211867 0.190832 -0.758573
v  -0.255425 0.185177 -0.679758
v  -0.236864 0.270316 -0.679275
v  -0.194148 0.270261 -0.759279
v  -0.236864 0.270316 -0.679275
v  -0.217926 0.355503 -0.679218
v  -0.178371 0.348536 -0.758326
v  -0.132577 -0.123656 -0.64268
v  -0.126555 -0.107575 -0.632478
v  -0.140935 -0.127921 -0.580485
v  -0.144954 -0.139005 -0.60165
v  -0.132577 -0.123656 -0.64268
v  -0.144954 -0.139005 -0.60165
v  -0.149695 -0.152217 -0.624036
v  -0.139139 -0.142068 -0.656708
v  -0.132577 -0.123656 -0.64268
v  -0.139139 -0.142068 -0.656708
v  -0.13674 -0.126923 -0.693342
v  -0.128501 -0.099877 -0.687906
v  -0.132577 -0.123656 -0.64268
v  -0.128501 -0.099877 -0.687906
v  -0.120531 -0.072971 -0.68879
v  -0.126555 -0.107575 -0.632478
v  -0.22445 -0.139562 -0.732316
v  -0.22856 -0.098539 -0.720322
v  -0.210192 -0.091908 -0.736368
v  -0.21092 -0.133672 -0.746534
v  -0.22445 -0.139562 -0.732316
v  -0.21092 -0.133672 -0.746534
v  -0.213896 -0.178749 -0.761479
v  -0.224377 -0.182194 -0.746216
v  -0.22445 -0.139562 -0.732316
v  -0.224377 -0.182194 -0.746216
v  -0.231604 -0.186759 -0.725393
v  -0.234232 -0.146681 -0.71056
v  -0.22445 -0.139562 -0.732316
v  -0.234232 -0.146681 -0.71056
v  -0.242545 -0.106755 -0.691764
v  -0.22856 -0.098539 -0.720322
v  -0.235158 -0.034875 -0.732322
v  -0.237293 0.045856 -0.747931
v  -0.19833 0.047981 -0.792164
v  -0.206866 -0.029116 -0.761588
v  -0.235158 -0.034875 -0.732322
v  -0.206866 -0.029116 -0.761588
v  -0.210192 -0.091908 -0.736368
v  -0.22856 -0.098539 -0.720322
v  -0.235158 -0.034875 -0.732322
v  -0.22856 -0.098539 -0.720322
v  -0.242545 -0.106755 -0.691764
v  -0.258414 -0.044146 -0.684703
v  -0.235158 -0.034875 -0.732322
v  -0.258414 -0.044146 -0.684703
v  -0.270972 0.03608 -0.684449
v  -0.237293 0.045856 -0.747931
v  -0.189532 -0.378369 -0.679561
v  -0.190069 -0.337591 -0.690836
v  -0.195678 -0.339311 -0.675222
v  -0.196374 -0.378809 -0.660622
v  -0.189532 -0.378369 -0.679561
v  -0.196374 -0.378809 -0.660622
v  -0.204024 -0.388458 -0.664544
v  -0.200675 -0.391057 -0.678635
v  -0.189532 -0.378369 -0.679561
v  -0.200675 -0.391057 -0.678635
v  -0.19935 -0.390863 -0.698926
v  -0.1886 -0.377771 -0.701674
v  -0.189532 -0.378369 -0.679561
v  -0.1886 -0.377771 -0.701674
v  -0.189221 -0.335708 -0.709032
v  -0.190069 -0.337591 -0.690836
v  -0.146813 -0.166123 -0.683138
v  -0.139139 -0.142068 -0.656708
v  -0.149695 -0.152217 -0.624036
v  -0.155818 -0.173899 -0.657759
v  -0.146813 -0.166123 -0.683138
v  -0.155818 -0.173899 -0.657759
v  -0.1652 -0.205923 -0.683715
v  -0.157871 -0.200679 -0.703388
v  -0.146813 -0.166123 -0.683138
v  -0.157871 -0.200679 -0.703388
v  -0.156929 -0.193045 -0.726675
v  -0.145141 -0.155021 -0.711172
v  -0.146813 -0.166123 -0.683138
v  -0.145141 -0.155021 -0.711172
v  -0.13674 -0.126923 -0.693342
v  -0.139139 -0.142068 -0.656708
v  -0.211774 -0.393204 -0.716986
v  -0.224989 -0.393456 -0.717177
v  -0.221593 -0.390936 -0.738991
v  -0.20758 -0.390071 -0.736741
v  -0.211774 -0.393204 -0.716986
v  -0.20758 -0.390071 -0.736741
v  -0.198978 -0.386508 -0.732447
v  -0.198746 -0.389908 -0.718599
v  -0.211774 -0.393204 -0.716986
v  -0.198746 -0.389908 -0.718599
v  -0.19935 -0.390863 -0.698926
v  -0.213752 -0.3939 -0.697334
v  -0.211774 -0.393204 -0.716986
v  -0.213752 -0.3939 -0.697334
v  -0.227829 -0.394033 -0.696798
v  -0.224989 -0.393456 -0.717177
v  -0.241824 -0.394097 -0.716372
v  -0.259519 -0.391349 -0.717577
v  -0.253435 -0.387899 -0.73059
v  -0.240149 -0.390866 -0.735091
v  -0.241824 -0.394097 -0.716372
v  -0.240149 -0.390866 -0.735091
v  -0.221593 -0.390936 -0.738991
v  -0.224989 -0.393456 -0.717177
v  -0.241824 -0.394097 -0.716372
v  -0.224989 -0.393456 -0.717177
v  -0.227829 -0.394033 -0.696798
v  -0.244349 -0.39445 -0.697451
v  -0.241824 -0.394097 -0.716372
v  -0.244349 -0.39445 -0.697451
v  -0.262249 -0.391841 -0.699612
v  -0.259519 -0.391349 -0.717577
v  -0.26671 -0.378296 -0.721294
v  -0.24998 -0.335543 -0.724418
v  -0.24215 -0.334291 -0.737984
v  -0.257124 -0.377573 -0.737246
v  -0.26671 -0.378296 -0.721294
v  -0.257124 -0.377573 -0.737246
v  -0.253435 -0.387899 -0.73059
v  -0.259519 -0.391349 -0.717577
v  -0.26671 -0.378296 -0.721294
v  -0.259519 -0.391349 -0.717577
v  -0.262249 -0.391841 -0.699612
v  -0.26965 -0.379046 -0.70211
v  -0.26671 -0.378296 -0.721294
v  -0.26965 -0.379046 -0.70211
v  -0.253106 -0.337158 -0.708026
v  -0.24998 -0.335543 -0.724418
v  -0.235069 0.019072 0.593517
v  -0.236904 0.028233 0.571152
v  -0.240324 -0.006297 0.558248
v  -0.240131 -0.020059 0.583106
v  -0.235069 0.019072 0.593517
v  -0.240131 -0.020059 0.583106
v  -0.23413 -0.033413 0.606892
v  -0.226183 0.013028 0.616821
v  -0.235069 0.019072 0.593517
v  -0.226183 0.013028 0.616821
v  -0.195664 0.079056 0.632711
v  -0.216118 0.061982 0.608893
v  -0.235069 0.019072 0.593517
v  -0.216118 0.061982 0.608893
v  -0.225807 0.058406 0.591039
v  -0.236904 0.028233 0.571152
v  -0.145984 -0.065265 0.695125
v  -0.160535 -0.0498 0.682271
v  -0.163266 -0.089174 0.671561
v  -0.148377 -0.102171 0.683773
v  -0.145984 -0.065265 0.695125
v  -0.148377 -0.102171 0.683773
v  -0.134486 -0.116948 0.698002
v  -0.132377 -0.083077 0.709435
v  -0.145984 -0.065265 0.695125
v  -0.132377 -0.083077 0.709435
v  -0.124165 -0.051645 0.71779
v  -0.136845 -0.031968 0.703232
v  -0.145984 -0.065265 0.695125
v  -0.136845 -0.031968 0.703232
v  -0.150346 -0.014794 0.690183
v  -0.160535 -0.0498 0.682271
v  -0.093693 -0.173397 0.85741
v  -0.096202 -0.162997 0.829826
v  -0.08783 -0.185436 0.821936
v  -0.084588 -0.195522 0.848249
v  -0.093693 -0.173397 0.85741
v  -0.084588 -0.195522 0.848249
v  -0.073918 -0.194556 0.863292
v  -0.081496 -0.180144 0.874878
v  -0.093693 -0.173397 0.85741
v  -0.081496 -0.180144 0.874878
v  -0.078944 -0.154291 0.888453
v  -0.089198 -0.146608 0.869236
v  -0.093693 -0.173397 0.85741
v  -0.089198 -0.146608 0.869236
v  -0.09012 -0.135734 0.839824
v  -0.096202 -0.162997 0.829826
v  -0.022787 0.475594 -0.787071
v  -0.041004 0.497354 -0.761348
v  -0.003238 0.503332 -0.760484
v  -0.002984 0.47994 -0.786144
v  -0.022787 0.475594 -0.787071
v  -0.002984 0.47994 -0.786144
v  -0.002737 0.469851 -0.812905
v  -0.009746 0.466526 -0.813954
v  -0.022787 0.475594 -0.787071
v  -0.009746 0.466526 -0.813954
v  -0.021253 0.458924 -0.817192
v  -0.046004 0.463561 -0.790961
v  -0.022787 0.475594 -0.787071
v  -0.046004 0.463561 -0.790961
v  -0.079411 0.479876 -0.765471
v  -0.041004 0.497354 -0.761348
v  -0.164791 0.246631 0.342142
v  -0.142027 0.268597 0.349491
v  -0.167404 0.303545 0.287577
v  -0.191952 0.273763 0.278955
v  -0.164791 0.246631 0.342142
v  -0.191952 0.273763 0.278955
v  -0.213733 0.234104 0.267762
v  -0.186366 0.215528 0.332355
v  -0.164791 0.246631 0.342142
v  -0.186366 0.215528 0.332355
v  -0.172485 0.193466 0.391226
v  -0.152367 0.221444 0.399676
v  -0.164791 0.246631 0.342142
v  -0.152367 0.221444 0.399676
v  -0.130871 0.241438 0.405737
v  -0.142027 0.268597 0.349491
v  -0.231093 0.403122 -0.579873
v  -0.213664 0.447056 -0.580456
v  -0.189304 0.443487 -0.675653
v  -0.202993 0.407976 -0.677776
v  -0.231093 0.403122 -0.579873
v  -0.202993 0.407976 -0.677776
v  -0.217926 0.355503 -0.679218
v  -0.248947 0.343006 -0.579108
v  -0.231093 0.403122 -0.579873
v  -0.248947 0.343006 -0.579108
v  -0.272128 0.321591 -0.463836
v  -0.253906 0.388775 -0.464459
v  -0.231093 0.403122 -0.579873
v  -0.253906 0.388775 -0.464459
v  -0.233732 0.442282 -0.465613
v  -0.213664 0.447056 -0.580456
v  -0.271996 0.374716 -0.339417
v  -0.250684 0.433141 -0.341047
v  -0.233732 0.442282 -0.465613
v  -0.253906 0.388775 -0.464459
v  -0.271996 0.374716 -0.339417
v  -0.253906 0.388775 -0.464459
v  -0.272128 0.321591 -0.463836
v  -0.290027 0.306814 -0.338999
v  -0.271996 0.374716 -0.339417
v  -0.290027 0.306814 -0.338999
v  -0.293538 0.294453 -0.200433
v  -0.276334 0.358927 -0.198752
v  -0.271996 0.374716 -0.339417
v  -0.276334 0.358927 -0.198752
v  -0.254216 0.416003 -0.198896
v  -0.250684 0.433141 -0.341047
v  -0.258671 0.339229 -0.032136
v  -0.234664 0.392307 -0.029687
v  -0.254216 0.416003 -0.198896
v  -0.276334 0.358927 -0.198752
v  -0.258671 0.339229 -0.032136
v  -0.276334 0.358927 -0.198752
v  -0.293538 0.294453 -0.200433
v  -0.27628 0.280526 -0.038742
v  -0.258671 0.339229 -0.032136
v  -0.27628 0.280526 -0.038742
v  -0.252602 0.268287 0.10719
v  -0.233671 0.321449 0.118929
v  -0.258671 0.339229 -0.032136
v  -0.233671 0.321449 0.118929
v  -0.207952 0.366145 0.126854
v  -0.234664 0.392307 -0.029687
v  -0.043586 -0.138054 0.907804
v  -0.040382 -0.118169 0.913784
v  -0.069827 -0.114442 0.9042
v  -0.075496 -0.133019 0.898071
v  -0.043586 -0.138054 0.907804
v  -0.075496 -0.133019 0.898071
v  -0.078944 -0.154291 0.888453
v  -0.045316 -0.15944 0.898123
v  -0.043586 -0.138054 0.907804
v  -0.045316 -0.15944 0.898123
v  0 -0.161381 0.900571
v  0 -0.139971 0.909902
v  -0.043586 -0.138054 0.907804
v  0 -0.139971 0.909902
v  0 -0.119344 0.91547
v  -0.040382 -0.118169 0.913784
v  -0.168752 0.396963 -0.751981
v  -0.159125 0.430379 -0.743308
v  -0.121446 0.420388 -0.787071
v  -0.126868 0.38928 -0.800981
v  -0.168752 0.396963 -0.751981
v  -0.126868 0.38928 -0.800981
v  -0.121234 0.34561 -0.81994
v  -0.178371 0.348536 -0.758326
v  -0.168752 0.396963 -0.751981
v  -0.178371 0.348536 -0.758326
v  -0.217926 0.355503 -0.679218
v  -0.202993 0.407976 -0.677776
v  -0.168752 0.396963 -0.751981
v  -0.202993 0.407976 -0.677776
v  -0.189304 0.443487 -0.675653
v  -0.159125 0.430379 -0.743308
v  -0.157672 0.225771 0.530369
v  -0.109532 0.259032 0.415013
v  -0.130871 0.241438 0.405737
v  -0.176546 0.208389 0.515053
v  -0.157672 0.225771 0.530369
v  -0.176546 0.208389 0.515053
v  -0.188445 0.17993 0.568058
v  -0.1662 0.186615 0.59206
v  -0.157672 0.225771 0.530369
v  -0.1662 0.186615 0.59206
v  -0.14273 0.18989 0.6216
v  -0.126843 0.241977 0.537157
v  -0.157672 0.225771 0.530369
v  -0.126843 0.241977 0.537157
v  -0.08338 0.274861 0.424238
v  -0.109532 0.259032 0.415013
v  -0.035827 -0.173172 0.344827
v  -0.019752 -0.173149 0.280833
v  0 -0.180667 0.279138
v  0 -0.176457 0.34558
v  -0.035827 -0.173172 0.344827
v  0 -0.176457 0.34558
v  0 -0.197071 0.389662
v  -0.052333 -0.193432 0.389274
v  -0.035827 -0.173172 0.344827
v  -0.052333 -0.193432 0.389274
v  -0.104103 -0.175452 0.395192
v  -0.07855 -0.151443 0.347575
v  -0.035827 -0.173172 0.344827
v  -0.07855 -0.151443 0.347575
v  -0.048826 -0.141268 0.285284
v  -0.019752 -0.173149 0.280833
v  -0.065735 0.26736 0.516711
v  -0.042807 0.291625 0.424871
v  -0.08338 0.274861 0.424238
v  -0.126843 0.241977 0.537157
v  -0.065735 0.26736 0.516711
v  -0.126843 0.241977 0.537157
v  -0.14273 0.18989 0.6216
v  -0.055492 0.260609 0.577437
v  -0.065735 0.26736 0.516711
v  -0.055492 0.260609 0.577437
v  0 0.270397 0.575496
v  0 0.28358 0.497966
v  -0.065735 0.26736 0.516711
v  0 0.28358 0.497966
v  0 0.299148 0.425727
v  -0.042807 0.291625 0.424871
v  -0.20385 0.013902 0.399936
v  -0.194885 0.044887 0.333644
v  -0.169748 -0.014013 0.305486
v  -0.177133 -0.044387 0.376382
v  -0.20385 0.013902 0.399936
v  -0.177133 -0.044387 0.376382
v  -0.195867 -0.088972 0.440055
v  -0.221507 -0.025972 0.467278
v  -0.20385 0.013902 0.399936
v  -0.221507 -0.025972 0.467278
v  -0.232068 0.035088 0.492416
v  -0.212429 0.071323 0.424614
v  -0.20385 0.013902 0.399936
v  -0.212429 0.071323 0.424614
v  -0.201456 0.099768 0.357952
v  -0.194885 0.044887 0.333644
v  -0.130632 -0.099878 0.359122
v  -0.115468 -0.07996 0.3067
v  -0.048826 -0.141268 0.285284
v  -0.07855 -0.151443 0.347575
v  -0.130632 -0.099878 0.359122
v  -0.07855 -0.151443 0.347575
v  -0.104103 -0.175452 0.395192
v  -0.153465 -0.13717 0.414006
v  -0.130632 -0.099878 0.359122
v  -0.153465 -0.13717 0.414006
v  -0.195867 -0.088972 0.440055
v  -0.177133 -0.044387 0.376382
v  -0.130632 -0.099878 0.359122
v  -0.177133 -0.044387 0.376382
v  -0.169748 -0.014013 0.305486
v  -0.115468 -0.07996 0.3067
v  -0.206666 0.11827 0.445031
v  -0.191449 0.151085 0.377294
v  -0.201456 0.099768 0.357952
v  -0.212429 0.071323 0.424614
v  -0.206666 0.11827 0.445031
v  -0.212429 0.071323 0.424614
v  -0.232068 0.035088 0.492416
v  -0.22949 0.077354 0.513901
v  -0.206666 0.11827 0.445031
v  -0.22949 0.077354 0.513901
v  -0.215111 0.115947 0.555785
v  -0.200913 0.153842 0.471397
v  -0.206666 0.11827 0.445031
v  -0.200913 0.153842 0.471397
v  -0.172485 0.193466 0.391226
v  -0.191449 0.151085 0.377294
v  -0.044382 -0.226807 0.669917
v  -0.047913 -0.228898 0.640616
v  0 -0.234241 0.640637
v  0 -0.231896 0.670149
v  -0.044382 -0.226807 0.669917
v  0 -0.231896 0.670149
v  0 -0.231483 0.703401
v  -0.041281 -0.226561 0.703105
v  -0.044382 -0.226807 0.669917
v  -0.041281 -0.226561 0.703105
v  -0.074345 -0.215765 0.705374
v  -0.079886 -0.21455 0.672224
v  -0.044382 -0.226807 0.669917
v  -0.079886 -0.21455 0.672224
v  -0.08635 -0.215187 0.643219
v  -0.047913 -0.228898 0.640616
v  -0.081706 -0.022193 0.750334
v  -0.085929 0.000679 0.738227
v  -0.099955 -0.009727 0.730744
v  -0.092679 -0.038273 0.746704
v  -0.081706 -0.022193 0.750334
v  -0.092679 -0.038273 0.746704
v  -0.086597 -0.062388 0.769852
v  -0.077353 -0.045636 0.771875
v  -0.081706 -0.022193 0.750334
v  -0.077353 -0.045636 0.771875
v  -0.061907 -0.032228 0.774633
v  -0.064648 -0.008652 0.754061
v  -0.081706 -0.022193 0.750334
v  -0.064648 -0.008652 0.754061
v  -0.069457 0.018394 0.741207
v  -0.085929 0.000679 0.738227
v  -0.035377 0.000785 0.759322
v  -0.035859 0.027517 0.747487
v  -0.069457 0.018394 0.741207
v  -0.064648 -0.008652 0.754061
v  -0.035377 0.000785 0.759322
v  -0.064648 -0.008652 0.754061
v  -0.061907 -0.032228 0.774633
v  -0.034055 -0.024358 0.780343
v  -0.035377 0.000785 0.759322
v  -0.034055 -0.024358 0.780343
v  0 -0.021808 0.783936
v  0 0.004477 0.762336
v  -0.035377 0.000785 0.759322
v  0 0.004477 0.762336
v  0 0.032238 0.750025
v  -0.035859 0.027517 0.747487
v  -0.116541 -0.158964 0.703955
v  -0.127453 -0.146001 0.681177
v  -0.116248 -0.171679 0.6639
v  -0.106795 -0.179091 0.691352
v  -0.116541 -0.158964 0.703955
v  -0.106795 -0.179091 0.691352
v  -0.09933 -0.188993 0.7232
v  -0.107576 -0.174081 0.730993
v  -0.116541 -0.158964 0.703955
v  -0.107576 -0.174081 0.730993
v  -0.106907 -0.15919 0.741586
v  -0.12259 -0.135284 0.716263
v  -0.116541 -0.158964 0.703955
v  -0.12259 -0.135284 0.716263
v  -0.134486 -0.116948 0.698002
v  -0.127453 -0.146001 0.681177
v  -0.097633 -0.198132 0.680072
v  -0.105838 -0.195428 0.651114
v  -0.08635 -0.215187 0.643219
v  -0.079886 -0.21455 0.672224
v  -0.097633 -0.198132 0.680072
v  -0.079886 -0.21455 0.672224
v  -0.074345 -0.215765 0.705374
v  -0.090973 -0.203065 0.713366
v  -0.097633 -0.198132 0.680072
v  -0.090973 -0.203065 0.713366
v  -0.09933 -0.188993 0.7232
v  -0.106795 -0.179091 0.691352
v  -0.097633 -0.198132 0.680072
v  -0.106795 -0.179091 0.691352
v  -0.116248 -0.171679 0.6639
v  -0.105838 -0.195428 0.651114
v  -0.120659 -0.105584 0.726657
v  -0.132377 -0.083077 0.709435
v  -0.134486 -0.116948 0.698002
v  -0.12259 -0.135284 0.716263
v  -0.120659 -0.105584 0.726657
v  -0.12259 -0.135284 0.716263
v  -0.106907 -0.15919 0.741586
v  -0.110652 -0.128589 0.75196
v  -0.120659 -0.105584 0.726657
v  -0.110652 -0.128589 0.75196
v  -0.104172 -0.101598 0.760628
v  -0.113458 -0.076665 0.735144
v  -0.120659 -0.105584 0.726657
v  -0.113458 -0.076665 0.735144
v  -0.124165 -0.051645 0.71779
v  -0.132377 -0.083077 0.709435
v  -0.213471 0.188209 0.803847
v  -0.212989 0.195689 0.803856
v  -0.243861 0.18639 0.819326
v  -0.242816 0.180088 0.816837
v  -0.213471 0.188209 0.803847
v  -0.242816 0.180088 0.816837
v  -0.239296 0.176537 0.801862
v  -0.215449 0.184203 0.79366
v  -0.213471 0.188209 0.803847
v  -0.215449 0.184203 0.79366
v  -0.190598 0.185004 0.768576
v  -0.182824 0.193119 0.773727
v  -0.213471 0.188209 0.803847
v  -0.182824 0.193119 0.773727
v  -0.182091 0.201281 0.769592
v  -0.212989 0.195689 0.803856
v  -0.205372 0.21513 0.724647
v  -0.188269 0.223883 0.673525
v  -0.215098 0.213754 0.66859
v  -0.229891 0.204279 0.729481
v  -0.205372 0.21513 0.724647
v  -0.229891 0.204279 0.729481
v  -0.240881 0.19687 0.779359
v  -0.21491 0.206749 0.767707
v  -0.205372 0.21513 0.724647
v  -0.21491 0.206749 0.767707
v  -0.195059 0.2098 0.748451
v  -0.184287 0.214573 0.718149
v  -0.205372 0.21513 0.724647
v  -0.184287 0.214573 0.718149
v  -0.16538 0.217697 0.68179
v  -0.188269 0.223883 0.673525
v  -0.272527 0.13514 0.708978
v  -0.262247 0.110711 0.658923
v  -0.266436 0.086778 0.678353
v  -0.277245 0.118315 0.723199
v  -0.272527 0.13514 0.708978
v  -0.277245 0.118315 0.723199
v  -0.266535 0.148376 0.752471
v  -0.26673 0.159088 0.744051
v  -0.272527 0.13514 0.708978
v  -0.26673 0.159088 0.744051
v  -0.261612 0.168864 0.734372
v  -0.259806 0.163164 0.698853
v  -0.272527 0.13514 0.708978
v  -0.259806 0.163164 0.698853
v  -0.250245 0.146376 0.649051
v  -0.262247 0.110711 0.658923
v  -0.167422 0.185827 0.748544
v  -0.149227 0.185442 0.725801
v  -0.146423 0.199843 0.714352
v  -0.166054 0.197702 0.740484
v  -0.167422 0.185827 0.748544
v  -0.166054 0.197702 0.740484
v  -0.182091 0.201281 0.769592
v  -0.182824 0.193119 0.773727
v  -0.167422 0.185827 0.748544
v  -0.182824 0.193119 0.773727
v  -0.190598 0.185004 0.768576
v  -0.176177 0.175355 0.745975
v  -0.167422 0.185827 0.748544
v  -0.176177 0.175355 0.745975
v  -0.156827 0.171406 0.726353
v  -0.149227 0.185442 0.725801
v  -0.060976 -0.202836 0.425173
v  -0.052333 -0.193432 0.389274
v  0 -0.197071 0.389662
v  0 -0.207078 0.424557
v  -0.060976 -0.202836 0.425173
v  0 -0.207078 0.424557
v  0 -0.211585 0.454853
v  -0.064696 -0.206935 0.456528
v  -0.060976 -0.202836 0.425173
v  -0.064696 -0.206935 0.456528
v  -0.123349 -0.191207 0.46555
v  -0.117754 -0.187113 0.43321
v  -0.060976 -0.202836 0.425173
v  -0.117754 -0.187113 0.43321
v  -0.104103 -0.175452 0.395192
v  -0.052333 -0.193432 0.389274
v  -0.0644 0.239633 0.630943
v  -0.055492 0.260609 0.577437
v  -0.14273 0.18989 0.6216
v  -0.125621 0.188051 0.654099
v  -0.0644 0.239633 0.630943
v  -0.125621 0.188051 0.654099
v  -0.119403 0.181591 0.675037
v  -0.067496 0.219028 0.66151
v  -0.0644 0.239633 0.630943
v  -0.067496 0.219028 0.66151
v  0 0.23009 0.65218
v  0 0.251284 0.623647
v  -0.0644 0.239633 0.630943
v  0 0.251284 0.623647
v  0 0.270397 0.575496
v  -0.055492 0.260609 0.577437
v  -0.228141 -0.048869 0.510147
v  -0.221507 -0.025972 0.467278
v  -0.195867 -0.088972 0.440055
v  -0.203501 -0.11087 0.482802
v  -0.228141 -0.048869 0.510147
v  -0.203501 -0.11087 0.482802
v  -0.20494 -0.119889 0.511779
v  -0.228961 -0.061709 0.53729
v  -0.228141 -0.048869 0.510147
v  -0.228961 -0.061709 0.53729
v  -0.240324 -0.006297 0.558248
v  -0.239477 0.010265 0.53352
v  -0.228141 -0.048869 0.510147
v  -0.239477 0.010265 0.53352
v  -0.232068 0.035088 0.492416
v  -0.221507 -0.025972 0.467278
v  -0.165627 -0.155921 0.454641
v  -0.153465 -0.13717 0.414006
v  -0.104103 -0.175452 0.395192
v  -0.117754 -0.187113 0.43321
v  -0.165627 -0.155921 0.454641
v  -0.117754 -0.187113 0.43321
v  -0.123349 -0.191207 0.46555
v  -0.169917 -0.162623 0.485917
v  -0.165627 -0.155921 0.454641
v  -0.169917 -0.162623 0.485917
v  -0.20494 -0.119889 0.511779
v  -0.203501 -0.11087 0.482802
v  -0.165627 -0.155921 0.454641
v  -0.203501 -0.11087 0.482802
v  -0.195867 -0.088972 0.440055
v  -0.153465 -0.13717 0.414006
v  -0.236192 0.047398 0.552441
v  -0.22949 0.077354 0.513901
v  -0.232068 0.035088 0.492416
v  -0.239477 0.010265 0.53352
v  -0.236192 0.047398 0.552441
v  -0.239477 0.010265 0.53352
v  -0.240324 -0.006297 0.558248
v  -0.236904 0.028233 0.571152
v  -0.236192 0.047398 0.552441
v  -0.236904 0.028233 0.571152
v  -0.225807 0.058406 0.591039
v  -0.229251 0.074656 0.577952
v  -0.236192 0.047398 0.552441
v  -0.229251 0.074656 0.577952
v  -0.215111 0.115947 0.555785
v  -0.22949 0.077354 0.513901
v  -0.21571 0.20099 0.792945
v  -0.21491 0.206749 0.767707
v  -0.240881 0.19687 0.779359
v  -0.244318 0.19213 0.807832
v  -0.21571 0.20099 0.792945
v  -0.244318 0.19213 0.807832
v  -0.243861 0.18639 0.819326
v  -0.212989 0.195689 0.803856
v  -0.21571 0.20099 0.792945
v  -0.212989 0.195689 0.803856
v  -0.182091 0.201281 0.769592
v  -0.187963 0.206571 0.75925
v  -0.21571 0.20099 0.792945
v  -0.187963 0.206571 0.75925
v  -0.195059 0.2098 0.748451
v  -0.21491 0.206749 0.767707
v  -0.272652 0.114495 0.73232
v  -0.264221 0.079234 0.695363
v  -0.253376 0.088627 0.70347
v  -0.257652 0.122751 0.732372
v  -0.272652 0.114495 0.73232
v  -0.257652 0.122751 0.732372
v  -0.253611 0.148204 0.754022
v  -0.262263 0.14384 0.757169
v  -0.272652 0.114495 0.73232
v  -0.262263 0.14384 0.757169
v  -0.266535 0.148376 0.752471
v  -0.277245 0.118315 0.723199
v  -0.272652 0.114495 0.73232
v  -0.277245 0.118315 0.723199
v  -0.266436 0.086778 0.678353
v  -0.264221 0.079234 0.695363
v  -0.171772 0.207563 0.727012
v  -0.152305 0.20939 0.697968
v  -0.16538 0.217697 0.68179
v  -0.184287 0.214573 0.718149
v  -0.171772 0.207563 0.727012
v  -0.184287 0.214573 0.718149
v  -0.195059 0.2098 0.748451
v  -0.187963 0.206571 0.75925
v  -0.171772 0.207563 0.727012
v  -0.187963 0.206571 0.75925
v  -0.182091 0.201281 0.769592
v  -0.166054 0.197702 0.740484
v  -0.171772 0.207563 0.727012
v  -0.166054 0.197702 0.740484
v  -0.146423 0.199843 0.714352
v  -0.152305 0.20939 0.697968
v  -0.194739 0.184768 0.716454
v  -0.17554 0.18009 0.686334
v  -0.156827 0.171406 0.726353
v  -0.176177 0.175355 0.745975
v  -0.194739 0.184768 0.716454
v  -0.176177 0.175355 0.745975
v  -0.190598 0.185004 0.768576
v  -0.20532 0.186095 0.74715
v  -0.194739 0.184768 0.716454
v  -0.20532 0.186095 0.74715
v  -0.222352 0.180766 0.737664
v  -0.210126 0.181968 0.698927
v  -0.194739 0.184768 0.716454
v  -0.210126 0.181968 0.698927
v  -0.195259 0.17334 0.663035
v  -0.17554 0.18009 0.686334
v  -0.124438 -0.008863 0.711401
v  -0.136502 0.010678 0.699054
v  -0.150346 -0.014794 0.690183
v  -0.136845 -0.031968 0.703232
v  -0.124438 -0.008863 0.711401
v  -0.136845 -0.031968 0.703232
v  -0.124165 -0.051645 0.71779
v  -0.112889 -0.02991 0.72538
v  -0.124438 -0.008863 0.711401
v  -0.112889 -0.02991 0.72538
v  -0.099955 -0.009727 0.730744
v  -0.113662 0.008333 0.71669
v  -0.124438 -0.008863 0.711401
v  -0.113662 0.008333 0.71669
v  -0.123877 0.02772 0.706213
v  -0.136502 0.010678 0.699054
v  -0.084057 -0.125583 0.87727
v  -0.083565 -0.114854 0.84606
v  -0.09012 -0.135734 0.839824
v  -0.089198 -0.146608 0.869236
v  -0.084057 -0.125583 0.87727
v  -0.089198 -0.146608 0.869236
v  -0.078944 -0.154291 0.888453
v  -0.075496 -0.133019 0.898071
v  -0.084057 -0.125583 0.87727
v  -0.075496 -0.133019 0.898071
v  -0.069827 -0.114442 0.9042
v  -0.077399 -0.107965 0.882192
v  -0.084057 -0.125583 0.87727
v  -0.077399 -0.107965 0.882192
v  -0.076455 -0.097622 0.849567
v  -0.083565 -0.114854 0.84606
v  -0.075873 0.400744 -0.823093
v  -0.126868 0.38928 -0.800981
v  -0.121446 0.420388 -0.787071
v  -0.074676 0.423289 -0.810071
v  -0.075873 0.400744 -0.823093
v  -0.074676 0.423289 -0.810071
v  -0.035832 0.438129 -0.830401
v  -0.034093 0.424738 -0.840059
v  -0.075873 0.400744 -0.823093
v  -0.034093 0.424738 -0.840059
v  -0.026356 0.412604 -0.847766
v  -0.063929 0.382475 -0.834229
v  -0.075873 0.400744 -0.823093
v  -0.063929 0.382475 -0.834229
v  -0.121234 0.34561 -0.81994
v  -0.126868 0.38928 -0.800981
v  -0.118217 0.289182 0.357222
v  -0.088153 0.307954 0.363803
v  -0.104462 0.349571 0.303655
v  -0.140037 0.32851 0.296343
v  -0.118217 0.289182 0.357222
v  -0.140037 0.32851 0.296343
v  -0.167404 0.303545 0.287577
v  -0.142027 0.268597 0.349491
v  -0.118217 0.289182 0.357222
v  -0.142027 0.268597 0.349491
v  -0.130871 0.241438 0.405737
v  -0.109532 0.259032 0.415013
v  -0.118217 0.289182 0.357222
v  -0.109532 0.259032 0.415013
v  -0.08338 0.274861 0.424238
v  -0.088153 0.307954 0.363803
v  -0.196285 0.490231 -0.580759
v  -0.160373 0.532542 -0.583253
v  -0.141828 0.513163 -0.672756
v  -0.174096 0.478902 -0.673572
v  -0.196285 0.490231 -0.580759
v  -0.174096 0.478902 -0.673572
v  -0.189304 0.443487 -0.675653
v  -0.213664 0.447056 -0.580456
v  -0.196285 0.490231 -0.580759
v  -0.213664 0.447056 -0.580456
v  -0.233732 0.442282 -0.465613
v  -0.21271 0.493739 -0.466458
v  -0.196285 0.490231 -0.580759
v  -0.21271 0.493739 -0.466458
v  -0.172237 0.543553 -0.469529
v  -0.160373 0.532542 -0.583253
v  -0.225798 0.486708 -0.342469
v  -0.180469 0.536642 -0.34249
v  -0.172237 0.543553 -0.469529
v  -0.21271 0.493739 -0.466458
v  -0.225798 0.486708 -0.342469
v  -0.21271 0.493739 -0.466458
v  -0.233732 0.442282 -0.465613
v  -0.250684 0.433141 -0.341047
v  -0.225798 0.486708 -0.342469
v  -0.250684 0.433141 -0.341047
v  -0.254216 0.416003 -0.198896
v  -0.225981 0.465163 -0.198943
v  -0.225798 0.486708 -0.342469
v  -0.225981 0.465163 -0.198943
v  -0.17781 0.509833 -0.196014
v  -0.180469 0.536642 -0.34249
v  -0.204058 0.437141 -0.028635
v  -0.157133 0.47706 -0.027158
v  -0.17781 0.509833 -0.196014
v  -0.225981 0.465163 -0.198943
v  -0.204058 0.437141 -0.028635
v  -0.225981 0.465163 -0.198943
v  -0.254216 0.416003 -0.198896
v  -0.234664 0.392307 -0.029687
v  -0.204058 0.437141 -0.028635
v  -0.234664 0.392307 -0.029687
v  -0.207952 0.366145 0.126854
v  -0.176423 0.4015 0.133625
v  -0.204058 0.437141 -0.028635
v  -0.176423 0.4015 0.133625
v  -0.132794 0.430687 0.138601
v  -0.157133 0.47706 -0.027158
v  -0.03482 -0.097824 0.916964
v  -0.030008 -0.080945 0.911118
v  -0.04932 -0.084818 0.903184
v  -0.060613 -0.096674 0.907305
v  -0.03482 -0.097824 0.916964
v  -0.060613 -0.096674 0.907305
v  -0.069827 -0.114442 0.9042
v  -0.040382 -0.118169 0.913784
v  -0.03482 -0.097824 0.916964
v  -0.040382 -0.118169 0.913784
v  0 -0.119344 0.91547
v  0 -0.097367 0.918553
v  -0.03482 -0.097824 0.916964
v  0 -0.097367 0.918553
v  0 -0.079077 0.912848
v  -0.030008 -0.080945 0.911118
v  -0.143321 0.464561 -0.735386
v  -0.113122 0.495725 -0.729637
v  -0.079411 0.479876 -0.765471
v  -0.105929 0.452299 -0.774624
v  -0.143321 0.464561 -0.735386
v  -0.105929 0.452299 -0.774624
v  -0.121446 0.420388 -0.787071
v  -0.159125 0.430379 -0.743308
v  -0.143321 0.464561 -0.735386
v  -0.159125 0.430379 -0.743308
v  -0.189304 0.443487 -0.675653
v  -0.174096 0.478902 -0.673572
v  -0.143321 0.464561 -0.735386
v  -0.174096 0.478902 -0.673572
v  -0.141828 0.513163 -0.672756
v  -0.113122 0.495725 -0.729637
v  -0.195144 0.18229 0.500779
v  -0.152367 0.221444 0.399676
v  -0.172485 0.193466 0.391226
v  -0.200913 0.153842 0.471397
v  -0.195144 0.18229 0.500779
v  -0.200913 0.153842 0.471397
v  -0.215111 0.115947 0.555785
v  -0.205363 0.154521 0.556696
v  -0.195144 0.18229 0.500779
v  -0.205363 0.154521 0.556696
v  -0.188445 0.17993 0.568058
v  -0.176546 0.208389 0.515053
v  -0.195144 0.18229 0.500779
v  -0.176546 0.208389 0.515053
v  -0.130871 0.241438 0.405737
v  -0.152367 0.221444 0.399676
v  -0.103698 -0.05533 0.741734
v  -0.112889 -0.02991 0.72538
v  -0.124165 -0.051645 0.71779
v  -0.113458 -0.076665 0.735144
v  -0.103698 -0.05533 0.741734
v  -0.113458 -0.076665 0.735144
v  -0.104172 -0.101598 0.760628
v  -0.095845 -0.080286 0.766348
v  -0.103698 -0.05533 0.741734
v  -0.095845 -0.080286 0.766348
v  -0.086597 -0.062388 0.769852
v  -0.092679 -0.038273 0.746704
v  -0.103698 -0.05533 0.741734
v  -0.092679 -0.038273 0.746704
v  -0.099955 -0.009727 0.730744
v  -0.112889 -0.02991 0.72538
v  -0.256646 0.170057 0.791538
v  -0.259554 0.174649 0.791844
v  -0.266535 0.148376 0.752471
v  -0.262263 0.14384 0.757169
v  -0.256646 0.170057 0.791538
v  -0.262263 0.14384 0.757169
v  -0.253611 0.148204 0.754022
v  -0.250949 0.169914 0.783243
v  -0.256646 0.170057 0.791538
v  -0.250949 0.169914 0.783243
v  -0.239296 0.176537 0.801862
v  -0.242816 0.180088 0.816837
v  -0.256646 0.170057 0.791538
v  -0.242816 0.180088 0.816837
v  -0.243861 0.18639 0.819326
v  -0.259554 0.174649 0.791844
v  -0.24739 0.185583 0.714259
v  -0.234965 0.185728 0.65689
v  -0.250245 0.146376 0.649051
v  -0.259806 0.163164 0.698853
v  -0.24739 0.185583 0.714259
v  -0.259806 0.163164 0.698853
v  -0.261612 0.168864 0.734372
v  -0.256885 0.183289 0.760511
v  -0.24739 0.185583 0.714259
v  -0.256885 0.183289 0.760511
v  -0.240881 0.19687 0.779359
v  -0.229891 0.204279 0.729481
v  -0.24739 0.185583 0.714259
v  -0.229891 0.204279 0.729481
v  -0.215098 0.213754 0.66859
v  -0.234965 0.185728 0.65689
v  -0.260093 0.181013 0.783165
v  -0.256885 0.183289 0.760511
v  -0.261612 0.168864 0.734372
v  -0.26673 0.159088 0.744051
v  -0.260093 0.181013 0.783165
v  -0.26673 0.159088 0.744051
v  -0.266535 0.148376 0.752471
v  -0.259554 0.174649 0.791844
v  -0.260093 0.181013 0.783165
v  -0.259554 0.174649 0.791844
v  -0.243861 0.18639 0.819326
v  -0.244318 0.19213 0.807832
v  -0.260093 0.181013 0.783165
v  -0.244318 0.19213 0.807832
v  -0.240881 0.19687 0.779359
v  -0.256885 0.183289 0.760511
v  -0.064449 -0.221732 0.54377
v  -0.066306 -0.216018 0.516728
v  0 -0.221305 0.513882
v  0 -0.22741 0.541097
v  -0.064449 -0.221732 0.54377
v  0 -0.22741 0.541097
v  0 -0.232426 0.56516
v  -0.061546 -0.226471 0.567347
v  -0.064449 -0.221732 0.54377
v  -0.061546 -0.226471 0.567347
v  -0.113413 -0.210612 0.575319
v  -0.120235 -0.205913 0.552954
v  -0.064449 -0.221732 0.54377
v  -0.120235 -0.205913 0.552954
v  -0.12508 -0.200343 0.526614
v  -0.066306 -0.216018 0.516728
v  -0.145615 0.127885 0.687308
v  -0.159925 0.144609 0.679021
v  -0.171156 0.129055 0.668903
v  -0.156698 0.106413 0.678406
v  -0.145615 0.127885 0.687308
v  -0.156698 0.106413 0.678406
v  -0.137948 0.080173 0.690086
v  -0.124308 0.110147 0.696238
v  -0.145615 0.127885 0.687308
v  -0.124308 0.110147 0.696238
v  -0.102139 0.123561 0.706354
v  -0.128615 0.13767 0.693212
v  -0.145615 0.127885 0.687308
v  -0.128615 0.13767 0.693212
v  -0.145265 0.150857 0.685455
v  -0.159925 0.144609 0.679021
v  -0.076236 0.162032 0.711641
v  -0.082916 0.182477 0.700133
v  -0.145265 0.150857 0.685455
v  -0.128615 0.13767 0.693212
v  -0.076236 0.162032 0.711641
v  -0.128615 0.13767 0.693212
v  -0.102139 0.123561 0.706354
v  -0.062114 0.135098 0.719665
v  -0.076236 0.162032 0.711641
v  -0.062114 0.135098 0.719665
v  0 0.137425 0.722977
v  0 0.160503 0.713037
v  -0.076236 0.162032 0.711641
v  0 0.160503 0.713037
v  0 0.183318 0.698282
v  -0.082916 0.182477 0.700133
v  -0.206083 -0.09843 0.610937
v  -0.223302 -0.085964 0.589102
v  -0.200508 -0.136847 0.567174
v  -0.185436 -0.145878 0.590447
v  -0.206083 -0.09843 0.610937
v  -0.185436 -0.145878 0.590447
v  -0.167185 -0.153775 0.609501
v  -0.185305 -0.109971 0.628984
v  -0.206083 -0.09843 0.610937
v  -0.185305 -0.109971 0.628984
v  -0.195184 -0.062632 0.645341
v  -0.216495 -0.047991 0.627746
v  -0.206083 -0.09843 0.610937
v  -0.216495 -0.047991 0.627746
v  -0.23413 -0.033413 0.606892
v  -0.223302 -0.085964 0.589102
v  -0.158692 -0.181167 0.569816
v  -0.168791 -0.174463 0.544887
v  -0.12508 -0.200343 0.526614
v  -0.120235 -0.205913 0.552954
v  -0.158692 -0.181167 0.569816
v  -0.120235 -0.205913 0.552954
v  -0.113413 -0.210612 0.575319
v  -0.145924 -0.186851 0.590491
v  -0.158692 -0.181167 0.569816
v  -0.145924 -0.186851 0.590491
v  -0.167185 -0.153775 0.609501
v  -0.185436 -0.145878 0.590447
v  -0.158692 -0.181167 0.569816
v  -0.185436 -0.145878 0.590447
v  -0.200508 -0.136847 0.567174
v  -0.168791 -0.174463 0.544887
v  -0.211907 -0.003091 0.637347
v  -0.226183 0.013028 0.616821
v  -0.23413 -0.033413 0.606892
v  -0.216495 -0.047991 0.627746
v  -0.211907 -0.003091 0.637347
v  -0.216495 -0.047991 0.627746
v  -0.195184 -0.062632 0.645341
v  -0.191725 -0.018952 0.654971
v  -0.211907 -0.003091 0.637347
v  -0.191725 -0.018952 0.654971
v  -0.178607 0.019757 0.663245
v  -0.186462 0.049299 0.64695
v  -0.211907 -0.003091 0.637347
v  -0.186462 0.049299 0.64695
v  -0.195664 0.079056 0.632711
v  -0.226183 0.013028 0.616821
v  -0.17169 0.080479 0.66239
v  -0.182438 0.103267 0.655943
v  -0.195664 0.079056 0.632711
v  -0.186462 0.049299 0.64695
v  -0.17169 0.080479 0.66239
v  -0.186462 0.049299 0.64695
v  -0.178607 0.019757 0.663245
v  -0.159338 0.05298 0.675654
v  -0.17169 0.080479 0.66239
v  -0.159338 0.05298 0.675654
v  -0.137948 0.080173 0.690086
v  -0.156698 0.106413 0.678406
v  -0.17169 0.080479 0.66239
v  -0.156698 0.106413 0.678406
v  -0.171156 0.129055 0.668903
v  -0.182438 0.103267 0.655943
v  -0.204061 0.129623 0.629306
v  -0.182438 0.103267 0.655943
v  -0.171156 0.129055 0.668903
v  -0.178815 0.157268 0.63808
v  -0.204061 0.129623 0.629306
v  -0.178815 0.157268 0.63808
v  -0.195259 0.17334 0.663035
v  -0.223249 0.141894 0.664863
v  -0.204061 0.129623 0.629306
v  -0.223249 0.141894 0.664863
v  -0.253376 0.088627 0.70347
v  -0.227173 0.069602 0.663334
v  -0.204061 0.129623 0.629306
v  -0.227173 0.069602 0.663334
v  -0.195664 0.079056 0.632711
v  -0.182438 0.103267 0.655943
v  -0.177469 0.209698 0.632145
v  -0.1662 0.186615 0.59206
v  -0.188445 0.17993 0.568058
v  -0.204325 0.204968 0.615201
v  -0.177469 0.209698 0.632145
v  -0.204325 0.204968 0.615201
v  -0.215098 0.213754 0.66859
v  -0.188269 0.223883 0.673525
v  -0.177469 0.209698 0.632145
v  -0.188269 0.223883 0.673525
v  -0.16538 0.217697 0.68179
v  -0.149887 0.201723 0.651253
v  -0.177469 0.209698 0.632145
v  -0.149887 0.201723 0.651253
v  -0.14273 0.18989 0.6216
v  -0.1662 0.186615 0.59206
v  -0.240116 0.099706 0.608316
v  -0.229251 0.074656 0.577952
v  -0.225807 0.058406 0.591039
v  -0.231812 0.076508 0.623365
v  -0.240116 0.099706 0.608316
v  -0.231812 0.076508 0.623365
v  -0.266436 0.086778 0.678353
v  -0.262247 0.110711 0.658923
v  -0.240116 0.099706 0.608316
v  -0.262247 0.110711 0.658923
v  -0.250245 0.146376 0.649051
v  -0.236358 0.131811 0.600485
v  -0.240116 0.099706 0.608316
v  -0.236358 0.131811 0.600485
v  -0.215111 0.115947 0.555785
v  -0.229251 0.074656 0.577952
v  -0.135855 0.179014 0.702464
v  -0.12321 0.170962 0.684377
v  -0.119403 0.181591 0.675037
v  -0.134843 0.189976 0.691566
v  -0.135855 0.179014 0.702464
v  -0.134843 0.189976 0.691566
v  -0.146423 0.199843 0.714352
v  -0.149227 0.185442 0.725801
v  -0.135855 0.179014 0.702464
v  -0.149227 0.185442 0.725801
v  -0.156827 0.171406 0.726353
v  -0.146717 0.164377 0.703861
v  -0.135855 0.179014 0.702464
v  -0.146717 0.164377 0.703861
v  -0.145265 0.150857 0.685455
v  -0.12321 0.170962 0.684377
v  -0.228092 0.060988 0.644744
v  -0.216118 0.061982 0.608893
v  -0.195664 0.079056 0.632711
v  -0.227173 0.069602 0.663334
v  -0.228092 0.060988 0.644744
v  -0.227173 0.069602 0.663334
v  -0.253376 0.088627 0.70347
v  -0.264221 0.079234 0.695363
v  -0.228092 0.060988 0.644744
v  -0.264221 0.079234 0.695363
v  -0.266436 0.086778 0.678353
v  -0.231812 0.076508 0.623365
v  -0.228092 0.060988 0.644744
v  -0.231812 0.076508 0.623365
v  -0.225807 0.058406 0.591039
v  -0.216118 0.061982 0.608893
v  -0.139101 0.199599 0.672861
v  -0.125621 0.188051 0.654099
v  -0.14273 0.18989 0.6216
v  -0.149887 0.201723 0.651253
v  -0.139101 0.199599 0.672861
v  -0.149887 0.201723 0.651253
v  -0.16538 0.217697 0.68179
v  -0.152305 0.20939 0.697968
v  -0.139101 0.199599 0.672861
v  -0.152305 0.20939 0.697968
v  -0.146423 0.199843 0.714352
v  -0.134843 0.189976 0.691566
v  -0.139101 0.199599 0.672861
v  -0.134843 0.189976 0.691566
v  -0.119403 0.181591 0.675037
v  -0.125621 0.188051 0.654099
v  -0.1586 0.168824 0.660735
v  -0.159925 0.144609 0.679021
v  -0.145265 0.150857 0.685455
v  -0.146717 0.164377 0.703861
v  -0.1586 0.168824 0.660735
v  -0.146717 0.164377 0.703861
v  -0.156827 0.171406 0.726353
v  -0.17554 0.18009 0.686334
v  -0.1586 0.168824 0.660735
v  -0.17554 0.18009 0.686334
v  -0.195259 0.17334 0.663035
v  -0.178815 0.157268 0.63808
v  -0.1586 0.168824 0.660735
v  -0.178815 0.157268 0.63808
v  -0.171156 0.129055 0.668903
v  -0.159925 0.144609 0.679021
v  -0.222832 0.173908 0.602761
v  -0.205363 0.154521 0.556696
v  -0.215111 0.115947 0.555785
v  -0.236358 0.131811 0.600485
v  -0.222832 0.173908 0.602761
v  -0.236358 0.131811 0.600485
v  -0.250245 0.146376 0.649051
v  -0.234965 0.185728 0.65689
v  -0.222832 0.173908 0.602761
v  -0.234965 0.185728 0.65689
v  -0.215098 0.213754 0.66859
v  -0.204325 0.204968 0.615201
v  -0.222832 0.173908 0.602761
v  -0.204325 0.204968 0.615201
v  -0.188445 0.17993 0.568058
v  -0.205363 0.154521 0.556696
v  -0.242269 0.173507 0.769911
v  -0.240004 0.166855 0.738526
v  -0.222352 0.180766 0.737664
v  -0.232253 0.180578 0.775788
v  -0.242269 0.173507 0.769911
v  -0.232253 0.180578 0.775788
v  -0.239296 0.176537 0.801862
v  -0.250949 0.169914 0.783243
v  -0.242269 0.173507 0.769911
v  -0.250949 0.169914 0.783243
v  -0.253611 0.148204 0.754022
v  -0.240004 0.166855 0.738526
v  -0.21723 0.185541 0.77604
v  -0.20532 0.186095 0.74715
v  -0.190598 0.185004 0.768576
v  -0.215449 0.184203 0.79366
v  -0.21723 0.185541 0.77604
v  -0.215449 0.184203 0.79366
v  -0.239296 0.176537 0.801862
v  -0.232253 0.180578 0.775788
v  -0.21723 0.185541 0.77604
v  -0.232253 0.180578 0.775788
v  -0.222352 0.180766 0.737664
v  -0.20532 0.186095 0.74715
v  -0.019867 0.455785 -0.873572
v  -0.034093 0.424738 -0.840059
v  -0.035832 0.438129 -0.830401
v  -0.021926 0.465495 -0.866155
v  -0.019867 0.455785 -0.873572
v  -0.021926 0.465495 -0.866155
v  -0.02064 0.502553 -0.904307
v  -0.019386 0.494392 -0.910803
v  -0.019867 0.455785 -0.873572
v  -0.019386 0.494392 -0.910803
v  -0.014956 0.486463 -0.915838
v  -0.014398 0.446338 -0.879296
v  -0.019867 0.455785 -0.873572
v  -0.014398 0.446338 -0.879296
v  -0.026356 0.412604 -0.847766
v  -0.034093 0.424738 -0.840059
v  -0.005972 0.483129 -0.851295
v  -0.009746 0.466526 -0.813954
v  -0.002737 0.469851 -0.812905
v  -0.00247 0.485113 -0.849711
v  -0.005972 0.483129 -0.851295
v  -0.00247 0.485113 -0.849711
v  -0.002168 0.51673 -0.886365
v  -0.006461 0.515859 -0.888319
v  -0.005972 0.483129 -0.851295
v  -0.006461 0.515859 -0.888319
v  -0.013842 0.51322 -0.892736
v  -0.013547 0.478589 -0.855051
v  -0.005972 0.483129 -0.851295
v  -0.013547 0.478589 -0.855051
v  -0.021253 0.458924 -0.817192
v  -0.009746 0.466526 -0.813954
v  -0.035197 0.372717 -0.839519
v  -0.059043 0.335215 -0.840175
v  -0.121234 0.34561 -0.81994
v  -0.063929 0.382475 -0.834229
v  -0.035197 0.372717 -0.839519
v  -0.063929 0.382475 -0.834229
v  -0.026356 0.412604 -0.847766
v  -0.013442 0.404775 -0.849584
v  -0.035197 0.372717 -0.839519
v  -0.013442 0.404775 -0.849584
v  -0.002065 0.401912 -0.849013
v  -0.001912 0.369839 -0.840656
v  -0.035197 0.372717 -0.839519
v  -0.001912 0.369839 -0.840656
v  -0.001637 0.336107 -0.843958
v  -0.059043 0.335215 -0.840175
v  -0.064011 0.445147 -0.798992
v  -0.105929 0.452299 -0.774624
v  -0.079411 0.479876 -0.765471
v  -0.046004 0.463561 -0.790961
v  -0.064011 0.445147 -0.798992
v  -0.046004 0.463561 -0.790961
v  -0.021253 0.458924 -0.817192
v  -0.030751 0.449491 -0.822726
v  -0.064011 0.445147 -0.798992
v  -0.030751 0.449491 -0.822726
v  -0.035832 0.438129 -0.830401
v  -0.074676 0.423289 -0.810071
v  -0.064011 0.445147 -0.798992
v  -0.074676 0.423289 -0.810071
v  -0.121446 0.420388 -0.787071
v  -0.105929 0.452299 -0.774624
v  -0.006752 0.43968 -0.880392
v  -0.013442 0.404775 -0.849584
v  -0.026356 0.412604 -0.847766
v  -0.014398 0.446338 -0.879296
v  -0.006752 0.43968 -0.880392
v  -0.014398 0.446338 -0.879296
v  -0.014956 0.486463 -0.915838
v  -0.007387 0.480884 -0.917588
v  -0.006752 0.43968 -0.880392
v  -0.007387 0.480884 -0.917588
v  -0.001755 0.478674 -0.91764
v  -0.001986 0.437038 -0.879781
v  -0.006752 0.43968 -0.880392
v  -0.001986 0.437038 -0.879781
v  -0.002065 0.401912 -0.849013
v  -0.013442 0.404775 -0.849584
v  -0.019343 0.472903 -0.859992
v  -0.030751 0.449491 -0.822726
v  -0.021253 0.458924 -0.817192
v  -0.013547 0.478589 -0.855051
v  -0.019343 0.472903 -0.859992
v  -0.013547 0.478589 -0.855051
v  -0.013842 0.51322 -0.892736
v  -0.018681 0.508803 -0.898173
v  -0.019343 0.472903 -0.859992
v  -0.018681 0.508803 -0.898173
v  -0.02064 0.502553 -0.904307
v  -0.021926 0.465495 -0.866155
v  -0.019343 0.472903 -0.859992
v  -0.021926 0.465495 -0.866155
v  -0.035832 0.438129 -0.830401
v  -0.030751 0.449491 -0.822726
v  -0.017603 0.55038 -0.924958
v  -0.018681 0.508803 -0.898173
v  -0.013842 0.51322 -0.892736
v  -0.013027 0.553272 -0.918837
v  -0.017603 0.55038 -0.924958
v  -0.013027 0.553272 -0.918837
v  -0.011953 0.596189 -0.93133
v  -0.016345 0.594926 -0.937712
v  -0.017603 0.55038 -0.924958
v  -0.016345 0.594926 -0.937712
v  -0.018413 0.593236 -0.945388
v  -0.01962 0.546218 -0.932018
v  -0.017603 0.55038 -0.924958
v  -0.01962 0.546218 -0.932018
v  -0.02064 0.502553 -0.904307
v  -0.018681 0.508803 -0.898173
v  -0.018829 0.54076 -0.938995
v  -0.019386 0.494392 -0.910803
v  -0.02064 0.502553 -0.904307
v  -0.01962 0.546218 -0.932018
v  -0.018829 0.54076 -0.938995
v  -0.01962 0.546218 -0.932018
v  -0.018413 0.593236 -0.945388
v  -0.017771 0.590686 -0.952905
v  -0.018829 0.54076 -0.938995
v  -0.017771 0.590686 -0.952905
v  -0.014141 0.588201 -0.958861
v  -0.014916 0.535507 -0.944471
v  -0.018829 0.54076 -0.938995
v  -0.014916 0.535507 -0.944471
v  -0.014956 0.486463 -0.915838
v  -0.019386 0.494392 -0.910803
v  -0.007568 0.531932 -0.94703
v  -0.007387 0.480884 -0.917588
v  -0.014956 0.486463 -0.915838
v  -0.014916 0.535507 -0.944471
v  -0.007568 0.531932 -0.94703
v  -0.014916 0.535507 -0.944471
v  -0.014141 0.588201 -0.958861
v  -0.007242 0.586676 -0.961848
v  -0.007568 0.531932 -0.94703
v  -0.007242 0.586676 -0.961848
v  -0.001296 0.586146 -0.962598
v  -0.001503 0.530556 -0.947578
v  -0.007568 0.531932 -0.94703
v  -0.001503 0.530556 -0.947578
v  -0.001755 0.478674 -0.91764
v  -0.007387 0.480884 -0.917588
v  -0.006139 0.554888 -0.914669
v  -0.006461 0.515859 -0.888319
v  -0.002168 0.51673 -0.886365
v  -0.001886 0.555372 -0.913073
v  -0.006139 0.554888 -0.914669
v  -0.001886 0.555372 -0.913073
v  -0.001668 0.598022 -0.926553
v  -0.005621 0.597421 -0.92769
v  -0.006139 0.554888 -0.914669
v  -0.005621 0.597421 -0.92769
v  -0.011953 0.596189 -0.93133
v  -0.013027 0.553272 -0.918837
v  -0.006139 0.554888 -0.914669
v  -0.013027 0.553272 -0.918837
v  -0.013842 0.51322 -0.892736
v  -0.006461 0.515859 -0.888319
v  -0.006334 0.639025 -0.955309
v  -0.007242 0.586676 -0.961848
v  -0.014141 0.588201 -0.958861
v  -0.012474 0.639285 -0.952766
v  -0.006334 0.639025 -0.955309
v  -0.012474 0.639285 -0.952766
v  -0.01033 0.667664 -0.942221
v  -0.005683 0.678387 -0.940083
v  -0.006334 0.639025 -0.955309
v  -0.005683 0.678387 -0.940083
v  -0.001211 0.679321 -0.939969
v  -0.001225 0.638984 -0.955857
v  -0.006334 0.639025 -0.955309
v  -0.001225 0.638984 -0.955857
v  -0.001296 0.586146 -0.962598
v  -0.007242 0.586676 -0.961848
v  -0.015782 0.639922 -0.94733
v  -0.017771 0.590686 -0.952905
v  -0.018413 0.593236 -0.945388
v  -0.016569 0.640278 -0.940498
v  -0.015782 0.639922 -0.94733
v  -0.016569 0.640278 -0.940498
v  -0.013005 0.677724 -0.928732
v  -0.012141 0.677924 -0.935047
v  -0.015782 0.639922 -0.94733
v  -0.012141 0.677924 -0.935047
v  -0.01033 0.667664 -0.942221
v  -0.012474 0.639285 -0.952766
v  -0.015782 0.639922 -0.94733
v  -0.012474 0.639285 -0.952766
v  -0.014141 0.588201 -0.958861
v  -0.017771 0.590686 -0.952905
v  -0.005528 0.640625 -0.924699
v  -0.005621 0.597421 -0.92769
v  -0.001668 0.598022 -0.926553
v  -0.001555 0.641636 -0.923511
v  -0.005528 0.640625 -0.924699
v  -0.001555 0.641636 -0.923511
v  -0.001465 0.677013 -0.915619
v  -0.0058 0.67502 -0.917199
v  -0.005528 0.640625 -0.924699
v  -0.0058 0.67502 -0.917199
v  -0.010175 0.665072 -0.922166
v  -0.01148 0.639367 -0.928151
v  -0.005528 0.640625 -0.924699
v  -0.01148 0.639367 -0.928151
v  -0.011953 0.596189 -0.93133
v  -0.005621 0.597421 -0.92769
v  -0.015148 0.639667 -0.93376
v  -0.016345 0.594926 -0.937712
v  -0.011953 0.596189 -0.93133
v  -0.01148 0.639367 -0.928151
v  -0.015148 0.639667 -0.93376
v  -0.01148 0.639367 -0.928151
v  -0.010175 0.665072 -0.922166
v  -0.012371 0.674965 -0.923343
v  -0.015148 0.639667 -0.93376
v  -0.012371 0.674965 -0.923343
v  -0.013005 0.677724 -0.928732
v  -0.016569 0.640278 -0.940498
v  -0.015148 0.639667 -0.93376
v  -0.016569 0.640278 -0.940498
v  -0.018413 0.593236 -0.945388
v  -0.016345 0.594926 -0.937712
v  -0.006074 0.694769 -0.929153
v  -0.005683 0.678387 -0.940083
v  -0.01033 0.667664 -0.942221
v  -0.012141 0.677924 -0.935047
v  -0.006074 0.694769 -0.929153
v  -0.012141 0.677924 -0.935047
v  -0.013005 0.677724 -0.928732
v  -0.006584 0.696554 -0.921769
v  -0.006074 0.694769 -0.929153
v  -0.006584 0.696554 -0.921769
v  -0.001286 0.701392 -0.919529
v  -0.001227 0.697983 -0.927849
v  -0.006074 0.694769 -0.929153
v  -0.001227 0.697983 -0.927849
v  -0.001211 0.679321 -0.939969
v  -0.005683 0.678387 -0.940083
v  -0.006327 0.691763 -0.916976
v  -0.006584 0.696554 -0.921769
v  -0.013005 0.677724 -0.928732
v  -0.012371 0.674965 -0.923343
v  -0.006327 0.691763 -0.916976
v  -0.012371 0.674965 -0.923343
v  -0.010175 0.665072 -0.922166
v  -0.0058 0.67502 -0.917199
v  -0.006327 0.691763 -0.916976
v  -0.0058 0.67502 -0.917199
v  -0.001465 0.677013 -0.915619
v  -0.001366 0.695611 -0.914844
v  -0.006327 0.691763 -0.916976
v  -0.001366 0.695611 -0.914844
v  -0.001286 0.701392 -0.919529
v  -0.006584 0.696554 -0.921769
v  -0.048932 -0.202557 0.848212
v  -0.084588 -0.195522 0.848249
v  -0.08783 -0.185436 0.821936
v  -0.051023 -0.191843 0.822028
v  -0.048932 -0.202557 0.848212
v  -0.051023 -0.191843 0.822028
v  0 -0.191038 0.82407
v  0 -0.202302 0.850474
v  -0.048932 -0.202557 0.848212
v  0 -0.202302 0.850474
v  0 -0.202753 0.868822
v  -0.047501 -0.202146 0.866645
v  -0.048932 -0.202557 0.848212
v  -0.047501 -0.202146 0.866645
v  -0.073918 -0.194556 0.863292
v  -0.084588 -0.195522 0.848249
v  -0.072366 -0.065693 0.809666
v  -0.077353 -0.045636 0.771875
v  -0.086597 -0.062388 0.769852
v  -0.080355 -0.0823 0.80813
v  -0.072366 -0.065693 0.809666
v  -0.080355 -0.0823 0.80813
v  -0.076455 -0.097622 0.849567
v  -0.068711 -0.0813 0.851379
v  -0.072366 -0.065693 0.809666
v  -0.068711 -0.0813 0.851379
v  -0.055083 -0.068587 0.853363
v  -0.058318 -0.052703 0.811878
v  -0.072366 -0.065693 0.809666
v  -0.058318 -0.052703 0.811878
v  -0.061907 -0.032228 0.774633
v  -0.077353 -0.045636 0.771875
v  -0.032181 -0.045913 0.816931
v  -0.034055 -0.024358 0.780343
v  -0.061907 -0.032228 0.774633
v  -0.058318 -0.052703 0.811878
v  -0.032181 -0.045913 0.816931
v  -0.058318 -0.052703 0.811878
v  -0.055083 -0.068587 0.853363
v  -0.030325 -0.06218 0.857389
v  -0.032181 -0.045913 0.816931
v  -0.030325 -0.06218 0.857389
v  0 -0.060553 0.859912
v  0 -0.044068 0.820167
v  -0.032181 -0.045913 0.816931
v  0 -0.044068 0.820167
v  0 -0.021808 0.783936
v  -0.034055 -0.024358 0.780343
v  -0.102177 -0.147894 0.790513
v  -0.110652 -0.128589 0.75196
v  -0.106907 -0.15919 0.741586
v  -0.093104 -0.169899 0.782868
v  -0.102177 -0.147894 0.790513
v  -0.093104 -0.169899 0.782868
v  -0.08783 -0.185436 0.821936
v  -0.096202 -0.162997 0.829826
v  -0.102177 -0.147894 0.790513
v  -0.096202 -0.162997 0.829826
v  -0.09012 -0.135734 0.839824
v  -0.095751 -0.121008 0.799572
v  -0.102177 -0.147894 0.790513
v  -0.095751 -0.121008 0.799572
v  -0.104172 -0.101598 0.760628
v  -0.110652 -0.128589 0.75196
v  -0.088314 -0.099941 0.805105
v  -0.095845 -0.080286 0.766348
v  -0.104172 -0.101598 0.760628
v  -0.095751 -0.121008 0.799572
v  -0.088314 -0.099941 0.805105
v  -0.095751 -0.121008 0.799572
v  -0.09012 -0.135734 0.839824
v  -0.083565 -0.114854 0.84606
v  -0.088314 -0.099941 0.805105
v  -0.083565 -0.114854 0.84606
v  -0.076455 -0.097622 0.849567
v  -0.080355 -0.0823 0.80813
v  -0.088314 -0.099941 0.805105
v  -0.080355 -0.0823 0.80813
v  -0.086597 -0.062388 0.769852
v  -0.095845 -0.080286 0.766348
v  -0.054048 -0.176324 0.781578
v  -0.093104 -0.169899 0.782868
v  -0.106907 -0.15919 0.741586
v  -0.055573 -0.167722 0.752811
v  -0.054048 -0.176324 0.781578
v  -0.055573 -0.167722 0.752811
v  0 -0.167284 0.752524
v  0 -0.175642 0.782522
v  -0.054048 -0.176324 0.781578
v  0 -0.175642 0.782522
v  0 -0.191038 0.82407
v  -0.051023 -0.191843 0.822028
v  -0.054048 -0.176324 0.781578
v  -0.051023 -0.191843 0.822028
v  -0.08783 -0.185436 0.821936
v  -0.093104 -0.169899 0.782868
v  -0.039097 -0.231704 0.735656
v  -0.041281 -0.226561 0.703105
v  0 -0.231483 0.703401
v  0 -0.236681 0.735981
v  -0.039097 -0.231704 0.735656
v  0 -0.236681 0.735981
v  0 -0.243457 0.768736
v  -0.037054 -0.238742 0.768224
v  -0.039097 -0.231704 0.735656
v  -0.037054 -0.238742 0.768224
v  -0.066708 -0.229834 0.769645
v  -0.070435 -0.221753 0.737628
v  -0.039097 -0.231704 0.735656
v  -0.070435 -0.221753 0.737628
v  -0.074345 -0.215765 0.705374
v  -0.041281 -0.226561 0.703105
v  -0.086252 -0.211809 0.744842
v  -0.090973 -0.203065 0.713366
v  -0.074345 -0.215765 0.705374
v  -0.070435 -0.221753 0.737628
v  -0.086252 -0.211809 0.744842
v  -0.070435 -0.221753 0.737628
v  -0.066708 -0.229834 0.769645
v  -0.081561 -0.22197 0.775955
v  -0.086252 -0.211809 0.744842
v  -0.081561 -0.22197 0.775955
v  -0.088184 -0.214287 0.783368
v  -0.093798 -0.201494 0.75332
v  -0.086252 -0.211809 0.744842
v  -0.093798 -0.201494 0.75332
v  -0.09933 -0.188993 0.7232
v  -0.090973 -0.203065 0.713366
v  -0.033742 -0.24392 0.845064
v  -0.035853 -0.238696 0.852286
v  -0.064933 -0.233353 0.84053
v  -0.060925 -0.238694 0.833761
v  -0.033742 -0.24392 0.845064
v  -0.060925 -0.238694 0.833761
v  -0.053149 -0.241172 0.822808
v  -0.032719 -0.246432 0.829144
v  -0.033742 -0.24392 0.845064
v  -0.032719 -0.246432 0.829144
v  0 -0.248867 0.830808
v  0 -0.245954 0.847141
v  -0.033742 -0.24392 0.845064
v  0 -0.245954 0.847141
v  0 -0.240631 0.85472
v  -0.035853 -0.238696 0.852286
v  -0.043807 -0.211862 0.821006
v  -0.048639 -0.195962 0.790348
v  -0.084086 -0.199081 0.790352
v  -0.075864 -0.21335 0.819158
v  -0.043807 -0.211862 0.821006
v  -0.075864 -0.21335 0.819158
v  -0.063156 -0.222041 0.836896
v  -0.039728 -0.224474 0.845049
v  -0.043807 -0.211862 0.821006
v  -0.039728 -0.224474 0.845049
v  0 -0.225599 0.847721
v  0 -0.212018 0.82208
v  -0.043807 -0.211862 0.821006
v  0 -0.212018 0.82208
v  0 -0.195334 0.789781
v  -0.048639 -0.195962 0.790348
v  -0.084423 -0.218438 0.817909
v  -0.093146 -0.205923 0.788096
v  -0.088184 -0.214287 0.783368
v  -0.08047 -0.225062 0.814997
v  -0.084423 -0.218438 0.817909
v  -0.08047 -0.225062 0.814997
v  -0.064933 -0.233353 0.84053
v  -0.067933 -0.227547 0.842008
v  -0.084423 -0.218438 0.817909
v  -0.067933 -0.227547 0.842008
v  -0.063156 -0.222041 0.836896
v  -0.075864 -0.21335 0.819158
v  -0.084423 -0.218438 0.817909
v  -0.075864 -0.21335 0.819158
v  -0.084086 -0.199081 0.790352
v  -0.093146 -0.205923 0.788096
v  -0.090524 0.019017 0.728736
v  -0.094377 0.031564 0.721456
v  -0.101896 0.031934 0.71683
v  -0.100409 0.016827 0.723024
v  -0.090524 0.019017 0.728736
v  -0.100409 0.016827 0.723024
v  -0.099955 -0.009727 0.730744
v  -0.085929 0.000679 0.738227
v  -0.090524 0.019017 0.728736
v  -0.085929 0.000679 0.738227
v  -0.069457 0.018394 0.741207
v  -0.082243 0.028944 0.730963
v  -0.090524 0.019017 0.728736
v  -0.082243 0.028944 0.730963
v  -0.087888 0.035792 0.724206
v  -0.094377 0.031564 0.721456
v  -0.109417 0.023903 0.716156
v  -0.108374 0.035289 0.712681
v  -0.114201 0.042169 0.708605
v  -0.117346 0.037441 0.708988
v  -0.109417 0.023903 0.716156
v  -0.117346 0.037441 0.708988
v  -0.123877 0.02772 0.706213
v  -0.113662 0.008333 0.71669
v  -0.109417 0.023903 0.716156
v  -0.113662 0.008333 0.71669
v  -0.099955 -0.009727 0.730744
v  -0.100409 0.016827 0.723024
v  -0.109417 0.023903 0.716156
v  -0.100409 0.016827 0.723024
v  -0.101896 0.031934 0.71683
v  -0.108374 0.035289 0.712681
v  -0.087271 0.081722 0.713022
v  -0.091964 0.069118 0.712458
v  -0.08545 0.058722 0.718361
v  -0.079044 0.063804 0.720463
v  -0.087271 0.081722 0.713022
v  -0.079044 0.063804 0.720463
v  -0.064603 0.07103 0.723852
v  -0.075913 0.096314 0.716316
v  -0.087271 0.081722 0.713022
v  -0.075913 0.096314 0.716316
v  -0.102139 0.123561 0.706354
v  -0.1014 0.093135 0.706448
v  -0.087271 0.081722 0.713022
v  -0.1014 0.093135 0.706448
v  -0.102353 0.074831 0.706827
v  -0.091964 0.069118 0.712458
v  -0.115775 0.088064 0.701024
v  -0.113873 0.072655 0.702919
v  -0.102353 0.074831 0.706827
v  -0.1014 0.093135 0.706448
v  -0.115775 0.088064 0.701024
v  -0.1014 0.093135 0.706448
v  -0.102139 0.123561 0.706354
v  -0.124308 0.110147 0.696238
v  -0.115775 0.088064 0.701024
v  -0.124308 0.110147 0.696238
v  -0.137948 0.080173 0.690086
v  -0.125251 0.072568 0.698999
v  -0.115775 0.088064 0.701024
v  -0.125251 0.072568 0.698999
v  -0.121136 0.064563 0.701629
v  -0.113873 0.072655 0.702919
v  -0.05828 -0.22836 0.586334
v  -0.061546 -0.226471 0.567347
v  0 -0.232426 0.56516
v  0 -0.234282 0.584705
v  -0.05828 -0.22836 0.586334
v  0 -0.234282 0.584705
v  0 -0.23456 0.60199
v  -0.054834 -0.228823 0.603027
v  -0.05828 -0.22836 0.586334
v  -0.054834 -0.228823 0.603027
v  -0.099822 -0.213789 0.608162
v  -0.106612 -0.212823 0.592929
v  -0.05828 -0.22836 0.586334
v  -0.106612 -0.212823 0.592929
v  -0.113413 -0.210612 0.575319
v  -0.061546 -0.226471 0.567347
v  -0.047175 0.107532 0.725479
v  -0.062114 0.135098 0.719665
v  -0.102139 0.123561 0.706354
v  -0.075913 0.096314 0.716316
v  -0.047175 0.107532 0.725479
v  -0.075913 0.096314 0.716316
v  -0.064603 0.07103 0.723852
v  -0.03657 0.080219 0.731087
v  -0.047175 0.107532 0.725479
v  -0.03657 0.080219 0.731087
v  0 0.08517 0.735268
v  0 0.111835 0.72963
v  -0.047175 0.107532 0.725479
v  0 0.111835 0.72963
v  0 0.137425 0.722977
v  -0.062114 0.135098 0.719665
v  -0.168921 -0.11939 0.642717
v  -0.185305 -0.109971 0.628984
v  -0.167185 -0.153775 0.609501
v  -0.152761 -0.158967 0.623632
v  -0.168921 -0.11939 0.642717
v  -0.152761 -0.158967 0.623632
v  -0.14025 -0.162808 0.635301
v  -0.154735 -0.127749 0.654292
v  -0.168921 -0.11939 0.642717
v  -0.154735 -0.127749 0.654292
v  -0.163266 -0.089174 0.671561
v  -0.178155 -0.076177 0.659348
v  -0.168921 -0.11939 0.642717
v  -0.178155 -0.076177 0.659348
v  -0.195184 -0.062632 0.645341
v  -0.185305 -0.109971 0.628984
v  -0.135049 -0.189902 0.606199
v  -0.145924 -0.186851 0.590491
v  -0.113413 -0.210612 0.575319
v  -0.106612 -0.212823 0.592929
v  -0.135049 -0.189902 0.606199
v  -0.106612 -0.212823 0.592929
v  -0.099822 -0.213789 0.608162
v  -0.12512 -0.191636 0.619422
v  -0.135049 -0.189902 0.606199
v  -0.12512 -0.191636 0.619422
v  -0.14025 -0.162808 0.635301
v  -0.152761 -0.158967 0.623632
v  -0.135049 -0.189902 0.606199
v  -0.152761 -0.158967 0.623632
v  -0.167185 -0.153775 0.609501
v  -0.145924 -0.186851 0.590491
v  -0.175087 -0.034336 0.669418
v  -0.191725 -0.018952 0.654971
v  -0.195184 -0.062632 0.645341
v  -0.178155 -0.076177 0.659348
v  -0.175087 -0.034336 0.669418
v  -0.178155 -0.076177 0.659348
v  -0.163266 -0.089174 0.671561
v  -0.160535 -0.0498 0.682271
v  -0.175087 -0.034336 0.669418
v  -0.160535 -0.0498 0.682271
v  -0.150346 -0.014794 0.690183
v  -0.163515 0.002721 0.677357
v  -0.175087 -0.034336 0.669418
v  -0.163515 0.002721 0.677357
v  -0.178607 0.019757 0.663245
v  -0.191725 -0.018952 0.654971
v  -0.147237 0.031581 0.687596
v  -0.159338 0.05298 0.675654
v  -0.178607 0.019757 0.663245
v  -0.163515 0.002721 0.677357
v  -0.147237 0.031581 0.687596
v  -0.163515 0.002721 0.677357
v  -0.150346 -0.014794 0.690183
v  -0.136502 0.010678 0.699054
v  -0.147237 0.031581 0.687596
v  -0.136502 0.010678 0.699054
v  -0.123877 0.02772 0.706213
v  -0.132111 0.049725 0.696986
v  -0.147237 0.031581 0.687596
v  -0.132111 0.049725 0.696986
v  -0.137948 0.080173 0.690086
v  -0.159338 0.05298 0.675654
v  -0.123999 0.054638 0.702378
v  -0.119767 0.053115 0.704195
v  -0.121136 0.064563 0.701629
v  -0.125251 0.072568 0.698999
v  -0.123999 0.054638 0.702378
v  -0.125251 0.072568 0.698999
v  -0.137948 0.080173 0.690086
v  -0.132111 0.049725 0.696986
v  -0.123999 0.054638 0.702378
v  -0.132111 0.049725 0.696986
v  -0.123877 0.02772 0.706213
v  -0.117346 0.037441 0.708988
v  -0.123999 0.054638 0.702378
v  -0.117346 0.037441 0.708988
v  -0.114201 0.042169 0.708605
v  -0.119767 0.053115 0.704195
v  -0.078052 0.045076 0.727374
v  -0.084504 0.04623 0.722726
v  -0.087888 0.035792 0.724206
v  -0.082243 0.028944 0.730963
v  -0.078052 0.045076 0.727374
v  -0.082243 0.028944 0.730963
v  -0.069457 0.018394 0.741207
v  -0.063528 0.046564 0.732485
v  -0.078052 0.045076 0.727374
v  -0.063528 0.046564 0.732485
v  -0.064603 0.07103 0.723852
v  -0.079044 0.063804 0.720463
v  -0.078052 0.045076 0.727374
v  -0.079044 0.063804 0.720463
v  -0.08545 0.058722 0.718361
v  -0.084504 0.04623 0.722726
v  -0.094794 0.06302 0.709763
v  -0.091964 0.069118 0.712458
v  -0.102353 0.074831 0.706827
v  -0.102956 0.06667 0.704552
v  -0.094794 0.06302 0.709763
v  -0.102956 0.06667 0.704552
v  -0.103071 0.062843 0.703211
v  -0.097997 0.059685 0.7061
v  -0.094794 0.06302 0.709763
v  -0.097997 0.059685 0.7061
v  -0.093681 0.053595 0.711013
v  -0.08943 0.055965 0.715003
v  -0.094794 0.06302 0.709763
v  -0.08943 0.055965 0.715003
v  -0.08545 0.058722 0.718361
v  -0.091964 0.069118 0.712458
v  -0.088604 0.046879 0.718143
v  -0.084504 0.04623 0.722726
v  -0.08545 0.058722 0.718361
v  -0.08943 0.055965 0.715003
v  -0.088604 0.046879 0.718143
v  -0.08943 0.055965 0.715003
v  -0.093681 0.053595 0.711013
v  -0.092604 0.046417 0.71373
v  -0.088604 0.046879 0.718143
v  -0.092604 0.046417 0.71373
v  -0.09353 0.041594 0.714908
v  -0.091268 0.039373 0.718647
v  -0.088604 0.046879 0.718143
v  -0.091268 0.039373 0.718647
v  -0.087888 0.035792 0.724206
v  -0.084504 0.04623 0.722726
v  -0.116299 0.051965 0.702869
v  -0.119767 0.053115 0.704195
v  -0.114201 0.042169 0.708605
v  -0.111733 0.044234 0.706293
v  -0.116299 0.051965 0.702869
v  -0.111733 0.044234 0.706293
v  -0.107961 0.04596 0.704836
v  -0.111861 0.052377 0.701432
v  -0.116299 0.051965 0.702869
v  -0.111861 0.052377 0.701432
v  -0.113316 0.057885 0.700172
v  -0.117521 0.060058 0.700658
v  -0.116299 0.051965 0.702869
v  -0.117521 0.060058 0.700658
v  -0.121136 0.064563 0.701629
v  -0.119767 0.053115 0.704195
v  -0.107208 0.039932 0.709151
v  -0.108374 0.035289 0.712681
v  -0.101896 0.031934 0.71683
v  -0.102246 0.03792 0.712145
v  -0.107208 0.039932 0.709151
v  -0.102246 0.03792 0.712145
v  -0.101621 0.039599 0.71024
v  -0.10448 0.041645 0.707481
v  -0.107208 0.039932 0.709151
v  -0.10448 0.041645 0.707481
v  -0.107961 0.04596 0.704836
v  -0.111733 0.044234 0.706293
v  -0.107208 0.039932 0.709151
v  -0.111733 0.044234 0.706293
v  -0.114201 0.042169 0.708605
v  -0.108374 0.035289 0.712681
v  -0.096374 0.03706 0.715979
v  -0.094377 0.031564 0.721456
v  -0.087888 0.035792 0.724206
v  -0.091268 0.039373 0.718647
v  -0.096374 0.03706 0.715979
v  -0.091268 0.039373 0.718647
v  -0.09353 0.041594 0.714908
v  -0.097504 0.039841 0.712095
v  -0.096374 0.03706 0.715979
v  -0.097504 0.039841 0.712095
v  -0.101621 0.039599 0.71024
v  -0.102246 0.03792 0.712145
v  -0.096374 0.03706 0.715979
v  -0.102246 0.03792 0.712145
v  -0.101896 0.031934 0.71683
v  -0.094377 0.031564 0.721456
v  -0.111887 0.06537 0.701396
v  -0.113873 0.072655 0.702919
v  -0.121136 0.064563 0.701629
v  -0.117521 0.060058 0.700658
v  -0.111887 0.06537 0.701396
v  -0.117521 0.060058 0.700658
v  -0.113316 0.057885 0.700172
v  -0.108848 0.06105 0.700106
v  -0.111887 0.06537 0.701396
v  -0.108848 0.06105 0.700106
v  -0.103071 0.062843 0.703211
v  -0.102956 0.06667 0.704552
v  -0.111887 0.06537 0.701396
v  -0.102956 0.06667 0.704552
v  -0.102353 0.074831 0.706827
v  -0.113873 0.072655 0.702919
v  -0.098754 0.04424 0.709592
v  -0.10448 0.041645 0.707481
v  -0.101621 0.039599 0.71024
v  -0.097504 0.039841 0.712095
v  -0.098754 0.04424 0.709592
v  -0.097504 0.039841 0.712095
v  -0.09353 0.041594 0.714908
v  -0.092604 0.046417 0.71373
v  -0.098754 0.04424 0.709592
v  -0.092604 0.046417 0.71373
v  -0.093681 0.053595 0.711013
v  -0.100901 0.04967 0.707017
v  -0.098754 0.04424 0.709592
v  -0.100901 0.04967 0.707017
v  -0.107961 0.04596 0.704836
v  -0.10448 0.041645 0.707481
v  -0.104723 0.055544 0.702916
v  -0.111861 0.052377 0.701432
v  -0.107961 0.04596 0.704836
v  -0.100901 0.04967 0.707017
v  -0.104723 0.055544 0.702916
v  -0.100901 0.04967 0.707017
v  -0.093681 0.053595 0.711013
v  -0.097997 0.059685 0.7061
v  -0.104723 0.055544 0.702916
v  -0.097997 0.059685 0.7061
v  -0.103071 0.062843 0.703211
v  -0.108848 0.06105 0.700106
v  -0.104723 0.055544 0.702916
v  -0.108848 0.06105 0.700106
v  -0.113316 0.057885 0.700172
v  -0.111861 0.052377 0.701432
v  -0.150224 0.102699 -0.831649
v  -0.120399 0.152204 -0.842128
v  -0.100904 0.122842 -0.848464
v  -0.126642 0.080202 -0.837757
v  -0.150224 0.102699 -0.831649
v  -0.126642 0.080202 -0.837757
v  -0.142828 0.022911 -0.820842
v  -0.167302 0.038655 -0.814871
v  -0.150224 0.102699 -0.831649
v  -0.167302 0.038655 -0.814871
v  -0.19833 0.047981 -0.792164
v  -0.183216 0.118146 -0.806866
v  -0.150224 0.102699 -0.831649
v  -0.183216 0.118146 -0.806866
v  -0.151815 0.188445 -0.82046
v  -0.120399 0.152204 -0.842128
v  -0.105394 -0.005057 -0.755203
v  -0.084257 0.017538 -0.764416
v  -0.091965 -0.029881 -0.687537
v  -0.11293 -0.04411 -0.687667
v  -0.105394 -0.005057 -0.755203
v  -0.11293 -0.04411 -0.687667
v  -0.120531 -0.072971 -0.68879
v  -0.114346 -0.041751 -0.741972
v  -0.105394 -0.005057 -0.755203
v  -0.114346 -0.041751 -0.741972
v  -0.113119 -0.015067 -0.790799
v  -0.102329 0.029125 -0.808085
v  -0.105394 -0.005057 -0.755203
v  -0.102329 0.029125 -0.808085
v  -0.082073 0.057884 -0.820129
v  -0.084257 0.017538 -0.764416
v  -0.176448 -0.081887 -0.507034
v  -0.188171 -0.052676 -0.465283
v  -0.225787 -0.002246 -0.436745
v  -0.218399 -0.03979 -0.47541
v  -0.176448 -0.081887 -0.507034
v  -0.218399 -0.03979 -0.47541
v  -0.217443 -0.087343 -0.510455
v  -0.17499 -0.117572 -0.538658
v  -0.176448 -0.081887 -0.507034
v  -0.17499 -0.117572 -0.538658
v  -0.140935 -0.127921 -0.580485
v  -0.136849 -0.109996 -0.548428
v  -0.176448 -0.081887 -0.507034
v  -0.136849 -0.109996 -0.548428
v  -0.1242 -0.110861 -0.4963
v  -0.188171 -0.052676 -0.465283
v  -0.278421 0.094038 -0.590304
v  -0.268788 0.163479 -0.582902
v  -0.255425 0.185177 -0.679758
v  -0.268468 0.113046 -0.682081
v  -0.278421 0.094038 -0.590304
v  -0.268468 0.113046 -0.682081
v  -0.270972 0.03608 -0.684449
v  -0.281792 0.022416 -0.604139
v  -0.278421 0.094038 -0.590304
v  -0.281792 0.022416 -0.604139
v  -0.269806 -0.008543 -0.526148
v  -0.266748 0.05864 -0.507394
v  -0.278421 0.094038 -0.590304
v  -0.266748 0.05864 -0.507394
v  -0.265249 0.124721 -0.471388
v  -0.268788 0.163479 -0.582902
v  -0.110272 0.056382 -0.832679
v  -0.088062 0.092144 -0.844384
v  -0.082073 0.057884 -0.820129
v  -0.102329 0.029125 -0.808085
v  -0.110272 0.056382 -0.832679
v  -0.102329 0.029125 -0.808085
v  -0.113119 -0.015067 -0.790799
v  -0.123634 0.005881 -0.814905
v  -0.110272 0.056382 -0.832679
v  -0.123634 0.005881 -0.814905
v  -0.142828 0.022911 -0.820842
v  -0.126642 0.080202 -0.837757
v  -0.110272 0.056382 -0.832679
v  -0.126642 0.080202 -0.837757
v  -0.100904 0.122842 -0.848464
v  -0.088062 0.092144 -0.844384
v  -0.246463 0.007607 -0.467729
v  -0.250482 0.053326 -0.43552
v  -0.265249 0.124721 -0.471388
v  -0.266748 0.05864 -0.507394
v  -0.246463 0.007607 -0.467729
v  -0.266748 0.05864 -0.507394
v  -0.269806 -0.008543 -0.526148
v  -0.248768 -0.051766 -0.494564
v  -0.246463 0.007607 -0.467729
v  -0.248768 -0.051766 -0.494564
v  -0.217443 -0.087343 -0.510455
v  -0.218399 -0.03979 -0.47541
v  -0.246463 0.007607 -0.467729
v  -0.218399 -0.03979 -0.47541
v  -0.225787 -0.002246 -0.436745
v  -0.250482 0.053326 -0.43552
v  -0.120434 -0.08797 -0.61561
v  -0.099448 -0.08171 -0.60111
v  -0.1242 -0.110861 -0.4963
v  -0.136849 -0.109996 -0.548428
v  -0.120434 -0.08797 -0.61561
v  -0.136849 -0.109996 -0.548428
v  -0.140935 -0.127921 -0.580485
v  -0.126555 -0.107575 -0.632478
v  -0.120434 -0.08797 -0.61561
v  -0.126555 -0.107575 -0.632478
v  -0.120531 -0.072971 -0.68879
v  -0.11293 -0.04411 -0.687667
v  -0.120434 -0.08797 -0.61561
v  -0.11293 -0.04411 -0.687667
v  -0.091965 -0.029881 -0.687537
v  -0.099448 -0.08171 -0.60111
v  -0.227743 0.120928 -0.756153
v  -0.211867 0.190832 -0.758573
v  -0.151815 0.188445 -0.82046
v  -0.183216 0.118146 -0.806866
v  -0.227743 0.120928 -0.756153
v  -0.183216 0.118146 -0.806866
v  -0.19833 0.047981 -0.792164
v  -0.237293 0.045856 -0.747931
v  -0.227743 0.120928 -0.756153
v  -0.237293 0.045856 -0.747931
v  -0.270972 0.03608 -0.684449
v  -0.268468 0.113046 -0.682081
v  -0.227743 0.120928 -0.756153
v  -0.268468 0.113046 -0.682081
v  -0.255425 0.185177 -0.679758
v  -0.211867 0.190832 -0.758573
v  -0.241184 -0.091981 0.088111
v  -0.240234 -0.022195 0.096749
v  -0.218006 -0.028958 0.014901
v  -0.203071 -0.098721 0.047897
v  -0.241184 -0.091981 0.088111
v  -0.203071 -0.098721 0.047897
v  -0.198664 -0.151204 0.058314
v  -0.227836 -0.148425 0.088267
v  -0.241184 -0.091981 0.088111
v  -0.227836 -0.148425 0.088267
v  -0.234258 -0.146504 0.131597
v  -0.247362 -0.088379 0.147286
v  -0.241184 -0.091981 0.088111
v  -0.247362 -0.088379 0.147286
v  -0.236801 -0.019102 0.16948
v  -0.240234 -0.022195 0.096749
v  -0.01236 -0.170531 0.210091
v  0 -0.174512 0.209513
v  0 -0.180667 0.279138
v  -0.019752 -0.173149 0.280833
v  -0.01236 -0.170531 0.210091
v  -0.019752 -0.173149 0.280833
v  -0.048826 -0.141268 0.285284
v  -0.026374 -0.163186 0.207764
v  -0.01236 -0.170531 0.210091
v  -0.026374 -0.163186 0.207764
v  -0.024518 -0.157544 0.147484
v  -0.011469 -0.160645 0.149617
v  -0.01236 -0.170531 0.210091
v  -0.011469 -0.160645 0.149617
v  0 -0.163471 0.150119
v  0 -0.174512 0.209513
v  -0.04683 0.324312 0.367636
v  -0.088153 0.307954 0.363803
v  -0.08338 0.274861 0.424238
v  -0.042807 0.291625 0.424871
v  -0.04683 0.324312 0.367636
v  -0.042807 0.291625 0.424871
v  0 0.299148 0.425727
v  0 0.331867 0.368859
v  -0.04683 0.324312 0.367636
v  0 0.331867 0.368859
v  0 0.375819 0.309143
v  -0.055504 0.367587 0.30784
v  -0.04683 0.324312 0.367636
v  -0.055504 0.367587 0.30784
v  -0.104462 0.349571 0.303655
v  -0.088153 0.307954 0.363803
v  -0.251466 0.193113 0.180473
v  -0.236443 0.253329 0.19854
v  -0.252602 0.268287 0.10719
v  -0.263764 0.205606 0.090133
v  -0.251466 0.193113 0.180473
v  -0.263764 0.205606 0.090133
v  -0.264384 0.134973 0.066925
v  -0.256565 0.124487 0.15592
v  -0.251466 0.193113 0.180473
v  -0.256565 0.124487 0.15592
v  -0.242677 0.116036 0.228649
v  -0.232616 0.179586 0.251381
v  -0.251466 0.193113 0.180473
v  -0.232616 0.179586 0.251381
v  -0.213733 0.234104 0.267762
v  -0.236443 0.253329 0.19854
v  -0.248035 0.051293 0.12343
v  -0.256565 0.124487 0.15592
v  -0.264384 0.134973 0.066925
v  -0.25169 0.057999 0.036703
v  -0.248035 0.051293 0.12343
v  -0.25169 0.057999 0.036703
v  -0.218006 -0.028958 0.014901
v  -0.240234 -0.022195 0.096749
v  -0.248035 0.051293 0.12343
v  -0.240234 -0.022195 0.096749
v  -0.236801 -0.019102 0.16948
v  -0.238071 0.04882 0.198218
v  -0.248035 0.051293 0.12343
v  -0.238071 0.04882 0.198218
v  -0.242677 0.116036 0.228649
v  -0.256565 0.124487 0.15592
v  -0.043678 -0.157484 0.198115
v  -0.026374 -0.163186 0.207764
v  -0.048826 -0.141268 0.285284
v  -0.067404 -0.138958 0.244354
v  -0.043678 -0.157484 0.198115
v  -0.067404 -0.138958 0.244354
v  -0.084055 -0.157985 0.212107
v  -0.062986 -0.167523 0.17794
v  -0.043678 -0.157484 0.198115
v  -0.062986 -0.167523 0.17794
v  -0.059578 -0.171031 0.135147
v  -0.040726 -0.159547 0.143096
v  -0.043678 -0.157484 0.198115
v  -0.040726 -0.159547 0.143096
v  -0.024518 -0.157544 0.147484
v  -0.026374 -0.163186 0.207764
v  -0.189252 -0.384504 0.11148
v  -0.182474 -0.35628 0.110671
v  -0.175252 -0.356871 0.098455
v  -0.181271 -0.384847 0.097627
v  -0.189252 -0.384504 0.11148
v  -0.181271 -0.384847 0.097627
v  -0.171576 -0.392966 0.107879
v  -0.17552 -0.395354 0.117621
v  -0.189252 -0.384504 0.11148
v  -0.17552 -0.395354 0.117621
v  -0.172674 -0.395379 0.134858
v  -0.186371 -0.384303 0.132922
v  -0.189252 -0.384504 0.11148
v  -0.186371 -0.384303 0.132922
v  -0.180704 -0.355984 0.12893
v  -0.182474 -0.35628 0.110671
v  -0.082972 -0.192691 0.155688
v  -0.062986 -0.167523 0.17794
v  -0.084055 -0.157985 0.212107
v  -0.100001 -0.187668 0.181266
v  -0.082972 -0.192691 0.155688
v  -0.100001 -0.187668 0.181266
v  -0.112899 -0.230834 0.161173
v  -0.10029 -0.235353 0.140735
v  -0.082972 -0.192691 0.155688
v  -0.10029 -0.235353 0.140735
v  -0.098898 -0.239134 0.1138
v  -0.080555 -0.196374 0.122331
v  -0.082972 -0.192691 0.155688
v  -0.080555 -0.196374 0.122331
v  -0.059578 -0.171031 0.135147
v  -0.062986 -0.167523 0.17794
v  -0.21064 -0.185934 0.086268
v  -0.227836 -0.148425 0.088267
v  -0.198664 -0.151204 0.058314
v  -0.191631 -0.187903 0.061975
v  -0.21064 -0.185934 0.086268
v  -0.191631 -0.187903 0.061975
v  -0.184882 -0.229285 0.066709
v  -0.198461 -0.227271 0.087529
v  -0.21064 -0.185934 0.086268
v  -0.198461 -0.227271 0.087529
v  -0.198715 -0.22654 0.115154
v  -0.214032 -0.185234 0.119704
v  -0.21064 -0.185934 0.086268
v  -0.214032 -0.185234 0.119704
v  -0.234258 -0.146504 0.131597
v  -0.227836 -0.148425 0.088267
v  -0.150307 -0.398083 0.12152
v  -0.17552 -0.395354 0.117621
v  -0.171576 -0.392966 0.107879
v  -0.153926 -0.396698 0.106473
v  -0.150307 -0.398083 0.12152
v  -0.153926 -0.396698 0.106473
v  -0.134371 -0.395919 0.106531
v  -0.125265 -0.398883 0.115892
v  -0.150307 -0.398083 0.12152
v  -0.125265 -0.398883 0.115892
v  -0.121496 -0.398316 0.133642
v  -0.147524 -0.397899 0.135194
v  -0.150307 -0.398083 0.12152
v  -0.147524 -0.397899 0.135194
v  -0.172674 -0.395379 0.134858
v  -0.17552 -0.395354 0.117621
v  -0.112158 -0.387339 0.154807
v  -0.118199 -0.359625 0.146689
v  -0.127947 -0.357629 0.161392
v  -0.124635 -0.38556 0.172906
v  -0.112158 -0.387339 0.154807
v  -0.124635 -0.38556 0.172906
v  -0.130298 -0.393676 0.16776
v  -0.12386 -0.397188 0.154276
v  -0.112158 -0.387339 0.154807
v  -0.12386 -0.397188 0.154276
v  -0.121496 -0.398316 0.133642
v  -0.10814 -0.388913 0.131841
v  -0.112158 -0.387339 0.154807
v  -0.10814 -0.388913 0.131841
v  -0.115562 -0.361338 0.127863
v  -0.118199 -0.359625 0.146689
v  -0.215585 0.301136 0.211208
v  -0.189536 0.338404 0.221132
v  -0.207952 0.366145 0.126854
v  -0.233671 0.321449 0.118929
v  -0.215585 0.301136 0.211208
v  -0.233671 0.321449 0.118929
v  -0.252602 0.268287 0.10719
v  -0.236443 0.253329 0.19854
v  -0.215585 0.301136 0.211208
v  -0.236443 0.253329 0.19854
v  -0.213733 0.234104 0.267762
v  -0.191952 0.273763 0.278955
v  -0.215585 0.301136 0.211208
v  -0.191952 0.273763 0.278955
v  -0.167404 0.303545 0.287577
v  -0.189536 0.338404 0.221132
v  -0.158899 0.367148 0.230904
v  -0.118451 0.390678 0.238339
v  -0.132794 0.430687 0.138601
v  -0.176423 0.4015 0.133625
v  -0.158899 0.367148 0.230904
v  -0.176423 0.4015 0.133625
v  -0.207952 0.366145 0.126854
v  -0.189536 0.338404 0.221132
v  -0.158899 0.367148 0.230904
v  -0.189536 0.338404 0.221132
v  -0.167404 0.303545 0.287577
v  -0.140037 0.32851 0.296343
v  -0.158899 0.367148 0.230904
v  -0.140037 0.32851 0.296343
v  -0.104462 0.349571 0.303655
v  -0.118451 0.390678 0.238339
v  0.173625 -0.293674 0.137525
v  0.179227 -0.294278 0.120372
v  0.198715 -0.22654 0.115154
v  0.19037 -0.22579 0.141794
v  0.173625 -0.293674 0.137525
v  0.19037 -0.22579 0.141794
v  0.171793 -0.225865 0.161412
v  0.162387 -0.293613 0.150022
v  0.173625 -0.293674 0.137525
v  0.162387 -0.293613 0.150022
v  0.163472 -0.35479 0.16391
v  0.174791 -0.355121 0.149055
v  0.173625 -0.293674 0.137525
v  0.174791 -0.355121 0.149055
v  0.180704 -0.355984 0.12893
v  0.179227 -0.294278 0.120372
v  0.153263 -0.298771 0.085322
v  0.133091 -0.30142 0.089909
v  0.12063 -0.238398 0.067782
v  0.153248 -0.233886 0.060486
v  0.153263 -0.298771 0.085322
v  0.153248 -0.233886 0.060486
v  0.184882 -0.229285 0.066709
v  0.172374 -0.296011 0.089321
v  0.153263 -0.298771 0.085322
v  0.172374 -0.296011 0.089321
v  0.175252 -0.356871 0.098455
v  0.154195 -0.358665 0.096252
v  0.153263 -0.298771 0.085322
v  0.154195 -0.358665 0.096252
v  0.131556 -0.361141 0.099248
v  0.133091 -0.30142 0.089909
v  0.12236 -0.302315 0.102338
v  0.118811 -0.301593 0.118908
v  0.098898 -0.239134 0.1138
v  0.104096 -0.240149 0.087518
v  0.12236 -0.302315 0.102338
v  0.104096 -0.240149 0.087518
v  0.12063 -0.238398 0.067782
v  0.133091 -0.30142 0.089909
v  0.12236 -0.302315 0.102338
v  0.133091 -0.30142 0.089909
v  0.131556 -0.361141 0.099248
v  0.119363 -0.362063 0.11035
v  0.12236 -0.302315 0.102338
v  0.119363 -0.362063 0.11035
v  0.115562 -0.361338 0.127863
v  0.118811 -0.301593 0.118908
v  0.14479 -0.294738 0.153774
v  0.162387 -0.293613 0.150022
v  0.171793 -0.225865 0.161412
v  0.141351 -0.227608 0.167969
v  0.14479 -0.294738 0.153774
v  0.141351 -0.227608 0.167969
v  0.112899 -0.230834 0.161173
v  0.128249 -0.296761 0.149
v  0.14479 -0.294738 0.153774
v  0.128249 -0.296761 0.149
v  0.127947 -0.357629 0.161392
v  0.145447 -0.355822 0.167577
v  0.14479 -0.294738 0.153774
v  0.145447 -0.355822 0.167577
v  0.163472 -0.35479 0.16391
v  0.162387 -0.293613 0.150022
v  0.17992 -0.294785 0.102654
v  0.172374 -0.296011 0.089321
v  0.184882 -0.229285 0.066709
v  0.198461 -0.227271 0.087529
v  0.17992 -0.294785 0.102654
v  0.198461 -0.227271 0.087529
v  0.198715 -0.22654 0.115154
v  0.179227 -0.294278 0.120372
v  0.17992 -0.294785 0.102654
v  0.179227 -0.294278 0.120372
v  0.180704 -0.355984 0.12893
v  0.182474 -0.35628 0.110671
v  0.17992 -0.294785 0.102654
v  0.182474 -0.35628 0.110671
v  0.175252 -0.356871 0.098455
v  0.172374 -0.296011 0.089321
v  0.120182 -0.299393 0.13592
v  0.128249 -0.296761 0.149
v  0.112899 -0.230834 0.161173
v  0.10029 -0.235353 0.140735
v  0.120182 -0.299393 0.13592
v  0.10029 -0.235353 0.140735
v  0.098898 -0.239134 0.1138
v  0.118811 -0.301593 0.118908
v  0.120182 -0.299393 0.13592
v  0.118811 -0.301593 0.118908
v  0.115562 -0.361338 0.127863
v  0.118199 -0.359625 0.146689
v  0.120182 -0.299393 0.13592
v  0.118199 -0.359625 0.146689
v  0.127947 -0.357629 0.161392
v  0.128249 -0.296761 0.149
v  -0.173625 -0.293674 0.137525
v  -0.19037 -0.22579 0.141794
v  -0.198715 -0.22654 0.115154
v  -0.179227 -0.294278 0.120372
v  -0.173625 -0.293674 0.137525
v  -0.179227 -0.294278 0.120372
v  -0.180704 -0.355984 0.12893
v  -0.174791 -0.355121 0.149055
v  -0.173625 -0.293674 0.137525
v  -0.174791 -0.355121 0.149055
v  -0.163472 -0.35479 0.16391
v  -0.162387 -0.293613 0.150022
v  -0.173625 -0.293674 0.137525
v  -0.162387 -0.293613 0.150022
v  -0.171793 -0.225865 0.161412
v  -0.19037 -0.22579 0.141794
v  -0.153263 -0.298771 0.085322
v  -0.153248 -0.233886 0.060486
v  -0.12063 -0.238398 0.067782
v  -0.133091 -0.30142 0.089909
v  -0.153263 -0.298771 0.085322
v  -0.133091 -0.30142 0.089909
v  -0.131556 -0.361141 0.099248
v  -0.154195 -0.358665 0.096252
v  -0.153263 -0.298771 0.085322
v  -0.154195 -0.358665 0.096252
v  -0.175252 -0.356871 0.098455
v  -0.172374 -0.296011 0.089321
v  -0.153263 -0.298771 0.085322
v  -0.172374 -0.296011 0.089321
v  -0.184882 -0.229285 0.066709
v  -0.153248 -0.233886 0.060486
v  -0.12236 -0.302315 0.102338
v  -0.104096 -0.240149 0.087518
v  -0.098898 -0.239134 0.1138
v  -0.118811 -0.301593 0.118908
v  -0.12236 -0.302315 0.102338
v  -0.118811 -0.301593 0.118908
v  -0.115562 -0.361338 0.127863
v  -0.119363 -0.362063 0.11035
v  -0.12236 -0.302315 0.102338
v  -0.119363 -0.362063 0.11035
v  -0.131556 -0.361141 0.099248
v  -0.133091 -0.30142 0.089909
v  -0.12236 -0.302315 0.102338
v  -0.133091 -0.30142 0.089909
v  -0.12063 -0.238398 0.067782
v  -0.104096 -0.240149 0.087518
v  -0.14479 -0.294738 0.153774
v  -0.141351 -0.227608 0.167969
v  -0.171793 -0.225865 0.161412
v  -0.162387 -0.293613 0.150022
v  -0.14479 -0.294738 0.153774
v  -0.162387 -0.293613 0.150022
v  -0.163472 -0.35479 0.16391
v  -0.145447 -0.355822 0.167577
v  -0.14479 -0.294738 0.153774
v  -0.145447 -0.355822 0.167577
v  -0.127947 -0.357629 0.161392
v  -0.128249 -0.296761 0.149
v  -0.14479 -0.294738 0.153774
v  -0.128249 -0.296761 0.149
v  -0.112899 -0.230834 0.161173
v  -0.141351 -0.227608 0.167969
v  -0.17992 -0.294785 0.102654
v  -0.198461 -0.227271 0.087529
v  -0.184882 -0.229285 0.066709
v  -0.172374 -0.296011 0.089321
v  -0.17992 -0.294785 0.102654
v  -0.172374 -0.296011 0.089321
v  -0.175252 -0.356871 0.098455
v  -0.182474 -0.35628 0.110671
v  -0.17992 -0.294785 0.102654
v  -0.182474 -0.35628 0.110671
v  -0.180704 -0.355984 0.12893
v  -0.179227 -0.294278 0.120372
v  -0.17992 -0.294785 0.102654
v  -0.179227 -0.294278 0.120372
v  -0.198715 -0.22654 0.115154
v  -0.198461 -0.227271 0.087529
v  -0.120182 -0.299393 0.13592
v  -0.10029 -0.235353 0.140735
v  -0.112899 -0.230834 0.161173
v  -0.128249 -0.296761 0.149
v  -0.120182 -0.299393 0.13592
v  -0.128249 -0.296761 0.149
v  -0.127947 -0.357629 0.161392
v  -0.118199 -0.359625 0.146689
v  -0.120182 -0.299393 0.13592
v  -0.118199 -0.359625 0.146689
v  -0.115562 -0.361338 0.127863
v  -0.118811 -0.301593 0.118908
v  -0.120182 -0.299393 0.13592
v  -0.118811 -0.301593 0.118908
v  -0.098898 -0.239134 0.1138
v  -0.10029 -0.235353 0.140735
v  0.230719 -0.258406 -0.67973
v  0.239635 -0.255839 -0.689234
v  0.234476 -0.196616 -0.683448
v  0.224948 -0.201808 -0.672455
v  0.230719 -0.258406 -0.67973
v  0.224948 -0.201808 -0.672455
v  0.208085 -0.205675 -0.669039
v  0.215938 -0.26038 -0.676318
v  0.230719 -0.258406 -0.67973
v  0.215938 -0.26038 -0.676318
v  0.227764 -0.341209 -0.66174
v  0.240979 -0.340061 -0.665761
v  0.230719 -0.258406 -0.67973
v  0.240979 -0.340061 -0.665761
v  0.249662 -0.338639 -0.675789
v  0.239635 -0.255839 -0.689234
v  0.1718 -0.249937 -0.740994
v  0.172529 -0.253734 -0.722427
v  0.156929 -0.193045 -0.726675
v  0.155826 -0.185952 -0.748166
v  0.1718 -0.249937 -0.740994
v  0.155826 -0.185952 -0.748166
v  0.158793 -0.180054 -0.763913
v  0.174379 -0.247284 -0.755977
v  0.1718 -0.249937 -0.740994
v  0.174379 -0.247284 -0.755977
v  0.19123 -0.332555 -0.740775
v  0.188739 -0.333626 -0.726699
v  0.1718 -0.249937 -0.740994
v  0.188739 -0.333626 -0.726699
v  0.189221 -0.335708 -0.709032
v  0.172529 -0.253734 -0.722427
v  0.18325 -0.247289 -0.764508
v  0.174379 -0.247284 -0.755977
v  0.158793 -0.180054 -0.763913
v  0.16962 -0.178041 -0.771841
v  0.18325 -0.247289 -0.764508
v  0.16962 -0.178041 -0.771841
v  0.184562 -0.177945 -0.773566
v  0.196489 -0.247891 -0.766809
v  0.18325 -0.247289 -0.764508
v  0.196489 -0.247891 -0.766809
v  0.211959 -0.334481 -0.751203
v  0.199339 -0.333432 -0.748923
v  0.18325 -0.247289 -0.764508
v  0.199339 -0.333432 -0.748923
v  0.19123 -0.332555 -0.740775
v  0.174379 -0.247284 -0.755977
v  0.211774 -0.247514 -0.763186
v  0.196489 -0.247891 -0.766809
v  0.184562 -0.177945 -0.773566
v  0.199968 -0.177681 -0.770162
v  0.211774 -0.247514 -0.763186
v  0.199968 -0.177681 -0.770162
v  0.213896 -0.178749 -0.761479
v  0.225566 -0.247748 -0.754213
v  0.211774 -0.247514 -0.763186
v  0.225566 -0.247748 -0.754213
v  0.24215 -0.334291 -0.737984
v  0.227881 -0.334394 -0.747203
v  0.211774 -0.247514 -0.763186
v  0.227881 -0.334394 -0.747203
v  0.211959 -0.334481 -0.751203
v  0.196489 -0.247891 -0.766809
v  0.241899 -0.253844 -0.704758
v  0.239414 -0.251866 -0.722885
v  0.231604 -0.186759 -0.725393
v  0.235874 -0.191682 -0.702805
v  0.241899 -0.253844 -0.704758
v  0.235874 -0.191682 -0.702805
v  0.234476 -0.196616 -0.683448
v  0.239635 -0.255839 -0.689234
v  0.241899 -0.253844 -0.704758
v  0.239635 -0.255839 -0.689234
v  0.249662 -0.338639 -0.675789
v  0.253339 -0.337918 -0.690809
v  0.241899 -0.253844 -0.704758
v  0.253339 -0.337918 -0.690809
v  0.253106 -0.337158 -0.708026
v  0.239414 -0.251866 -0.722885
v  0.196378 -0.261157 -0.678796
v  0.215938 -0.26038 -0.676318
v  0.208085 -0.205675 -0.669039
v  0.185073 -0.207086 -0.672473
v  0.196378 -0.261157 -0.678796
v  0.185073 -0.207086 -0.672473
v  0.1652 -0.205923 -0.683715
v  0.179707 -0.260188 -0.687787
v  0.196378 -0.261157 -0.678796
v  0.179707 -0.260188 -0.687787
v  0.195678 -0.339311 -0.675222
v  0.210456 -0.340894 -0.665047
v  0.196378 -0.261157 -0.678796
v  0.210456 -0.340894 -0.665047
v  0.227764 -0.341209 -0.66174
v  0.215938 -0.26038 -0.676318
v  0.1735 -0.257393 -0.703523
v  0.179707 -0.260188 -0.687787
v  0.1652 -0.205923 -0.683715
v  0.157871 -0.200679 -0.703388
v  0.1735 -0.257393 -0.703523
v  0.157871 -0.200679 -0.703388
v  0.156929 -0.193045 -0.726675
v  0.172529 -0.253734 -0.722427
v  0.1735 -0.257393 -0.703523
v  0.172529 -0.253734 -0.722427
v  0.189221 -0.335708 -0.709032
v  0.190069 -0.337591 -0.690836
v  0.1735 -0.257393 -0.703523
v  0.190069 -0.337591 -0.690836
v  0.195678 -0.339311 -0.675222
v  0.179707 -0.260188 -0.687787
v  0.23436 -0.249403 -0.740091
v  0.225566 -0.247748 -0.754213
v  0.213896 -0.178749 -0.761479
v  0.224377 -0.182194 -0.746216
v  0.23436 -0.249403 -0.740091
v  0.224377 -0.182194 -0.746216
v  0.231604 -0.186759 -0.725393
v  0.239414 -0.251866 -0.722885
v  0.23436 -0.249403 -0.740091
v  0.239414 -0.251866 -0.722885
v  0.253106 -0.337158 -0.708026
v  0.24998 -0.335543 -0.724418
v  0.23436 -0.249403 -0.740091
v  0.24998 -0.335543 -0.724418
v  0.24215 -0.334291 -0.737984
v  0.225566 -0.247748 -0.754213
v  -0.230719 -0.258406 -0.67973
v  -0.224948 -0.201808 -0.672455
v  -0.234476 -0.196616 -0.683448
v  -0.239635 -0.255839 -0.689234
v  -0.230719 -0.258406 -0.67973
v  -0.239635 -0.255839 -0.689234
v  -0.249662 -0.338639 -0.675789
v  -0.240979 -0.340061 -0.665761
v  -0.230719 -0.258406 -0.67973
v  -0.240979 -0.340061 -0.665761
v  -0.227764 -0.341209 -0.66174
v  -0.215938 -0.26038 -0.676318
v  -0.230719 -0.258406 -0.67973
v  -0.215938 -0.26038 -0.676318
v  -0.208085 -0.205675 -0.669039
v  -0.224948 -0.201808 -0.672455
v  -0.1718 -0.249937 -0.740994
v  -0.155826 -0.185952 -0.748166
v  -0.156929 -0.193045 -0.726675
v  -0.172529 -0.253734 -0.722427
v  -0.1718 -0.249937 -0.740994
v  -0.172529 -0.253734 -0.722427
v  -0.189221 -0.335708 -0.709032
v  -0.188739 -0.333626 -0.726699
v  -0.1718 -0.249937 -0.740994
v  -0.188739 -0.333626 -0.726699
v  -0.19123 -0.332555 -0.740775
v  -0.174379 -0.247284 -0.755977
v  -0.1718 -0.249937 -0.740994
v  -0.174379 -0.247284 -0.755977
v  -0.158793 -0.180054 -0.763913
v  -0.155826 -0.185952 -0.748166
v  -0.18325 -0.247289 -0.764508
v  -0.16962 -0.178041 -0.771841
v  -0.158793 -0.180054 -0.763913
v  -0.174379 -0.247284 -0.755977
v  -0.18325 -0.247289 -0.764508
v  -0.174379 -0.247284 -0.755977
v  -0.19123 -0.332555 -0.740775
v  -0.199339 -0.333432 -0.748923
v  -0.18325 -0.247289 -0.764508
v  -0.199339 -0.333432 -0.748923
v  -0.211959 -0.334481 -0.751203
v  -0.196489 -0.247891 -0.766809
v  -0.18325 -0.247289 -0.764508
v  -0.196489 -0.247891 -0.766809
v  -0.184562 -0.177945 -0.773566
v  -0.16962 -0.178041 -0.771841
v  -0.211774 -0.247514 -0.763186
v  -0.199968 -0.177681 -0.770162
v  -0.184562 -0.177945 -0.773566
v  -0.196489 -0.247891 -0.766809
v  -0.211774 -0.247514 -0.763186
v  -0.196489 -0.247891 -0.766809
v  -0.211959 -0.334481 -0.751203
v  -0.227881 -0.334394 -0.747203
v  -0.211774 -0.247514 -0.763186
v  -0.227881 -0.334394 -0.747203
v  -0.24215 -0.334291 -0.737984
v  -0.225566 -0.247748 -0.754213
v  -0.211774 -0.247514 -0.763186
v  -0.225566 -0.247748 -0.754213
v  -0.213896 -0.178749 -0.761479
v  -0.199968 -0.177681 -0.770162
v  -0.241899 -0.253844 -0.704758
v  -0.235874 -0.191682 -0.702805
v  -0.231604 -0.186759 -0.725393
v  -0.239414 -0.251866 -0.722885
v  -0.241899 -0.253844 -0.704758
v  -0.239414 -0.251866 -0.722885
v  -0.253106 -0.337158 -0.708026
v  -0.253339 -0.337918 -0.690809
v  -0.241899 -0.253844 -0.704758
v  -0.253339 -0.337918 -0.690809
v  -0.249662 -0.338639 -0.675789
v  -0.239635 -0.255839 -0.689234
v  -0.241899 -0.253844 -0.704758
v  -0.239635 -0.255839 -0.689234
v  -0.234476 -0.196616 -0.683448
v  -0.235874 -0.191682 -0.702805
v  -0.196378 -0.261157 -0.678796
v  -0.185073 -0.207086 -0.672473
v  -0.208085 -0.205675 -0.669039
v  -0.215938 -0.26038 -0.676318
v  -0.196378 -0.261157 -0.678796
v  -0.215938 -0.26038 -0.676318
v  -0.227764 -0.341209 -0.66174
v  -0.210456 -0.340894 -0.665047
v  -0.196378 -0.261157 -0.678796
v  -0.210456 -0.340894 -0.665047
v  -0.195678 -0.339311 -0.675222
v  -0.179707 -0.260188 -0.687787
v  -0.196378 -0.261157 -0.678796
v  -0.179707 -0.260188 -0.687787
v  -0.1652 -0.205923 -0.683715
v  -0.185073 -0.207086 -0.672473
v  -0.1735 -0.257393 -0.703523
v  -0.157871 -0.200679 -0.703388
v  -0.1652 -0.205923 -0.683715
v  -0.179707 -0.260188 -0.687787
v  -0.1735 -0.257393 -0.703523
v  -0.179707 -0.260188 -0.687787
v  -0.195678 -0.339311 -0.675222
v  -0.190069 -0.337591 -0.690836
v  -0.1735 -0.257393 -0.703523
v  -0.190069 -0.337591 -0.690836
v  -0.189221 -0.335708 -0.709032
v  -0.172529 -0.253734 -0.722427
v  -0.1735 -0.257393 -0.703523
v  -0.172529 -0.253734 -0.722427
v  -0.156929 -0.193045 -0.726675
v  -0.157871 -0.200679 -0.703388
v  -0.23436 -0.249403 -0.740091
v  -0.224377 -0.182194 -0.746216
v  -0.213896 -0.178749 -0.761479
v  -0.225566 -0.247748 -0.754213
v  -0.23436 -0.249403 -0.740091
v  -0.225566 -0.247748 -0.754213
v  -0.24215 -0.334291 -0.737984
v  -0.24998 -0.335543 -0.724418
v  -0.23436 -0.249403 -0.740091
v  -0.24998 -0.335543 -0.724418
v  -0.253106 -0.337158 -0.708026
v  -0.239414 -0.251866 -0.722885
v  -0.23436 -0.249403 -0.740091
v  -0.239414 -0.251866 -0.722885
v  -0.231604 -0.186759 -0.725393
v  -0.224377 -0.182194 -0.746216

# 7312 UV coordinates
vt 0.809928 0.205439 0
vt 0.795385 0.203838 0
vt 0.795482 0.178835 0
vt 0.811522 0.181929 0
vt 0.809928 0.205439 0
vt 0.811522 0.181929 0
vt 0.838198 0.193484 0
vt 0.833874 0.213414 0
vt 0.809928 0.205439 0
vt 0.833874 0.213414 0
vt 0.831825 0.228955 0
vt 0.809902 0.225764 0
vt 0.809928 0.205439 0
vt 0.809902 0.225764 0
vt 0.796308 0.226653 0
vt 0.795385 0.203838 0
vt 0.308321 0.385243 0
vt 0.307435 0.411492 0
vt 0.271065 0.404579 0
vt 0.273696 0.374019 0
vt 0.308321 0.385243 0
vt 0.273696 0.374019 0
vt 0.289732 0.335971 0
vt 0.309206 0.358994 0
vt 0.308321 0.385243 0
vt 0.309206 0.358994 0
vt 0.336964 0.37488 0
vt 0.337331 0.395718 0
vt 0.308321 0.385243 0
vt 0.337331 0.395718 0
vt 0.337698 0.416556 0
vt 0.307435 0.411492 0
vt 0.917599 0.894573 0
vt 0.899375 0.895848 0
vt 0.893995 0.877323 0
vt 0.914906 0.87349 0
vt 0.917599 0.894573 0
vt 0.914906 0.87349 0
vt 0.935818 0.869658 0
vt 0.935823 0.893297 0
vt 0.917599 0.894573 0
vt 0.935823 0.893297 0
vt 0.935409 0.915183 0
vt 0.921957 0.914215 0
vt 0.917599 0.894573 0
vt 0.921957 0.914215 0
vt 0.909358 0.916056 0
vt 0.899375 0.895848 0
vt 0.59108 0.879849 0
vt 0.592064 0.839327 0
vt 0.608158 0.839221 0
vt 0.605868 0.881196 0
vt 0.59108 0.879849 0
vt 0.605868 0.881196 0
vt 0.603346 0.921846 0
vt 0.589942 0.919489 0
vt 0.59108 0.879849 0
vt 0.589942 0.919489 0
vt 0.563134 0.914774 0
vt 0.561505 0.877156 0
vt 0.59108 0.879849 0
vt 0.561505 0.877156 0
vt 0.559876 0.839538 0
vt 0.592064 0.839327 0
vt 0.887958 0.263326 0
vt 0.874987 0.271099 0
vt 0.864525 0.243438 0
vt 0.876479 0.227962 0
vt 0.887958 0.263326 0
vt 0.876479 0.227962 0
vt 0.89249 0.214225 0
vt 0.902884 0.256485 0
vt 0.887958 0.263326 0
vt 0.902884 0.256485 0
vt 0.915622 0.303457 0
vt 0.895743 0.294684 0
vt 0.887958 0.263326 0
vt 0.895743 0.294684 0
vt 0.882514 0.296678 0
vt 0.874987 0.271099 0
vt 0.585653 0.685783 0
vt 0.58487 0.615074 0
vt 0.607499 0.621891 0
vt 0.607887 0.688204 0
vt 0.585653 0.685783 0
vt 0.607887 0.688204 0
vt 0.610254 0.745023 0
vt 0.591225 0.747637 0
vt 0.585653 0.685783 0
vt 0.591225 0.747637 0
vt 0.550168 0.770603 0
vt 0.545316 0.680262 0
vt 0.585653 0.685783 0
vt 0.545316 0.680262 0
vt 0.543071 0.603966 0
vt 0.58487 0.615074 0
vt 0.51324 0.673381 0
vt 0.529191 0.751892 0
vt 0.501765 0.739484 0
vt 0.485293 0.665821 0
vt 0.51324 0.673381 0
vt 0.485293 0.665821 0
vt 0.476763 0.594384 0
vt 0.508188 0.597912 0
vt 0.51324 0.673381 0
vt 0.508188 0.597912 0
vt 0.543071 0.603966 0
vt 0.545316 0.680262 0
vt 0.51324 0.673381 0
vt 0.545316 0.680262 0
vt 0.550168 0.770603 0
vt 0.529191 0.751892 0
vt 0.597724 0.539107 0
vt 0.612459 0.470541 0
vt 0.62072 0.471254 0
vt 0.613708 0.543835 0
vt 0.597724 0.539107 0
vt 0.613708 0.543835 0
vt 0.607499 0.621891 0
vt 0.58487 0.615074 0
vt 0.597724 0.539107 0
vt 0.58487 0.615074 0
vt 0.543071 0.603966 0
vt 0.563542 0.531734 0
vt 0.597724 0.539107 0
vt 0.563542 0.531734 0
vt 0.590508 0.458988 0
vt 0.612459 0.470541 0
vt 0.524935 0.528525 0
vt 0.508188 0.597912 0
vt 0.476763 0.594384 0
vt 0.484115 0.527399 0
vt 0.524935 0.528525 0
vt 0.484115 0.527399 0
vt 0.499409 0.462641 0
vt 0.552582 0.462181 0
vt 0.524935 0.528525 0
vt 0.552582 0.462181 0
vt 0.590508 0.458988 0
vt 0.563542 0.531734 0
vt 0.524935 0.528525 0
vt 0.563542 0.531734 0
vt 0.543071 0.603966 0
vt 0.508188 0.597912 0
vt 0.61732 0.422033 0
vt 0.617243 0.383554 0
vt 0.622256 0.38282 0
vt 0.622737 0.421364 0
vt 0.61732 0.422033 0
vt 0.622737 0.421364 0
vt 0.62072 0.471254 0
vt 0.612459 0.470541 0
vt 0.61732 0.422033 0
vt 0.612459 0.470541 0
vt 0.590508 0.458988 0
vt 0.607114 0.422302 0
vt 0.61732 0.422033 0
vt 0.607114 0.422302 0
vt 0.607518 0.386034 0
vt 0.617243 0.383554 0
vt 0.602096 0.128259 0
vt 0.616102 0.128044 0
vt 0.614802 0.137202 0
vt 0.599416 0.137103 0
vt 0.602096 0.128259 0
vt 0.599416 0.137103 0
vt 0.568645 0.136904 0
vt 0.574084 0.128689 0
vt 0.602096 0.128259 0
vt 0.574084 0.128689 0
vt 0.578782 0.118109 0
vt 0.604365 0.117227 0
vt 0.602096 0.128259 0
vt 0.604365 0.117227 0
vt 0.617156 0.116786 0
vt 0.616102 0.128044 0
vt 0.586409 0.199176 0
vt 0.607926 0.200441 0
vt 0.609631 0.216957 0
vt 0.590017 0.216308 0
vt 0.586409 0.199176 0
vt 0.590017 0.216308 0
vt 0.555612 0.212559 0
vt 0.550126 0.194823 0
vt 0.586409 0.199176 0
vt 0.550126 0.194823 0
vt 0.535655 0.173029 0
vt 0.58511 0.182921 0
vt 0.586409 0.199176 0
vt 0.58511 0.182921 0
vt 0.607394 0.184503 0
vt 0.607926 0.200441 0
vt 0.611201 0.030609 0
vt 0.620587 0.029851 0
vt 0.619741 0.048094 0
vt 0.609563 0.048655 0
vt 0.611201 0.030609 0
vt 0.609563 0.048655 0
vt 0.593169 0.048484 0
vt 0.596182 0.030696 0
vt 0.611201 0.030609 0
vt 0.596182 0.030696 0
vt 0.600905 0.019448 0
vt 0.612104 0.015769 0
vt 0.611201 0.030609 0
vt 0.612104 0.015769 0
vt 0.620966 0.014782 0
vt 0.620587 0.029851 0
vt 0.299688 0.022302 0
vt 0.308459 0.026817 0
vt 0.303026 0.042919 0
vt 0.29424 0.039845 0
vt 0.299688 0.022302 0
vt 0.29424 0.039845 0
vt 0.285717 0.037035 0
vt 0.291267 0.017883 0
vt 0.299688 0.022302 0
vt 0.291267 0.017883 0
vt 0.295402 0 0
vt 0.303766 0.006619 0
vt 0.299688 0.022302 0
vt 0.303766 0.006619 0
vt 0.31262 0.013116 0
vt 0.308459 0.026817 0
vt 0.74292 0.019516 0
vt 0.734588 0.045865 0
vt 0.690933 0.045989 0
vt 0.708337 0.018635 0
vt 0.74292 0.019516 0
vt 0.708337 0.018635 0
vt 0.72924 0 0
vt 0.752925 0.001015 0
vt 0.74292 0.019516 0
vt 0.752925 0.001015 0
vt 0.764768 0.001523 0
vt 0.760211 0.019957 0
vt 0.74292 0.019516 0
vt 0.760211 0.019957 0
vt 0.756415 0.045803 0
vt 0.734588 0.045865 0
vt 0.725124 0.211261 0
vt 0.726255 0.291523 0
vt 0.664703 0.256628 0
vt 0.671279 0.207726 0
vt 0.725124 0.211261 0
vt 0.671279 0.207726 0
vt 0.674759 0.146771 0
vt 0.726828 0.143692 0
vt 0.725124 0.211261 0
vt 0.726828 0.143692 0
vt 0.752862 0.142153 0
vt 0.752046 0.213028 0
vt 0.725124 0.211261 0
vt 0.752046 0.213028 0
vt 0.752503 0.296188 0
vt 0.726255 0.291523 0
vt 0.731986 0.385388 0
vt 0.738319 0.469938 0
vt 0.698751 0.494691 0
vt 0.692457 0.380728 0
vt 0.731986 0.385388 0
vt 0.692457 0.380728 0
vt 0.664703 0.256628 0
vt 0.726255 0.291523 0
vt 0.731986 0.385388 0
vt 0.726255 0.291523 0
vt 0.752503 0.296188 0
vt 0.755043 0.388724 0
vt 0.731986 0.385388 0
vt 0.755043 0.388724 0
vt 0.757688 0.470688 0
vt 0.738319 0.469938 0
vt 0.741254 0.522253 0
vt 0.742492 0.558452 0
vt 0.710897 0.558739 0
vt 0.706849 0.522503 0
vt 0.741254 0.522253 0
vt 0.706849 0.522503 0
vt 0.698751 0.494691 0
vt 0.738319 0.469938 0
vt 0.741254 0.522253 0
vt 0.738319 0.469938 0
vt 0.757688 0.470688 0
vt 0.758457 0.522128 0
vt 0.741254 0.522253 0
vt 0.758457 0.522128 0
vt 0.758289 0.558308 0
vt 0.742492 0.558452 0
vt 0.737864 0.773082 0
vt 0.711334 0.772439 0
vt 0.716157 0.768609 0
vt 0.741073 0.758774 0
vt 0.737864 0.773082 0
vt 0.741073 0.758774 0
vt 0.753377 0.757531 0
vt 0.75113 0.773403 0
vt 0.737864 0.773082 0
vt 0.75113 0.773403 0
vt 0.747572 0.788801 0
vt 0.732036 0.786444 0
vt 0.737864 0.773082 0
vt 0.732036 0.786444 0
vt 0.700962 0.781728 0
vt 0.711334 0.772439 0
vt 0.221803 0.086694 0
vt 0.225934 0.097928 0
vt 0.212561 0.102827 0
vt 0.207679 0.091097 0
vt 0.221803 0.086694 0
vt 0.207679 0.091097 0
vt 0.204881 0.083667 0
vt 0.218953 0.080139 0
vt 0.221803 0.086694 0
vt 0.218953 0.080139 0
vt 0.233281 0.075725 0
vt 0.235987 0.081715 0
vt 0.221803 0.086694 0
vt 0.235987 0.081715 0
vt 0.241399 0.093941 0
vt 0.225934 0.097928 0
vt 0.375104 0.029792 0
vt 0.372644 0.043429 0
vt 0.369436 0.04469 0
vt 0.371794 0.030779 0
vt 0.375104 0.029792 0
vt 0.371794 0.030779 0
vt 0.372299 0.02407 0
vt 0.3758 0.023486 0
vt 0.375104 0.029792 0
vt 0.3758 0.023486 0
vt 0.379301 0.022902 0
vt 0.378413 0.028804 0
vt 0.375104 0.029792 0
vt 0.378413 0.028804 0
vt 0.375851 0.042168 0
vt 0.372644 0.043429 0
vt 0.391677 0.916834 0
vt 0.375971 0.91451 0
vt 0.374428 0.892634 0
vt 0.390846 0.894797 0
vt 0.391677 0.916834 0
vt 0.390846 0.894797 0
vt 0.399055 0.895878 0
vt 0.39953 0.917996 0
vt 0.391677 0.916834 0
vt 0.39953 0.917996 0
vt 0.400038 0.939029 0
vt 0.392455 0.937628 0
vt 0.391677 0.916834 0
vt 0.392455 0.937628 0
vt 0.377289 0.934826 0
vt 0.375971 0.91451 0
vt 0.819118 0.101401 0
vt 0.799355 0.101671 0
vt 0.796967 0.08599 0
vt 0.813799 0.084889 0
vt 0.819118 0.101401 0
vt 0.813799 0.084889 0
vt 0.848532 0.078171 0
vt 0.856963 0.099277 0
vt 0.819118 0.101401 0
vt 0.856963 0.099277 0
vt 0.863513 0.129588 0
vt 0.820121 0.122856 0
vt 0.819118 0.101401 0
vt 0.820121 0.122856 0
vt 0.799636 0.121728 0
vt 0.799355 0.101671 0
vt 0.166133 0.33985 0
vt 0.159204 0.372168 0
vt 0.127557 0.359644 0
vt 0.135736 0.326438 0
vt 0.166133 0.33985 0
vt 0.135736 0.326438 0
vt 0.148356 0.293266 0
vt 0.176789 0.306688 0
vt 0.166133 0.33985 0
vt 0.176789 0.306688 0
vt 0.209786 0.319825 0
vt 0.201229 0.352902 0
vt 0.166133 0.33985 0
vt 0.201229 0.352902 0
vt 0.195279 0.384487 0
vt 0.159204 0.372168 0
vt 0.29322 0.217185 0
vt 0.326228 0.222651 0
vt 0.322179 0.236075 0
vt 0.28689 0.229759 0
vt 0.29322 0.217185 0
vt 0.28689 0.229759 0
vt 0.257179 0.223498 0
vt 0.264429 0.211714 0
vt 0.29322 0.217185 0
vt 0.264429 0.211714 0
vt 0.271407 0.1989 0
vt 0.299573 0.20385 0
vt 0.29322 0.217185 0
vt 0.299573 0.20385 0
vt 0.333237 0.213702 0
vt 0.326228 0.222651 0
vt 0.12077 0.763303 0
vt 0.098771 0.806628 0
vt 0.072431 0.800428 0
vt 0.086416 0.757337 0
vt 0.12077 0.763303 0
vt 0.086416 0.757337 0
vt 0.097227 0.710926 0
vt 0.13639 0.716176 0
vt 0.12077 0.763303 0
vt 0.13639 0.716176 0
vt 0.189347 0.722755 0
vt 0.160443 0.76919 0
vt 0.12077 0.763303 0
vt 0.160443 0.76919 0
vt 0.133184 0.811412 0
vt 0.098771 0.806628 0
vt 0.139253 0.661445 0
vt 0.13639 0.716176 0
vt 0.097227 0.710926 0
vt 0.101691 0.657876 0
vt 0.139253 0.661445 0
vt 0.101691 0.657876 0
vt 0.103685 0.593667 0
vt 0.137818 0.596782 0
vt 0.139253 0.661445 0
vt 0.137818 0.596782 0
vt 0.175753 0.598504 0
vt 0.180754 0.662924 0
vt 0.139253 0.661445 0
vt 0.180754 0.662924 0
vt 0.189347 0.722755 0
vt 0.13639 0.716176 0
vt 0.140542 0.519859 0
vt 0.137818 0.596782 0
vt 0.103685 0.593667 0
vt 0.107089 0.51378 0
vt 0.140542 0.519859 0
vt 0.107089 0.51378 0
vt 0.112215 0.439686 0
vt 0.145876 0.44949 0
vt 0.140542 0.519859 0
vt 0.145876 0.44949 0
vt 0.183473 0.459166 0
vt 0.177803 0.525281 0
vt 0.140542 0.519859 0
vt 0.177803 0.525281 0
vt 0.175753 0.598504 0
vt 0.137818 0.596782 0
vt 0.325241 0.14569 0
vt 0.341532 0.150878 0
vt 0.339662 0.159776 0
vt 0.32096 0.154919 0
vt 0.325241 0.14569 0
vt 0.32096 0.154919 0
vt 0.300269 0.149473 0
vt 0.307027 0.139718 0
vt 0.325241 0.14569 0
vt 0.307027 0.139718 0
vt 0.314739 0.129269 0
vt 0.330337 0.134992 0
vt 0.325241 0.14569 0
vt 0.330337 0.134992 0
vt 0.344032 0.139819 0
vt 0.341532 0.150878 0
vt 0.058129 0.873163 0
vt 0.057649 0.84472 0
vt 0.075084 0.841086 0
vt 0.075084 0.871823 0
vt 0.058129 0.873163 0
vt 0.075084 0.871823 0
vt 0.075084 0.887191 0
vt 0.058369 0.887385 0
vt 0.058129 0.873163 0
vt 0.058369 0.887385 0
vt 0.040895 0.887661 0
vt 0.040804 0.874647 0
vt 0.058129 0.873163 0
vt 0.040804 0.874647 0
vt 0.040622 0.848619 0
vt 0.057649 0.84472 0
vt 0.352837 0.898089 0
vt 0.340061 0.89505 0
vt 0.341716 0.88141 0
vt 0.353463 0.884686 0
vt 0.352837 0.898089 0
vt 0.353463 0.884686 0
vt 0.359307 0.886351 0
vt 0.359184 0.899632 0
vt 0.352837 0.898089 0
vt 0.359184 0.899632 0
vt 0.359217 0.913709 0
vt 0.352381 0.912283 0
vt 0.352837 0.898089 0
vt 0.352381 0.912283 0
vt 0.33861 0.909464 0
vt 0.340061 0.89505 0
vt 0.816255 0.15205 0
vt 0.797622 0.149458 0
vt 0.799636 0.121728 0
vt 0.820121 0.122856 0
vt 0.816255 0.15205 0
vt 0.820121 0.122856 0
vt 0.863513 0.129588 0
vt 0.847073 0.16478 0
vt 0.816255 0.15205 0
vt 0.847073 0.16478 0
vt 0.838198 0.193484 0
vt 0.811522 0.181929 0
vt 0.816255 0.15205 0
vt 0.811522 0.181929 0
vt 0.795482 0.178835 0
vt 0.797622 0.149458 0
vt 0.237542 0.363765 0
vt 0.233123 0.395434 0
vt 0.195279 0.384487 0
vt 0.201229 0.352902 0
vt 0.237542 0.363765 0
vt 0.201229 0.352902 0
vt 0.209786 0.319825 0
vt 0.244889 0.330365 0
vt 0.237542 0.363765 0
vt 0.244889 0.330365 0
vt 0.289732 0.335971 0
vt 0.273696 0.374019 0
vt 0.237542 0.363765 0
vt 0.273696 0.374019 0
vt 0.271065 0.404579 0
vt 0.233123 0.395434 0
vt 0.947139 0.572015 0
vt 0.943889 0.553519 0
vt 0.956012 0.558376 0
vt 0.961469 0.580394 0
vt 0.947139 0.572015 0
vt 0.961469 0.580394 0
vt 0.966926 0.602412 0
vt 0.95039 0.59051 0
vt 0.947139 0.572015 0
vt 0.95039 0.59051 0
vt 0.932913 0.581545 0
vt 0.931356 0.566233 0
vt 0.947139 0.572015 0
vt 0.931356 0.566233 0
vt 0.929798 0.55092 0
vt 0.943889 0.553519 0
vt 0.222945 0.660706 0
vt 0.235237 0.707639 0
vt 0.189347 0.722755 0
vt 0.180754 0.662924 0
vt 0.222945 0.660706 0
vt 0.180754 0.662924 0
vt 0.175753 0.598504 0
vt 0.217913 0.598293 0
vt 0.222945 0.660706 0
vt 0.217913 0.598293 0
vt 0.262185 0.597116 0
vt 0.26548 0.656639 0
vt 0.222945 0.660706 0
vt 0.26548 0.656639 0
vt 0.273363 0.702112 0
vt 0.235237 0.707639 0
vt 0.219456 0.530002 0
vt 0.217913 0.598293 0
vt 0.175753 0.598504 0
vt 0.177803 0.525281 0
vt 0.219456 0.530002 0
vt 0.177803 0.525281 0
vt 0.183473 0.459166 0
vt 0.224183 0.468661 0
vt 0.219456 0.530002 0
vt 0.224183 0.468661 0
vt 0.275556 0.4846 0
vt 0.263303 0.534372 0
vt 0.219456 0.530002 0
vt 0.263303 0.534372 0
vt 0.262185 0.597116 0
vt 0.217913 0.598293 0
vt 0.353493 0.091042 0
vt 0.361577 0.075458 0
vt 0.366222 0.075865 0
vt 0.359586 0.091403 0
vt 0.353493 0.091042 0
vt 0.359586 0.091403 0
vt 0.355929 0.103186 0
vt 0.34494 0.106224 0
vt 0.353493 0.091042 0
vt 0.34494 0.106224 0
vt 0.341919 0.096766 0
vt 0.3474 0.090681 0
vt 0.353493 0.091042 0
vt 0.3474 0.090681 0
vt 0.356933 0.07505 0
vt 0.361577 0.075458 0
vt 0.527343 0.186822 0
vt 0.550126 0.194823 0
vt 0.555612 0.212559 0
vt 0.530854 0.203912 0
vt 0.527343 0.186822 0
vt 0.530854 0.203912 0
vt 0.510919 0.192816 0
vt 0.511312 0.176996 0
vt 0.527343 0.186822 0
vt 0.511312 0.176996 0
vt 0.511705 0.161177 0
vt 0.523833 0.169731 0
vt 0.527343 0.186822 0
vt 0.523833 0.169731 0
vt 0.535655 0.173029 0
vt 0.550126 0.194823 0
vt 0.355636 0.15411 0
vt 0.368648 0.156363 0
vt 0.368384 0.166319 0
vt 0.354891 0.163365 0
vt 0.355636 0.15411 0
vt 0.354891 0.163365 0
vt 0.339662 0.159776 0
vt 0.341532 0.150878 0
vt 0.355636 0.15411 0
vt 0.341532 0.150878 0
vt 0.344032 0.139819 0
vt 0.35657 0.142703 0
vt 0.355636 0.15411 0
vt 0.35657 0.142703 0
vt 0.368528 0.144616 0
vt 0.368648 0.156363 0
vt 0.588667 0.027929 0
vt 0.596182 0.030696 0
vt 0.593169 0.048484 0
vt 0.584696 0.045729 0
vt 0.588667 0.027929 0
vt 0.584696 0.045729 0
vt 0.580184 0.041682 0
vt 0.584904 0.023734 0
vt 0.588667 0.027929 0
vt 0.584904 0.023734 0
vt 0.593748 0.009244 0
vt 0.596545 0.013815 0
vt 0.588667 0.027929 0
vt 0.596545 0.013815 0
vt 0.600905 0.019448 0
vt 0.596182 0.030696 0
vt 0.840706 0.719041 0
vt 0.812067 0.721941 0
vt 0.800023 0.710123 0
vt 0.836626 0.703224 0
vt 0.840706 0.719041 0
vt 0.836626 0.703224 0
vt 0.873228 0.696325 0
vt 0.869345 0.716141 0
vt 0.840706 0.719041 0
vt 0.869345 0.716141 0
vt 0.86568 0.732066 0
vt 0.844139 0.735281 0
vt 0.840706 0.719041 0
vt 0.844139 0.735281 0
vt 0.822598 0.738497 0
vt 0.812067 0.721941 0
vt 0.555327 0.332898 0
vt 0.511805 0.335057 0
vt 0.508112 0.311106 0
vt 0.554475 0.308981 0
vt 0.555327 0.332898 0
vt 0.554475 0.308981 0
vt 0.597988 0.313263 0
vt 0.587912 0.338752 0
vt 0.555327 0.332898 0
vt 0.587912 0.338752 0
vt 0.580134 0.358274 0
vt 0.5532 0.352204 0
vt 0.555327 0.332898 0
vt 0.5532 0.352204 0
vt 0.517381 0.351259 0
vt 0.511805 0.335057 0
vt 0.598167 0.420431 0
vt 0.598394 0.390533 0
vt 0.607518 0.386034 0
vt 0.607114 0.422302 0
vt 0.598167 0.420431 0
vt 0.607114 0.422302 0
vt 0.590508 0.458988 0
vt 0.597939 0.450328 0
vt 0.598167 0.420431 0
vt 0.597939 0.450328 0
vt 0.590124 0.438936 0
vt 0.589848 0.417489 0
vt 0.598167 0.420431 0
vt 0.589848 0.417489 0
vt 0.589572 0.396042 0
vt 0.598394 0.390533 0
vt 0.831858 0.684494 0
vt 0.789193 0.704669 0
vt 0.778968 0.702397 0
vt 0.826745 0.664306 0
vt 0.831858 0.684494 0
vt 0.826745 0.664306 0
vt 0.874523 0.626215 0
vt 0.874523 0.664318 0
vt 0.831858 0.684494 0
vt 0.874523 0.664318 0
vt 0.873228 0.696325 0
vt 0.836626 0.703224 0
vt 0.831858 0.684494 0
vt 0.836626 0.703224 0
vt 0.800023 0.710123 0
vt 0.789193 0.704669 0
vt 0.443635 0.388462 0
vt 0.444016 0.397778 0
vt 0.419883 0.406189 0
vt 0.419459 0.395805 0
vt 0.443635 0.388462 0
vt 0.419459 0.395805 0
vt 0.419035 0.385422 0
vt 0.443254 0.379146 0
vt 0.443635 0.388462 0
vt 0.443254 0.379146 0
vt 0.467474 0.372871 0
vt 0.467811 0.381119 0
vt 0.443635 0.388462 0
vt 0.467811 0.381119 0
vt 0.468148 0.389367 0
vt 0.444016 0.397778 0
vt 0.802826 0.920769 0
vt 0.814522 0.926134 0
vt 0.807853 0.943693 0
vt 0.793411 0.937068 0
vt 0.802826 0.920769 0
vt 0.793411 0.937068 0
vt 0.778968 0.930443 0
vt 0.791129 0.915404 0
vt 0.802826 0.920769 0
vt 0.791129 0.915404 0
vt 0.803069 0.899217 0
vt 0.812515 0.90355 0
vt 0.802826 0.920769 0
vt 0.812515 0.90355 0
vt 0.821961 0.907883 0
vt 0.814522 0.926134 0
vt 0.857882 0.93745 0
vt 0.87785 0.938035 0
vt 0.890029 0.955706 0
vt 0.863383 0.956324 0
vt 0.857882 0.93745 0
vt 0.863383 0.956324 0
vt 0.839788 0.955132 0
vt 0.839983 0.93567 0
vt 0.857882 0.93745 0
vt 0.839983 0.93567 0
vt 0.842164 0.915806 0
vt 0.855545 0.917912 0
vt 0.857882 0.93745 0
vt 0.855545 0.917912 0
vt 0.870237 0.919276 0
vt 0.87785 0.938035 0
vt 0.356644 0.403722 0
vt 0.357319 0.420151 0
vt 0.337698 0.416556 0
vt 0.337331 0.395718 0
vt 0.356644 0.403722 0
vt 0.337331 0.395718 0
vt 0.336964 0.37488 0
vt 0.355968 0.387294 0
vt 0.356644 0.403722 0
vt 0.355968 0.387294 0
vt 0.372994 0.393734 0
vt 0.373535 0.406964 0
vt 0.356644 0.403722 0
vt 0.373535 0.406964 0
vt 0.374077 0.420194 0
vt 0.357319 0.420151 0
vt 0.275072 0.850295 0
vt 0.274778 0.859157 0
vt 0.261912 0.859038 0
vt 0.262499 0.850062 0
vt 0.275072 0.850295 0
vt 0.262499 0.850062 0
vt 0.263087 0.841086 0
vt 0.275366 0.841433 0
vt 0.275072 0.850295 0
vt 0.275366 0.841433 0
vt 0.287645 0.841781 0
vt 0.287645 0.850528 0
vt 0.275072 0.850295 0
vt 0.287645 0.850528 0
vt 0.287645 0.859275 0
vt 0.274778 0.859157 0
vt 0.852004 0.799047 0
vt 0.837225 0.80062 0
vt 0.833056 0.779394 0
vt 0.849484 0.777165 0
vt 0.852004 0.799047 0
vt 0.849484 0.777165 0
vt 0.865911 0.774937 0
vt 0.866783 0.797474 0
vt 0.852004 0.799047 0
vt 0.866783 0.797474 0
vt 0.867655 0.820012 0
vt 0.854525 0.820929 0
vt 0.852004 0.799047 0
vt 0.854525 0.820929 0
vt 0.841395 0.821847 0
vt 0.837225 0.80062 0
vt 0.843769 0.844529 0
vt 0.850424 0.847582 0
vt 0.84068 0.867913 0
vt 0.83326 0.86451 0
vt 0.843769 0.844529 0
vt 0.83326 0.86451 0
vt 0.82584 0.861106 0
vt 0.837114 0.841476 0
vt 0.843769 0.844529 0
vt 0.837114 0.841476 0
vt 0.848389 0.821847 0
vt 0.854279 0.824549 0
vt 0.843769 0.844529 0
vt 0.854279 0.824549 0
vt 0.860168 0.82725 0
vt 0.850424 0.847582 0
vt 0.873837 0.853989 0
vt 0.883939 0.85429 0
vt 0.87785 0.876315 0
vt 0.866685 0.875518 0
vt 0.873837 0.853989 0
vt 0.866685 0.875518 0
vt 0.856457 0.874069 0
vt 0.864596 0.853 0
vt 0.873837 0.853989 0
vt 0.864596 0.853 0
vt 0.872736 0.83193 0
vt 0.880989 0.83246 0
vt 0.873837 0.853989 0
vt 0.880989 0.83246 0
vt 0.890029 0.832265 0
vt 0.883939 0.85429 0
vt 0.910229 0.511168 0
vt 0.910472 0.495111 0
vt 0.930295 0.48433 0
vt 0.928489 0.502313 0
vt 0.910229 0.511168 0
vt 0.928489 0.502313 0
vt 0.927525 0.519628 0
vt 0.910271 0.526413 0
vt 0.910229 0.511168 0
vt 0.910271 0.526413 0
vt 0.888894 0.530295 0
vt 0.888695 0.516953 0
vt 0.910229 0.511168 0
vt 0.888695 0.516953 0
vt 0.888626 0.502766 0
vt 0.910472 0.495111 0
vt 0.337032 0.800221 0
vt 0.332977 0.814412 0
vt 0.302837 0.810899 0
vt 0.314519 0.789672 0
vt 0.337032 0.800221 0
vt 0.314519 0.789672 0
vt 0.329904 0.769396 0
vt 0.341214 0.784694 0
vt 0.337032 0.800221 0
vt 0.341214 0.784694 0
vt 0.353867 0.795477 0
vt 0.356648 0.809422 0
vt 0.337032 0.800221 0
vt 0.356648 0.809422 0
vt 0.353327 0.820519 0
vt 0.332977 0.814412 0
vt 0.942882 0.496606 0
vt 0.948375 0.476684 0
vt 0.965583 0.470605 0
vt 0.95534 0.492473 0
vt 0.942882 0.496606 0
vt 0.95534 0.492473 0
vt 0.949022 0.514378 0
vt 0.939574 0.516171 0
vt 0.942882 0.496606 0
vt 0.939574 0.516171 0
vt 0.927525 0.519628 0
vt 0.928489 0.502313 0
vt 0.942882 0.496606 0
vt 0.928489 0.502313 0
vt 0.930295 0.48433 0
vt 0.948375 0.476684 0
vt 0.280345 0.783154 0
vt 0.268947 0.809064 0
vt 0.222338 0.810542 0
vt 0.240341 0.778654 0
vt 0.280345 0.783154 0
vt 0.240341 0.778654 0
vt 0.25918 0.752748 0
vt 0.291934 0.761442 0
vt 0.280345 0.783154 0
vt 0.291934 0.761442 0
vt 0.329904 0.769396 0
vt 0.314519 0.789672 0
vt 0.280345 0.783154 0
vt 0.314519 0.789672 0
vt 0.302837 0.810899 0
vt 0.268947 0.809064 0
vt 0.864589 0.275523 0
vt 0.85548 0.278272 0
vt 0.849349 0.260177 0
vt 0.856064 0.253229 0
vt 0.864589 0.275523 0
vt 0.856064 0.253229 0
vt 0.864525 0.243438 0
vt 0.874987 0.271099 0
vt 0.864589 0.275523 0
vt 0.874987 0.271099 0
vt 0.882514 0.296678 0
vt 0.871111 0.29711 0
vt 0.864589 0.275523 0
vt 0.871111 0.29711 0
vt 0.860621 0.296762 0
vt 0.85548 0.278272 0
vt 0.303903 0.748126 0
vt 0.291934 0.761442 0
vt 0.25918 0.752748 0
vt 0.27969 0.73881 0
vt 0.303903 0.748126 0
vt 0.27969 0.73881 0
vt 0.301036 0.730855 0
vt 0.316063 0.739007 0
vt 0.303903 0.748126 0
vt 0.316063 0.739007 0
vt 0.331091 0.747158 0
vt 0.328116 0.757441 0
vt 0.303903 0.748126 0
vt 0.328116 0.757441 0
vt 0.329904 0.769396 0
vt 0.291934 0.761442 0
vt 0.439555 0.797191 0
vt 0.439064 0.803277 0
vt 0.411707 0.803018 0
vt 0.412932 0.796089 0
vt 0.439555 0.797191 0
vt 0.412932 0.796089 0
vt 0.414187 0.789686 0
vt 0.440241 0.791474 0
vt 0.439555 0.797191 0
vt 0.440241 0.791474 0
vt 0.466294 0.793262 0
vt 0.466179 0.798292 0
vt 0.439555 0.797191 0
vt 0.466179 0.798292 0
vt 0.466422 0.803536 0
vt 0.439064 0.803277 0
vt 0.808619 0.524253 0
vt 0.809823 0.51839 0
vt 0.837141 0.531265 0
vt 0.836586 0.53872 0
vt 0.808619 0.524253 0
vt 0.836586 0.53872 0
vt 0.836114 0.5461 0
vt 0.807541 0.530004 0
vt 0.808619 0.524253 0
vt 0.807541 0.530004 0
vt 0.778968 0.513907 0
vt 0.780653 0.509786 0
vt 0.808619 0.524253 0
vt 0.780653 0.509786 0
vt 0.782506 0.505516 0
vt 0.809823 0.51839 0
vt 0.912664 0.565645 0
vt 0.911772 0.552838 0
vt 0.929798 0.55092 0
vt 0.931356 0.566233 0
vt 0.912664 0.565645 0
vt 0.931356 0.566233 0
vt 0.932913 0.581545 0
vt 0.913556 0.578451 0
vt 0.912664 0.565645 0
vt 0.913556 0.578451 0
vt 0.891191 0.574309 0
vt 0.890563 0.563535 0
vt 0.912664 0.565645 0
vt 0.890563 0.563535 0
vt 0.889946 0.552752 0
vt 0.911772 0.552838 0
vt 0.301993 0.862293 0
vt 0.313253 0.860178 0
vt 0.313253 0.879269 0
vt 0.300449 0.881675 0
vt 0.301993 0.862293 0
vt 0.300449 0.881675 0
vt 0.287645 0.884081 0
vt 0.290732 0.864407 0
vt 0.301993 0.862293 0
vt 0.290732 0.864407 0
vt 0.293818 0.844734 0
vt 0.303536 0.84291 0
vt 0.301993 0.862293 0
vt 0.303536 0.84291 0
vt 0.313253 0.841086 0
vt 0.313253 0.860178 0
vt 0.873623 0.317283 0
vt 0.863784 0.316043 0
vt 0.860621 0.296762 0
vt 0.871111 0.29711 0
vt 0.873623 0.317283 0
vt 0.871111 0.29711 0
vt 0.882514 0.296678 0
vt 0.884172 0.31809 0
vt 0.873623 0.317283 0
vt 0.884172 0.31809 0
vt 0.885206 0.340126 0
vt 0.876225 0.339438 0
vt 0.873623 0.317283 0
vt 0.876225 0.339438 0
vt 0.867899 0.338368 0
vt 0.863784 0.316043 0
vt 0.896137 0.31803 0
vt 0.884172 0.31809 0
vt 0.882514 0.296678 0
vt 0.895743 0.294684 0
vt 0.896137 0.31803 0
vt 0.895743 0.294684 0
vt 0.915622 0.303457 0
vt 0.908811 0.317535 0
vt 0.896137 0.31803 0
vt 0.908811 0.317535 0
vt 0.906444 0.339594 0
vt 0.895498 0.340051 0
vt 0.896137 0.31803 0
vt 0.895498 0.340051 0
vt 0.885206 0.340126 0
vt 0.884172 0.31809 0
vt 0.182742 0.865612 0
vt 0.180074 0.85842 0
vt 0.186386 0.857411 0
vt 0.189551 0.864937 0
vt 0.182742 0.865612 0
vt 0.189551 0.864937 0
vt 0.192922 0.872431 0
vt 0.185661 0.8728 0
vt 0.182742 0.865612 0
vt 0.185661 0.8728 0
vt 0.177342 0.872034 0
vt 0.175729 0.865591 0
vt 0.182742 0.865612 0
vt 0.175729 0.865591 0
vt 0.174265 0.859234 0
vt 0.180074 0.85842 0
vt 0.195952 0.86287 0
vt 0.193704 0.856014 0
vt 0.201524 0.854423 0
vt 0.202148 0.860107 0
vt 0.195952 0.86287 0
vt 0.202148 0.860107 0
vt 0.202148 0.866016 0
vt 0.198065 0.869791 0
vt 0.195952 0.86287 0
vt 0.198065 0.869791 0
vt 0.192922 0.872431 0
vt 0.189551 0.864937 0
vt 0.195952 0.86287 0
vt 0.189551 0.864937 0
vt 0.186386 0.857411 0
vt 0.193704 0.856014 0
vt 0.900774 0.42741 0
vt 0.895781 0.42654 0
vt 0.88584 0.396266 0
vt 0.891894 0.39719 0
vt 0.900774 0.42741 0
vt 0.891894 0.39719 0
vt 0.898829 0.39773 0
vt 0.906795 0.427884 0
vt 0.900774 0.42741 0
vt 0.906795 0.427884 0
vt 0.914762 0.458039 0
vt 0.909655 0.457631 0
vt 0.900774 0.42741 0
vt 0.909655 0.457631 0
vt 0.905722 0.456814 0
vt 0.895781 0.42654 0
vt 0.914872 0.427565 0
vt 0.906795 0.427884 0
vt 0.898829 0.39773 0
vt 0.907527 0.3975 0
vt 0.914872 0.427565 0
vt 0.907527 0.3975 0
vt 0.917107 0.396886 0
vt 0.923978 0.42685 0
vt 0.914872 0.427565 0
vt 0.923978 0.42685 0
vt 0.930849 0.456814 0
vt 0.922218 0.457631 0
vt 0.914872 0.427565 0
vt 0.922218 0.457631 0
vt 0.914762 0.458039 0
vt 0.906795 0.427884 0
vt 0.438961 0.810102 0
vt 0.438849 0.816767 0
vt 0.409322 0.818937 0
vt 0.410546 0.810997 0
vt 0.438961 0.810102 0
vt 0.410546 0.810997 0
vt 0.411707 0.803018 0
vt 0.439064 0.803277 0
vt 0.438961 0.810102 0
vt 0.439064 0.803277 0
vt 0.466422 0.803536 0
vt 0.467376 0.809207 0
vt 0.438961 0.810102 0
vt 0.467376 0.809207 0
vt 0.468377 0.814596 0
vt 0.438849 0.816767 0
vt 0.81337 0.497152 0
vt 0.813879 0.488195 0
vt 0.839178 0.494616 0
vt 0.838925 0.5053 0
vt 0.81337 0.497152 0
vt 0.838925 0.5053 0
vt 0.838534 0.515233 0
vt 0.812593 0.505419 0
vt 0.81337 0.497152 0
vt 0.812593 0.505419 0
vt 0.786653 0.495605 0
vt 0.787815 0.489004 0
vt 0.81337 0.497152 0
vt 0.787815 0.489004 0
vt 0.788579 0.481774 0
vt 0.813879 0.488195 0
vt 0.592737 0.797037 0
vt 0.591225 0.747637 0
vt 0.610254 0.745023 0
vt 0.609982 0.794596 0
vt 0.592737 0.797037 0
vt 0.609982 0.794596 0
vt 0.608158 0.839221 0
vt 0.592064 0.839327 0
vt 0.592737 0.797037 0
vt 0.592064 0.839327 0
vt 0.559876 0.839538 0
vt 0.558246 0.801919 0
vt 0.592737 0.797037 0
vt 0.558246 0.801919 0
vt 0.550168 0.770603 0
vt 0.591225 0.747637 0
vt 0.729603 0.087909 0
vt 0.726828 0.143692 0
vt 0.674759 0.146771 0
vt 0.680525 0.090779 0
vt 0.729603 0.087909 0
vt 0.680525 0.090779 0
vt 0.690933 0.045989 0
vt 0.734588 0.045865 0
vt 0.729603 0.087909 0
vt 0.734588 0.045865 0
vt 0.756415 0.045803 0
vt 0.754142 0.086473 0
vt 0.729603 0.087909 0
vt 0.754142 0.086473 0
vt 0.752862 0.142153 0
vt 0.726828 0.143692 0
vt 0.891445 0.093988 0
vt 0.856963 0.099277 0
vt 0.848532 0.078171 0
vt 0.883592 0.071205 0
vt 0.891445 0.093988 0
vt 0.883592 0.071205 0
vt 0.913575 0.060926 0
vt 0.924247 0.087116 0
vt 0.891445 0.093988 0
vt 0.924247 0.087116 0
vt 0.933114 0.121294 0
vt 0.90018 0.124225 0
vt 0.891445 0.093988 0
vt 0.90018 0.124225 0
vt 0.863513 0.129588 0
vt 0.856963 0.099277 0
vt 0.940639 0.535023 0
vt 0.939574 0.516171 0
vt 0.949022 0.514378 0
vt 0.950555 0.536359 0
vt 0.940639 0.535023 0
vt 0.950555 0.536359 0
vt 0.956012 0.558376 0
vt 0.943889 0.553519 0
vt 0.940639 0.535023 0
vt 0.943889 0.553519 0
vt 0.929798 0.55092 0
vt 0.928241 0.535608 0
vt 0.940639 0.535023 0
vt 0.928241 0.535608 0
vt 0.927525 0.519628 0
vt 0.939574 0.516171 0
vt 0.329176 0.82593 0
vt 0.325501 0.836111 0
vt 0.307013 0.831136 0
vt 0.311285 0.819361 0
vt 0.329176 0.82593 0
vt 0.311285 0.819361 0
vt 0.302837 0.810899 0
vt 0.332977 0.814412 0
vt 0.329176 0.82593 0
vt 0.332977 0.814412 0
vt 0.353327 0.820519 0
vt 0.350199 0.830013 0
vt 0.329176 0.82593 0
vt 0.350199 0.830013 0
vt 0.347168 0.838706 0
vt 0.325501 0.836111 0
vt 0.919144 0.254859 0
vt 0.902884 0.256485 0
vt 0.89249 0.214225 0
vt 0.913124 0.209651 0
vt 0.919144 0.254859 0
vt 0.913124 0.209651 0
vt 0.93607 0.209658 0
vt 0.93607 0.255841 0
vt 0.919144 0.254859 0
vt 0.93607 0.255841 0
vt 0.93607 0.302024 0
vt 0.925163 0.300068 0
vt 0.919144 0.254859 0
vt 0.925163 0.300068 0
vt 0.915622 0.303457 0
vt 0.902884 0.256485 0
vt 0.811279 0.512305 0
vt 0.812593 0.505419 0
vt 0.838534 0.515233 0
vt 0.837865 0.523662 0
vt 0.811279 0.512305 0
vt 0.837865 0.523662 0
vt 0.837141 0.531265 0
vt 0.809823 0.51839 0
vt 0.811279 0.512305 0
vt 0.809823 0.51839 0
vt 0.782506 0.505516 0
vt 0.784694 0.500949 0
vt 0.811279 0.512305 0
vt 0.784694 0.500949 0
vt 0.786653 0.495605 0
vt 0.812593 0.505419 0
vt 0.910879 0.540032 0
vt 0.910271 0.526413 0
vt 0.927525 0.519628 0
vt 0.928241 0.535608 0
vt 0.910879 0.540032 0
vt 0.928241 0.535608 0
vt 0.929798 0.55092 0
vt 0.911772 0.552838 0
vt 0.910879 0.540032 0
vt 0.911772 0.552838 0
vt 0.889946 0.552752 0
vt 0.88935 0.54195 0
vt 0.910879 0.540032 0
vt 0.88935 0.54195 0
vt 0.888894 0.530295 0
vt 0.910271 0.526413 0
vt 0.17791 0.851221 0
vt 0.175997 0.844018 0
vt 0.181089 0.842206 0
vt 0.183635 0.849824 0
vt 0.17791 0.851221 0
vt 0.183635 0.849824 0
vt 0.186386 0.857411 0
vt 0.180074 0.85842 0
vt 0.17791 0.851221 0
vt 0.180074 0.85842 0
vt 0.174265 0.859234 0
vt 0.173099 0.853049 0
vt 0.17791 0.851221 0
vt 0.173099 0.853049 0
vt 0.172082 0.846949 0
vt 0.175997 0.844018 0
vt 0.191186 0.849291 0
vt 0.188533 0.842633 0
vt 0.197154 0.84418 0
vt 0.199651 0.849189 0
vt 0.191186 0.849291 0
vt 0.199651 0.849189 0
vt 0.201524 0.854423 0
vt 0.193704 0.856014 0
vt 0.191186 0.849291 0
vt 0.193704 0.856014 0
vt 0.186386 0.857411 0
vt 0.183635 0.849824 0
vt 0.191186 0.849291 0
vt 0.183635 0.849824 0
vt 0.181089 0.842206 0
vt 0.188533 0.842633 0
vt 0.438332 0.822371 0
vt 0.437613 0.827444 0
vt 0.406405 0.831992 0
vt 0.40791 0.825747 0
vt 0.438332 0.822371 0
vt 0.40791 0.825747 0
vt 0.409322 0.818937 0
vt 0.438849 0.816767 0
vt 0.438332 0.822371 0
vt 0.438849 0.816767 0
vt 0.468377 0.814596 0
vt 0.468755 0.818994 0
vt 0.438332 0.822371 0
vt 0.468755 0.818994 0
vt 0.468822 0.822897 0
vt 0.437613 0.827444 0
vt 0.244071 0.206232 0
vt 0.264429 0.211714 0
vt 0.257179 0.223498 0
vt 0.23862 0.217347 0
vt 0.244071 0.206232 0
vt 0.23862 0.217347 0
vt 0.224583 0.208721 0
vt 0.22763 0.198387 0
vt 0.244071 0.206232 0
vt 0.22763 0.198387 0
vt 0.216684 0.181183 0
vt 0.248459 0.193589 0
vt 0.244071 0.206232 0
vt 0.248459 0.193589 0
vt 0.271407 0.1989 0
vt 0.264429 0.211714 0
vt 0.287152 0.134135 0
vt 0.307027 0.139718 0
vt 0.300269 0.149473 0
vt 0.27907 0.144123 0
vt 0.287152 0.134135 0
vt 0.27907 0.144123 0
vt 0.260107 0.138756 0
vt 0.269097 0.128653 0
vt 0.287152 0.134135 0
vt 0.269097 0.128653 0
vt 0.279496 0.118022 0
vt 0.296495 0.123694 0
vt 0.287152 0.134135 0
vt 0.296495 0.123694 0
vt 0.314739 0.129269 0
vt 0.307027 0.139718 0
vt 0.343781 0.043552 0
vt 0.359805 0.050779 0
vt 0.354824 0.063991 0
vt 0.338371 0.057189 0
vt 0.343781 0.043552 0
vt 0.338371 0.057189 0
vt 0.323637 0.05112 0
vt 0.329307 0.036931 0
vt 0.343781 0.043552 0
vt 0.329307 0.036931 0
vt 0.333995 0.025876 0
vt 0.347977 0.033132 0
vt 0.343781 0.043552 0
vt 0.347977 0.033132 0
vt 0.363179 0.040763 0
vt 0.359805 0.050779 0
vt 0.803271 0.019409 0
vt 0.794617 0.017896 0
vt 0.799517 0.00818 0
vt 0.810904 0.010395 0
vt 0.803271 0.019409 0
vt 0.810904 0.010395 0
vt 0.834217 0.011864 0
vt 0.817594 0.02456 0
vt 0.803271 0.019409 0
vt 0.817594 0.02456 0
vt 0.804455 0.031328 0
vt 0.795637 0.028422 0
vt 0.803271 0.019409 0
vt 0.795637 0.028422 0
vt 0.789717 0.027611 0
vt 0.794617 0.017896 0
vt 0.113522 0.314497 0
vt 0.102999 0.348078 0
vt 0.083599 0.336609 0
vt 0.096207 0.3031 0
vt 0.113522 0.314497 0
vt 0.096207 0.3031 0
vt 0.10859 0.260239 0
vt 0.126945 0.281873 0
vt 0.113522 0.314497 0
vt 0.126945 0.281873 0
vt 0.148356 0.293266 0
vt 0.135736 0.326438 0
vt 0.113522 0.314497 0
vt 0.135736 0.326438 0
vt 0.127557 0.359644 0
vt 0.102999 0.348078 0
vt 0.062479 0.752138 0
vt 0.054103 0.795574 0
vt 0.039782 0.791393 0
vt 0.043751 0.747322 0
vt 0.062479 0.752138 0
vt 0.043751 0.747322 0
vt 0.046237 0.700701 0
vt 0.068877 0.70584 0
vt 0.062479 0.752138 0
vt 0.068877 0.70584 0
vt 0.097227 0.710926 0
vt 0.086416 0.757337 0
vt 0.062479 0.752138 0
vt 0.086416 0.757337 0
vt 0.072431 0.800428 0
vt 0.054103 0.795574 0
vt 0.071316 0.65382 0
vt 0.068877 0.70584 0
vt 0.046237 0.700701 0
vt 0.045755 0.648979 0
vt 0.071316 0.65382 0
vt 0.045755 0.648979 0
vt 0.037908 0.569996 0
vt 0.072934 0.589696 0
vt 0.071316 0.65382 0
vt 0.072934 0.589696 0
vt 0.103685 0.593667 0
vt 0.101691 0.657876 0
vt 0.071316 0.65382 0
vt 0.101691 0.657876 0
vt 0.097227 0.710926 0
vt 0.068877 0.70584 0
vt 0.076865 0.507089 0
vt 0.072934 0.589696 0
vt 0.037908 0.569996 0
vt 0.048255 0.500091 0
vt 0.076865 0.507089 0
vt 0.048255 0.500091 0
vt 0.04996 0.424838 0
vt 0.083311 0.429807 0
vt 0.076865 0.507089 0
vt 0.083311 0.429807 0
vt 0.112215 0.439686 0
vt 0.107089 0.51378 0
vt 0.076865 0.507089 0
vt 0.107089 0.51378 0
vt 0.103685 0.593667 0
vt 0.072934 0.589696 0
vt 0.354431 0.872868 0
vt 0.343779 0.869315 0
vt 0.346198 0.858784 0
vt 0.355724 0.862161 0
vt 0.354431 0.872868 0
vt 0.355724 0.862161 0
vt 0.360483 0.863853 0
vt 0.359741 0.874661 0
vt 0.354431 0.872868 0
vt 0.359741 0.874661 0
vt 0.359307 0.886351 0
vt 0.353463 0.884686 0
vt 0.354431 0.872868 0
vt 0.353463 0.884686 0
vt 0.341716 0.88141 0
vt 0.343779 0.869315 0
vt 0.879314 0.053347 0
vt 0.854061 0.059619 0
vt 0.852387 0.044626 0
vt 0.875169 0.037983 0
vt 0.879314 0.053347 0
vt 0.875169 0.037983 0
vt 0.897982 0.028471 0
vt 0.905203 0.042706 0
vt 0.879314 0.053347 0
vt 0.905203 0.042706 0
vt 0.913575 0.060926 0
vt 0.883592 0.071205 0
vt 0.879314 0.053347 0
vt 0.883592 0.071205 0
vt 0.848532 0.078171 0
vt 0.854061 0.059619 0
vt 0.693059 0.672705 0
vt 0.676353 0.665084 0
vt 0.688693 0.627 0
vt 0.703843 0.629105 0
vt 0.693059 0.672705 0
vt 0.703843 0.629105 0
vt 0.714194 0.621625 0
vt 0.713067 0.677875 0
vt 0.693059 0.672705 0
vt 0.713067 0.677875 0
vt 0.704389 0.724865 0
vt 0.682872 0.711537 0
vt 0.693059 0.672705 0
vt 0.682872 0.711537 0
vt 0.665169 0.701432 0
vt 0.676353 0.665084 0
vt 0.607161 0.278583 0
vt 0.617169 0.277861 0
vt 0.620384 0.3084 0
vt 0.614627 0.309213 0
vt 0.607161 0.278583 0
vt 0.614627 0.309213 0
vt 0.597988 0.313263 0
vt 0.582279 0.27862 0
vt 0.607161 0.278583 0
vt 0.582279 0.27862 0
vt 0.569136 0.251244 0
vt 0.598813 0.25329 0
vt 0.607161 0.278583 0
vt 0.598813 0.25329 0
vt 0.613647 0.252829 0
vt 0.617169 0.277861 0
vt 0.73968 0.67814 0
vt 0.713067 0.677875 0
vt 0.714194 0.621625 0
vt 0.743336 0.633622 0
vt 0.73968 0.67814 0
vt 0.743336 0.633622 0
vt 0.757166 0.633218 0
vt 0.754638 0.677046 0
vt 0.73968 0.67814 0
vt 0.754638 0.677046 0
vt 0.752572 0.716153 0
vt 0.736878 0.717894 0
vt 0.73968 0.67814 0
vt 0.736878 0.717894 0
vt 0.704389 0.724865 0
vt 0.713067 0.677875 0
vt 0.258096 0.293502 0
vt 0.295577 0.302147 0
vt 0.289732 0.335971 0
vt 0.244889 0.330365 0
vt 0.258096 0.293502 0
vt 0.244889 0.330365 0
vt 0.209786 0.319825 0
vt 0.223556 0.283764 0
vt 0.258096 0.293502 0
vt 0.223556 0.283764 0
vt 0.238062 0.252781 0
vt 0.27178 0.261413 0
vt 0.258096 0.293502 0
vt 0.27178 0.261413 0
vt 0.310467 0.269373 0
vt 0.295577 0.302147 0
vt 0.547664 0.275842 0
vt 0.582279 0.27862 0
vt 0.597988 0.313263 0
vt 0.554475 0.308981 0
vt 0.547664 0.275842 0
vt 0.554475 0.308981 0
vt 0.508112 0.311106 0
vt 0.508182 0.271656 0
vt 0.547664 0.275842 0
vt 0.508182 0.271656 0
vt 0.509744 0.232301 0
vt 0.539444 0.243257 0
vt 0.547664 0.275842 0
vt 0.539444 0.243257 0
vt 0.569136 0.251244 0
vt 0.582279 0.27862 0
vt 0.194898 0.271839 0
vt 0.223556 0.283764 0
vt 0.209786 0.319825 0
vt 0.176789 0.306688 0
vt 0.194898 0.271839 0
vt 0.176789 0.306688 0
vt 0.148356 0.293266 0
vt 0.169857 0.260161 0
vt 0.194898 0.271839 0
vt 0.169857 0.260161 0
vt 0.193153 0.22764 0
vt 0.214286 0.242806 0
vt 0.194898 0.271839 0
vt 0.214286 0.242806 0
vt 0.238062 0.252781 0
vt 0.223556 0.283764 0
vt 0.605812 0.101818 0
vt 0.617718 0.101327 0
vt 0.617156 0.116786 0
vt 0.604365 0.117227 0
vt 0.605812 0.101818 0
vt 0.604365 0.117227 0
vt 0.578782 0.118109 0
vt 0.581998 0.102799 0
vt 0.605812 0.101818 0
vt 0.581998 0.102799 0
vt 0.582503 0.088294 0
vt 0.606914 0.084187 0
vt 0.605812 0.101818 0
vt 0.606914 0.084187 0
vt 0.618169 0.083719 0
vt 0.617718 0.101327 0
vt 0.263125 0.091795 0
vt 0.271878 0.096236 0
vt 0.256982 0.10664 0
vt 0.25139 0.099531 0
vt 0.263125 0.091795 0
vt 0.25139 0.099531 0
vt 0.241399 0.093941 0
vt 0.255674 0.085678 0
vt 0.263125 0.091795 0
vt 0.255674 0.085678 0
vt 0.269273 0.072742 0
vt 0.275543 0.08034 0
vt 0.263125 0.091795 0
vt 0.275543 0.08034 0
vt 0.284629 0.083579 0
vt 0.271878 0.096236 0
vt 0.250293 0.075582 0
vt 0.255674 0.085678 0
vt 0.241399 0.093941 0
vt 0.235987 0.081715 0
vt 0.250293 0.075582 0
vt 0.235987 0.081715 0
vt 0.233281 0.075725 0
vt 0.248121 0.069539 0
vt 0.250293 0.075582 0
vt 0.248121 0.069539 0
vt 0.263217 0.062466 0
vt 0.26466 0.068872 0
vt 0.250293 0.075582 0
vt 0.26466 0.068872 0
vt 0.269273 0.072742 0
vt 0.255674 0.085678 0
vt 0.337062 0.121356 0
vt 0.347793 0.124439 0
vt 0.344032 0.139819 0
vt 0.330337 0.134992 0
vt 0.337062 0.121356 0
vt 0.330337 0.134992 0
vt 0.314739 0.129269 0
vt 0.32436 0.11743 0
vt 0.337062 0.121356 0
vt 0.32436 0.11743 0
vt 0.341919 0.096766 0
vt 0.34494 0.106224 0
vt 0.337062 0.121356 0
vt 0.34494 0.106224 0
vt 0.355929 0.103186 0
vt 0.347793 0.124439 0
vt 0.357877 0.126994 0
vt 0.367639 0.129285 0
vt 0.368528 0.144616 0
vt 0.35657 0.142703 0
vt 0.357877 0.126994 0
vt 0.35657 0.142703 0
vt 0.344032 0.139819 0
vt 0.347793 0.124439 0
vt 0.357877 0.126994 0
vt 0.347793 0.124439 0
vt 0.355929 0.103186 0
vt 0.359373 0.109133 0
vt 0.357877 0.126994 0
vt 0.359373 0.109133 0
vt 0.366366 0.112162 0
vt 0.367639 0.129285 0
vt 0.308359 0.112348 0
vt 0.32436 0.11743 0
vt 0.314739 0.129269 0
vt 0.296495 0.123694 0
vt 0.308359 0.112348 0
vt 0.296495 0.123694 0
vt 0.279496 0.118022 0
vt 0.292734 0.106757 0
vt 0.308359 0.112348 0
vt 0.292734 0.106757 0
vt 0.305881 0.092172 0
vt 0.320465 0.097677 0
vt 0.308359 0.112348 0
vt 0.320465 0.097677 0
vt 0.341919 0.096766 0
vt 0.32436 0.11743 0
vt 0.936544 0.701149 0
vt 0.932157 0.676231 0
vt 0.937093 0.670112 0
vt 0.941565 0.699069 0
vt 0.936544 0.701149 0
vt 0.941565 0.699069 0
vt 0.944918 0.725472 0
vt 0.939421 0.724234 0
vt 0.936544 0.701149 0
vt 0.939421 0.724234 0
vt 0.933923 0.722995 0
vt 0.931523 0.703229 0
vt 0.936544 0.701149 0
vt 0.931523 0.703229 0
vt 0.92722 0.68235 0
vt 0.932157 0.676231 0
vt 0.657093 0.789884 0
vt 0.640865 0.796598 0
vt 0.648581 0.765454 0
vt 0.665486 0.765358 0
vt 0.657093 0.789884 0
vt 0.665486 0.765358 0
vt 0.680124 0.768158 0
vt 0.670878 0.78705 0
vt 0.657093 0.789884 0
vt 0.670878 0.78705 0
vt 0.663383 0.801619 0
vt 0.65134 0.810463 0
vt 0.657093 0.789884 0
vt 0.65134 0.810463 0
vt 0.634892 0.822793 0
vt 0.640865 0.796598 0
vt 0.167884 0.167233 0
vt 0.174002 0.162922 0
vt 0.191224 0.1789 0
vt 0.183443 0.184493 0
vt 0.167884 0.167233 0
vt 0.183443 0.184493 0
vt 0.164085 0.181845 0
vt 0.159616 0.170871 0
vt 0.167884 0.167233 0
vt 0.159616 0.170871 0
vt 0.146651 0.152919 0
vt 0.152578 0.149113 0
vt 0.167884 0.167233 0
vt 0.152578 0.149113 0
vt 0.154065 0.140313 0
vt 0.174002 0.162922 0
vt 0.939277 0.743652 0
vt 0.946036 0.746769 0
vt 0.946036 0.765512 0
vt 0.937267 0.76096 0
vt 0.939277 0.743652 0
vt 0.937267 0.76096 0
vt 0.928497 0.756408 0
vt 0.932518 0.740535 0
vt 0.939277 0.743652 0
vt 0.932518 0.740535 0
vt 0.933923 0.722995 0
vt 0.939421 0.724234 0
vt 0.939277 0.743652 0
vt 0.939421 0.724234 0
vt 0.944918 0.725472 0
vt 0.946036 0.746769 0
vt 0.593625 0.233439 0
vt 0.611337 0.233474 0
vt 0.613647 0.252829 0
vt 0.598813 0.25329 0
vt 0.593625 0.233439 0
vt 0.598813 0.25329 0
vt 0.569136 0.251244 0
vt 0.561098 0.230294 0
vt 0.593625 0.233439 0
vt 0.561098 0.230294 0
vt 0.555612 0.212559 0
vt 0.590017 0.216308 0
vt 0.593625 0.233439 0
vt 0.590017 0.216308 0
vt 0.609631 0.216957 0
vt 0.611337 0.233474 0
vt 0.739043 0.742575 0
vt 0.715489 0.749173 0
vt 0.704389 0.724865 0
vt 0.736878 0.717894 0
vt 0.739043 0.742575 0
vt 0.736878 0.717894 0
vt 0.752572 0.716153 0
vt 0.753005 0.740715 0
vt 0.739043 0.742575 0
vt 0.753005 0.740715 0
vt 0.753377 0.757531 0
vt 0.741073 0.758774 0
vt 0.739043 0.742575 0
vt 0.741073 0.758774 0
vt 0.716157 0.768609 0
vt 0.715489 0.749173 0
vt 0.280561 0.242333 0
vt 0.31813 0.249498 0
vt 0.310467 0.269373 0
vt 0.27178 0.261413 0
vt 0.280561 0.242333 0
vt 0.27178 0.261413 0
vt 0.238062 0.252781 0
vt 0.24883 0.23494 0
vt 0.280561 0.242333 0
vt 0.24883 0.23494 0
vt 0.257179 0.223498 0
vt 0.28689 0.229759 0
vt 0.280561 0.242333 0
vt 0.28689 0.229759 0
vt 0.322179 0.236075 0
vt 0.31813 0.249498 0
vt 0.534364 0.221002 0
vt 0.561098 0.230294 0
vt 0.569136 0.251244 0
vt 0.539444 0.243257 0
vt 0.534364 0.221002 0
vt 0.539444 0.243257 0
vt 0.509744 0.232301 0
vt 0.510526 0.208636 0
vt 0.534364 0.221002 0
vt 0.510526 0.208636 0
vt 0.510919 0.192816 0
vt 0.530854 0.203912 0
vt 0.534364 0.221002 0
vt 0.530854 0.203912 0
vt 0.555612 0.212559 0
vt 0.561098 0.230294 0
vt 0.228776 0.22709 0
vt 0.24883 0.23494 0
vt 0.238062 0.252781 0
vt 0.214286 0.242806 0
vt 0.228776 0.22709 0
vt 0.214286 0.242806 0
vt 0.193153 0.22764 0
vt 0.214224 0.216717 0
vt 0.228776 0.22709 0
vt 0.214224 0.216717 0
vt 0.224583 0.208721 0
vt 0.23862 0.217347 0
vt 0.228776 0.22709 0
vt 0.23862 0.217347 0
vt 0.257179 0.223498 0
vt 0.24883 0.23494 0
vt 0.650868 0.823147 0
vt 0.632402 0.839092 0
vt 0.634892 0.822793 0
vt 0.65134 0.810463 0
vt 0.650868 0.823147 0
vt 0.65134 0.810463 0
vt 0.663383 0.801619 0
vt 0.667329 0.807383 0
vt 0.650868 0.823147 0
vt 0.667329 0.807383 0
vt 0.672029 0.814831 0
vt 0.653037 0.831885 0
vt 0.650868 0.823147 0
vt 0.653037 0.831885 0
vt 0.631655 0.850442 0
vt 0.632402 0.839092 0
vt 0.175821 0.157266 0
vt 0.175489 0.150937 0
vt 0.192342 0.162525 0
vt 0.193227 0.171231 0
vt 0.175821 0.157266 0
vt 0.193227 0.171231 0
vt 0.191224 0.1789 0
vt 0.174002 0.162922 0
vt 0.175821 0.157266 0
vt 0.174002 0.162922 0
vt 0.154065 0.140313 0
vt 0.158392 0.143617 0
vt 0.175821 0.157266 0
vt 0.158392 0.143617 0
vt 0.158592 0.139983 0
vt 0.175489 0.150937 0
vt 0.67978 0.791977 0
vt 0.670878 0.78705 0
vt 0.680124 0.768158 0
vt 0.690227 0.77675 0
vt 0.67978 0.791977 0
vt 0.690227 0.77675 0
vt 0.698062 0.788239 0
vt 0.686241 0.800784 0
vt 0.67978 0.791977 0
vt 0.686241 0.800784 0
vt 0.672029 0.814831 0
vt 0.667329 0.807383 0
vt 0.67978 0.791977 0
vt 0.667329 0.807383 0
vt 0.663383 0.801619 0
vt 0.670878 0.78705 0
vt 0.098772 0.899149 0
vt 0.114799 0.899873 0
vt 0.114799 0.915446 0
vt 0.094942 0.916892 0
vt 0.098772 0.899149 0
vt 0.094942 0.916892 0
vt 0.075084 0.918338 0
vt 0.082745 0.898425 0
vt 0.098772 0.899149 0
vt 0.082745 0.898425 0
vt 0.091154 0.878812 0
vt 0.102404 0.882482 0
vt 0.098772 0.899149 0
vt 0.102404 0.882482 0
vt 0.114414 0.882792 0
vt 0.114799 0.899873 0
vt 0.256343 0.122985 0
vt 0.269097 0.128653 0
vt 0.260107 0.138756 0
vt 0.246121 0.133256 0
vt 0.256343 0.122985 0
vt 0.246121 0.133256 0
vt 0.236947 0.128554 0
vt 0.247256 0.119135 0
vt 0.256343 0.122985 0
vt 0.247256 0.119135 0
vt 0.256982 0.10664 0
vt 0.267639 0.112007 0
vt 0.256343 0.122985 0
vt 0.267639 0.112007 0
vt 0.279496 0.118022 0
vt 0.269097 0.128653 0
vt 0.317933 0.031523 0
vt 0.329307 0.036931 0
vt 0.323637 0.05112 0
vt 0.31234 0.046521 0
vt 0.317933 0.031523 0
vt 0.31234 0.046521 0
vt 0.303026 0.042919 0
vt 0.308459 0.026817 0
vt 0.317933 0.031523 0
vt 0.308459 0.026817 0
vt 0.31262 0.013116 0
vt 0.322453 0.019369 0
vt 0.317933 0.031523 0
vt 0.322453 0.019369 0
vt 0.333995 0.025876 0
vt 0.329307 0.036931 0
vt 0.83008 0.057153 0
vt 0.829669 0.045528 0
vt 0.852387 0.044626 0
vt 0.854061 0.059619 0
vt 0.83008 0.057153 0
vt 0.854061 0.059619 0
vt 0.848532 0.078171 0
vt 0.823118 0.066325 0
vt 0.83008 0.057153 0
vt 0.823118 0.066325 0
vt 0.803367 0.055427 0
vt 0.806735 0.050317 0
vt 0.83008 0.057153 0
vt 0.806735 0.050317 0
vt 0.806982 0.043559 0
vt 0.829669 0.045528 0
vt 0.080504 0.29132 0
vt 0.067425 0.324373 0
vt 0.052865 0.311754 0
vt 0.065608 0.279349 0
vt 0.080504 0.29132 0
vt 0.065608 0.279349 0
vt 0.078351 0.246944 0
vt 0.093583 0.258268 0
vt 0.080504 0.29132 0
vt 0.093583 0.258268 0
vt 0.10859 0.260239 0
vt 0.096207 0.3031 0
vt 0.080504 0.29132 0
vt 0.096207 0.3031 0
vt 0.083599 0.336609 0
vt 0.067425 0.324373 0
vt 0.025024 0.742506 0
vt 0.025462 0.787212 0
vt 0.011141 0.783031 0
vt 0.006296 0.73769 0
vt 0.025024 0.742506 0
vt 0.006296 0.73769 0
vt 0.002481 0.689745 0
vt 0.024206 0.695291 0
vt 0.025024 0.742506 0
vt 0.024206 0.695291 0
vt 0.046237 0.700701 0
vt 0.043751 0.747322 0
vt 0.025024 0.742506 0
vt 0.043751 0.747322 0
vt 0.039782 0.791393 0
vt 0.025462 0.787212 0
vt 0.022631 0.643056 0
vt 0.024206 0.695291 0
vt 0.002481 0.689745 0
vt 0.000725 0.636592 0
vt 0.022631 0.643056 0
vt 0.000725 0.636592 0
vt 0 0.580835 0
vt 0.020676 0.588313 0
vt 0.022631 0.643056 0
vt 0.020676 0.588313 0
vt 0.037908 0.569996 0
vt 0.045755 0.648979 0
vt 0.022631 0.643056 0
vt 0.045755 0.648979 0
vt 0.046237 0.700701 0
vt 0.024206 0.695291 0
vt 0.666098 0.380095 0
vt 0.649646 0.27646 0
vt 0.664703 0.256628 0
vt 0.692457 0.380728 0
vt 0.666098 0.380095 0
vt 0.692457 0.380728 0
vt 0.698751 0.494691 0
vt 0.682551 0.483729 0
vt 0.666098 0.380095 0
vt 0.682551 0.483729 0
vt 0.662301 0.481191 0
vt 0.646325 0.381475 0
vt 0.666098 0.380095 0
vt 0.646325 0.381475 0
vt 0.630348 0.281758 0
vt 0.649646 0.27646 0
vt 0.357326 0.852091 0
vt 0.348919 0.849834 0
vt 0.351792 0.841675 0
vt 0.359083 0.842341 0
vt 0.357326 0.852091 0
vt 0.359083 0.842341 0
vt 0.362729 0.842673 0
vt 0.36153 0.85322 0
vt 0.357326 0.852091 0
vt 0.36153 0.85322 0
vt 0.360483 0.863853 0
vt 0.355724 0.862161 0
vt 0.357326 0.852091 0
vt 0.355724 0.862161 0
vt 0.346198 0.858784 0
vt 0.348919 0.849834 0
vt 0.867715 0.022682 0
vt 0.845752 0.029726 0
vt 0.834217 0.011864 0
vt 0.858608 0.007412 0
vt 0.867715 0.022682 0
vt 0.858608 0.007412 0
vt 0.883539 0 0
vt 0.89076 0.014235 0
vt 0.867715 0.022682 0
vt 0.89076 0.014235 0
vt 0.897982 0.028471 0
vt 0.875169 0.037983 0
vt 0.867715 0.022682 0
vt 0.875169 0.037983 0
vt 0.852387 0.044626 0
vt 0.845752 0.029726 0
vt 0.146166 0.251162 0
vt 0.169857 0.260161 0
vt 0.148356 0.293266 0
vt 0.126945 0.281873 0
vt 0.146166 0.251162 0
vt 0.126945 0.281873 0
vt 0.10859 0.260239 0
vt 0.123149 0.243503 0
vt 0.146166 0.251162 0
vt 0.123149 0.243503 0
vt 0.132912 0.217732 0
vt 0.160617 0.223472 0
vt 0.146166 0.251162 0
vt 0.160617 0.223472 0
vt 0.193153 0.22764 0
vt 0.169857 0.260161 0
vt 0.281161 0.101305 0
vt 0.292734 0.106757 0
vt 0.279496 0.118022 0
vt 0.267639 0.112007 0
vt 0.281161 0.101305 0
vt 0.267639 0.112007 0
vt 0.256982 0.10664 0
vt 0.271878 0.096236 0
vt 0.281161 0.101305 0
vt 0.271878 0.096236 0
vt 0.284629 0.083579 0
vt 0.294339 0.087498 0
vt 0.281161 0.101305 0
vt 0.294339 0.087498 0
vt 0.305881 0.092172 0
vt 0.292734 0.106757 0
vt 0.206209 0.861694 0
vt 0.205584 0.843606 0
vt 0.20902 0.841086 0
vt 0.20902 0.863228 0
vt 0.206209 0.861694 0
vt 0.20902 0.863228 0
vt 0.20902 0.88537 0
vt 0.206835 0.879782 0
vt 0.206209 0.861694 0
vt 0.206835 0.879782 0
vt 0.20465 0.874195 0
vt 0.203399 0.86016 0
vt 0.206209 0.861694 0
vt 0.203399 0.86016 0
vt 0.202148 0.846125 0
vt 0.205584 0.843606 0
vt 0.131791 0.872335 0
vt 0.13282 0.853408 0
vt 0.146723 0.841086 0
vt 0.146723 0.86455 0
vt 0.131791 0.872335 0
vt 0.146723 0.86455 0
vt 0.146723 0.888014 0
vt 0.130761 0.891262 0
vt 0.131791 0.872335 0
vt 0.130761 0.891262 0
vt 0.114799 0.894509 0
vt 0.116858 0.880119 0
vt 0.131791 0.872335 0
vt 0.116858 0.880119 0
vt 0.118917 0.865729 0
vt 0.13282 0.853408 0
vt 0.137776 0.129275 0
vt 0.152578 0.149113 0
vt 0.146651 0.152919 0
vt 0.13407 0.13542 0
vt 0.137776 0.129275 0
vt 0.13407 0.13542 0
vt 0.121681 0.118146 0
vt 0.123227 0.108578 0
vt 0.137776 0.129275 0
vt 0.123227 0.108578 0
vt 0.124773 0.099009 0
vt 0.141483 0.12313 0
vt 0.137776 0.129275 0
vt 0.141483 0.12313 0
vt 0.154065 0.140313 0
vt 0.152578 0.149113 0
vt 0.588429 0.168417 0
vt 0.609212 0.169721 0
vt 0.607394 0.184503 0
vt 0.58511 0.182921 0
vt 0.588429 0.168417 0
vt 0.58511 0.182921 0
vt 0.535655 0.173029 0
vt 0.546864 0.165811 0
vt 0.588429 0.168417 0
vt 0.546864 0.165811 0
vt 0.556401 0.1544 0
vt 0.59332 0.155986 0
vt 0.588429 0.168417 0
vt 0.59332 0.155986 0
vt 0.61178 0.156778 0
vt 0.609212 0.169721 0
vt 0.186291 0.136607 0
vt 0.199791 0.147949 0
vt 0.187833 0.159753 0
vt 0.174959 0.141822 0
vt 0.186291 0.136607 0
vt 0.174959 0.141822 0
vt 0.159707 0.12694 0
vt 0.175645 0.123825 0
vt 0.186291 0.136607 0
vt 0.175645 0.123825 0
vt 0.188155 0.117257 0
vt 0.196926 0.130376 0
vt 0.186291 0.136607 0
vt 0.196926 0.130376 0
vt 0.211766 0.139569 0
vt 0.199791 0.147949 0
vt 0.168263 0.106846 0
vt 0.175645 0.123825 0
vt 0.159707 0.12694 0
vt 0.157094 0.113791 0
vt 0.168263 0.106846 0
vt 0.157094 0.113791 0
vt 0.154037 0.103893 0
vt 0.165387 0.097308 0
vt 0.168263 0.106846 0
vt 0.165387 0.097308 0
vt 0.177418 0.091486 0
vt 0.18017 0.100537 0
vt 0.168263 0.106846 0
vt 0.18017 0.100537 0
vt 0.188155 0.117257 0
vt 0.175645 0.123825 0
vt 0.305974 0.188993 0
vt 0.331244 0.193382 0
vt 0.333237 0.213702 0
vt 0.299573 0.20385 0
vt 0.305974 0.188993 0
vt 0.299573 0.20385 0
vt 0.271407 0.1989 0
vt 0.278941 0.184371 0
vt 0.305974 0.188993 0
vt 0.278941 0.184371 0
vt 0.286489 0.170392 0
vt 0.311862 0.174973 0
vt 0.305974 0.188993 0
vt 0.311862 0.174973 0
vt 0.335219 0.179301 0
vt 0.331244 0.193382 0
vt 0.349782 0.197789 0
vt 0.364953 0.202204 0
vt 0.362052 0.218178 0
vt 0.346165 0.213703 0
vt 0.349782 0.197789 0
vt 0.346165 0.213703 0
vt 0.333237 0.213702 0
vt 0.331244 0.193382 0
vt 0.349782 0.197789 0
vt 0.331244 0.193382 0
vt 0.335219 0.179301 0
vt 0.352681 0.18354 0
vt 0.349782 0.197789 0
vt 0.352681 0.18354 0
vt 0.367196 0.187734 0
vt 0.364953 0.202204 0
vt 0.255116 0.179265 0
vt 0.278941 0.184371 0
vt 0.271407 0.1989 0
vt 0.248459 0.193589 0
vt 0.255116 0.179265 0
vt 0.248459 0.193589 0
vt 0.216684 0.181183 0
vt 0.234159 0.171927 0
vt 0.255116 0.179265 0
vt 0.234159 0.171927 0
vt 0.242354 0.159044 0
vt 0.26298 0.165395 0
vt 0.255116 0.179265 0
vt 0.26298 0.165395 0
vt 0.286489 0.170392 0
vt 0.278941 0.184371 0
vt 0.215732 0.160605 0
vt 0.234159 0.171927 0
vt 0.216684 0.181183 0
vt 0.205977 0.171626 0
vt 0.215732 0.160605 0
vt 0.205977 0.171626 0
vt 0.187833 0.159753 0
vt 0.199791 0.147949 0
vt 0.215732 0.160605 0
vt 0.199791 0.147949 0
vt 0.211766 0.139569 0
vt 0.225632 0.150404 0
vt 0.215732 0.160605 0
vt 0.225632 0.150404 0
vt 0.242354 0.159044 0
vt 0.234159 0.171927 0
vt 0.916174 0.855133 0
vt 0.896546 0.864459 0
vt 0.903063 0.854427 0
vt 0.919422 0.838137 0
vt 0.916174 0.855133 0
vt 0.919422 0.838137 0
vt 0.935781 0.821847 0
vt 0.935802 0.845806 0
vt 0.916174 0.855133 0
vt 0.935802 0.845806 0
vt 0.935818 0.869658 0
vt 0.914906 0.87349 0
vt 0.916174 0.855133 0
vt 0.914906 0.87349 0
vt 0.893995 0.877323 0
vt 0.896546 0.864459 0
vt 0.67388 0.740832 0
vt 0.656297 0.734311 0
vt 0.665169 0.701432 0
vt 0.682872 0.711537 0
vt 0.67388 0.740832 0
vt 0.682872 0.711537 0
vt 0.704389 0.724865 0
vt 0.68937 0.749265 0
vt 0.67388 0.740832 0
vt 0.68937 0.749265 0
vt 0.680124 0.768158 0
vt 0.665486 0.765358 0
vt 0.67388 0.740832 0
vt 0.665486 0.765358 0
vt 0.648581 0.765454 0
vt 0.656297 0.734311 0
vt 0.199001 0.201752 0
vt 0.208434 0.195036 0
vt 0.224583 0.208721 0
vt 0.214224 0.216717 0
vt 0.199001 0.201752 0
vt 0.214224 0.216717 0
vt 0.193153 0.22764 0
vt 0.182648 0.204028 0
vt 0.199001 0.201752 0
vt 0.182648 0.204028 0
vt 0.164085 0.181845 0
vt 0.183443 0.184493 0
vt 0.199001 0.201752 0
vt 0.183443 0.184493 0
vt 0.191224 0.1789 0
vt 0.208434 0.195036 0
vt 0.934543 0.777714 0
vt 0.946036 0.784255 0
vt 0.946036 0.802998 0
vt 0.931462 0.794192 0
vt 0.934543 0.777714 0
vt 0.931462 0.794192 0
vt 0.916889 0.785386 0
vt 0.92305 0.771174 0
vt 0.934543 0.777714 0
vt 0.92305 0.771174 0
vt 0.928497 0.756408 0
vt 0.937267 0.76096 0
vt 0.934543 0.777714 0
vt 0.937267 0.76096 0
vt 0.946036 0.765512 0
vt 0.946036 0.784255 0
vt 0.21059 0.185829 0
vt 0.209107 0.175378 0
vt 0.216684 0.181183 0
vt 0.22763 0.198387 0
vt 0.21059 0.185829 0
vt 0.22763 0.198387 0
vt 0.224583 0.208721 0
vt 0.208434 0.195036 0
vt 0.21059 0.185829 0
vt 0.208434 0.195036 0
vt 0.191224 0.1789 0
vt 0.193227 0.171231 0
vt 0.21059 0.185829 0
vt 0.193227 0.171231 0
vt 0.192342 0.162525 0
vt 0.209107 0.175378 0
vt 0.700673 0.761524 0
vt 0.68937 0.749265 0
vt 0.704389 0.724865 0
vt 0.715489 0.749173 0
vt 0.700673 0.761524 0
vt 0.715489 0.749173 0
vt 0.716157 0.768609 0
vt 0.709884 0.775695 0
vt 0.700673 0.761524 0
vt 0.709884 0.775695 0
vt 0.698062 0.788239 0
vt 0.690227 0.77675 0
vt 0.700673 0.761524 0
vt 0.690227 0.77675 0
vt 0.680124 0.768158 0
vt 0.68937 0.749265 0
vt 0.164211 0.142708 0
vt 0.155321 0.126801 0
vt 0.159707 0.12694 0
vt 0.174959 0.141822 0
vt 0.164211 0.142708 0
vt 0.174959 0.141822 0
vt 0.187833 0.159753 0
vt 0.173102 0.158614 0
vt 0.164211 0.142708 0
vt 0.173102 0.158614 0
vt 0.160077 0.162842 0
vt 0.153756 0.141429 0
vt 0.164211 0.142708 0
vt 0.153756 0.141429 0
vt 0.147435 0.120016 0
vt 0.155321 0.126801 0
vt 0.159731 0.199911 0
vt 0.182648 0.204028 0
vt 0.193153 0.22764 0
vt 0.160617 0.223472 0
vt 0.159731 0.199911 0
vt 0.160617 0.223472 0
vt 0.132912 0.217732 0
vt 0.133533 0.192597 0
vt 0.159731 0.199911 0
vt 0.133533 0.192597 0
vt 0.129582 0.16778 0
vt 0.151178 0.178414 0
vt 0.159731 0.199911 0
vt 0.151178 0.178414 0
vt 0.164085 0.181845 0
vt 0.182648 0.204028 0
vt 0.925685 0.928253 0
vt 0.920615 0.933965 0
vt 0.909358 0.916056 0
vt 0.921957 0.914215 0
vt 0.925685 0.928253 0
vt 0.921957 0.914215 0
vt 0.935409 0.915183 0
vt 0.934167 0.933777 0
vt 0.925685 0.928253 0
vt 0.934167 0.933777 0
vt 0.932511 0.950725 0
vt 0.920615 0.933965 0
vt 0.105642 0.867966 0
vt 0.11326 0.862693 0
vt 0.114414 0.882792 0
vt 0.102404 0.882482 0
vt 0.105642 0.867966 0
vt 0.102404 0.882482 0
vt 0.091154 0.878812 0
vt 0.101063 0.859799 0
vt 0.105642 0.867966 0
vt 0.101063 0.859799 0
vt 0.111721 0.841086 0
vt 0.11326 0.862693 0
vt 0.889222 0.770495 0
vt 0.893134 0.766041 0
vt 0.906928 0.792733 0
vt 0.901948 0.797865 0
vt 0.889222 0.770495 0
vt 0.901948 0.797865 0
vt 0.896968 0.802998 0
vt 0.885748 0.775359 0
vt 0.889222 0.770495 0
vt 0.885748 0.775359 0
vt 0.874528 0.747719 0
vt 0.876496 0.743125 0
vt 0.889222 0.770495 0
vt 0.876496 0.743125 0
vt 0.87748 0.732603 0
vt 0.893134 0.766041 0
vt 0.327413 0.872567 0
vt 0.322864 0.873099 0
vt 0.319068 0.846057 0
vt 0.324883 0.8444 0
vt 0.327413 0.872567 0
vt 0.324883 0.8444 0
vt 0.336512 0.841086 0
vt 0.336512 0.871502 0
vt 0.327413 0.872567 0
vt 0.336512 0.871502 0
vt 0.336512 0.901918 0
vt 0.329944 0.900734 0
vt 0.327413 0.872567 0
vt 0.329944 0.900734 0
vt 0.32666 0.900142 0
vt 0.322864 0.873099 0
vt 0.804719 0.070528 0
vt 0.823118 0.066325 0
vt 0.848532 0.078171 0
vt 0.813799 0.084889 0
vt 0.804719 0.070528 0
vt 0.813799 0.084889 0
vt 0.796967 0.08599 0
vt 0.792661 0.071387 0
vt 0.804719 0.070528 0
vt 0.792661 0.071387 0
vt 0.787395 0.057323 0
vt 0.793759 0.057241 0
vt 0.804719 0.070528 0
vt 0.793759 0.057241 0
vt 0.803367 0.055427 0
vt 0.823118 0.066325 0
vt 0.82595 0.033965 0
vt 0.817594 0.02456 0
vt 0.834217 0.011864 0
vt 0.845752 0.029726 0
vt 0.82595 0.033965 0
vt 0.845752 0.029726 0
vt 0.852387 0.044626 0
vt 0.829669 0.045528 0
vt 0.82595 0.033965 0
vt 0.829669 0.045528 0
vt 0.806982 0.043559 0
vt 0.80723 0.036802 0
vt 0.82595 0.033965 0
vt 0.80723 0.036802 0
vt 0.804455 0.031328 0
vt 0.817594 0.02456 0
vt 0.162241 0.868737 0
vt 0.152401 0.868594 0
vt 0.146723 0.841086 0
vt 0.159403 0.841571 0
vt 0.162241 0.868737 0
vt 0.159403 0.841571 0
vt 0.165742 0.841813 0
vt 0.167162 0.868808 0
vt 0.162241 0.868737 0
vt 0.167162 0.868808 0
vt 0.168581 0.895803 0
vt 0.16508 0.895902 0
vt 0.162241 0.868737 0
vt 0.16508 0.895902 0
vt 0.158078 0.896102 0
vt 0.152401 0.868594 0
vt 0.897921 0.762404 0
vt 0.903146 0.759175 0
vt 0.916888 0.782467 0
vt 0.911909 0.7876 0
vt 0.897921 0.762404 0
vt 0.911909 0.7876 0
vt 0.906928 0.792733 0
vt 0.893134 0.766041 0
vt 0.897921 0.762404 0
vt 0.893134 0.766041 0
vt 0.87748 0.732603 0
vt 0.887006 0.736715 0
vt 0.897921 0.762404 0
vt 0.887006 0.736715 0
vt 0.894179 0.74198 0
vt 0.903146 0.759175 0
vt 0.882236 0.710042 0
vt 0.887553 0.710092 0
vt 0.894179 0.74198 0
vt 0.887006 0.736715 0
vt 0.882236 0.710042 0
vt 0.887006 0.736715 0
vt 0.87748 0.732603 0
vt 0.876494 0.710222 0
vt 0.882236 0.710042 0
vt 0.876494 0.710222 0
vt 0.878722 0.683309 0
vt 0.88416 0.684236 0
vt 0.882236 0.710042 0
vt 0.88416 0.684236 0
vt 0.889032 0.685018 0
vt 0.887553 0.710092 0
vt 0.941807 0.855955 0
vt 0.93795 0.858623 0
vt 0.935823 0.833505 0
vt 0.939686 0.828642 0
vt 0.941807 0.855955 0
vt 0.939686 0.828642 0
vt 0.944319 0.824753 0
vt 0.946172 0.853849 0
vt 0.941807 0.855955 0
vt 0.946172 0.853849 0
vt 0.946849 0.882611 0
vt 0.942946 0.883266 0
vt 0.941807 0.855955 0
vt 0.942946 0.883266 0
vt 0.939378 0.88416 0
vt 0.93795 0.858623 0
vt 0.951551 0.852868 0
vt 0.946172 0.853849 0
vt 0.944319 0.824753 0
vt 0.950493 0.822813 0
vt 0.951551 0.852868 0
vt 0.950493 0.822813 0
vt 0.953965 0.82233 0
vt 0.954494 0.852658 0
vt 0.951551 0.852868 0
vt 0.954494 0.852658 0
vt 0.953874 0.882462 0
vt 0.951421 0.882432 0
vt 0.951551 0.852868 0
vt 0.951421 0.882432 0
vt 0.946849 0.882611 0
vt 0.946172 0.853849 0
vt 0.892022 0.710601 0
vt 0.894045 0.710971 0
vt 0.897442 0.737527 0
vt 0.894762 0.736979 0
vt 0.892022 0.710601 0
vt 0.894762 0.736979 0
vt 0.894179 0.74198 0
vt 0.887553 0.710092 0
vt 0.892022 0.710601 0
vt 0.887553 0.710092 0
vt 0.889032 0.685018 0
vt 0.892771 0.685512 0
vt 0.892022 0.710601 0
vt 0.892771 0.685512 0
vt 0.894357 0.685687 0
vt 0.894045 0.710971 0
vt 0.948913 0.911016 0
vt 0.945174 0.910703 0
vt 0.946849 0.882611 0
vt 0.951421 0.882432 0
vt 0.948913 0.911016 0
vt 0.951421 0.882432 0
vt 0.953874 0.882462 0
vt 0.950953 0.911219 0
vt 0.948913 0.911016 0
vt 0.950953 0.911219 0
vt 0.946883 0.939452 0
vt 0.945216 0.93911 0
vt 0.948913 0.911016 0
vt 0.945216 0.93911 0
vt 0.942324 0.93846 0
vt 0.945174 0.910703 0
vt 0.94212 0.910572 0
vt 0.939409 0.910534 0
vt 0.939378 0.88416 0
vt 0.942946 0.883266 0
vt 0.94212 0.910572 0
vt 0.942946 0.883266 0
vt 0.946849 0.882611 0
vt 0.945174 0.910703 0
vt 0.94212 0.910572 0
vt 0.945174 0.910703 0
vt 0.942324 0.93846 0
vt 0.940312 0.937876 0
vt 0.94212 0.910572 0
vt 0.940312 0.937876 0
vt 0.938741 0.937325 0
vt 0.939409 0.910534 0
vt 0.900496 0.662999 0
vt 0.902087 0.662947 0
vt 0.894357 0.685687 0
vt 0.892771 0.685512 0
vt 0.900496 0.662999 0
vt 0.892771 0.685512 0
vt 0.889032 0.685018 0
vt 0.897115 0.662589 0
vt 0.900496 0.662999 0
vt 0.897115 0.662589 0
vt 0.903917 0.649922 0
vt 0.908759 0.645777 0
vt 0.900496 0.662999 0
vt 0.908759 0.645777 0
vt 0.910689 0.645259 0
vt 0.902087 0.662947 0
vt 0.893332 0.661147 0
vt 0.897115 0.662589 0
vt 0.889032 0.685018 0
vt 0.88416 0.684236 0
vt 0.893332 0.661147 0
vt 0.88416 0.684236 0
vt 0.878722 0.683309 0
vt 0.889347 0.659189 0
vt 0.893332 0.661147 0
vt 0.889347 0.659189 0
vt 0.902056 0.640866 0
vt 0.904176 0.644135 0
vt 0.893332 0.661147 0
vt 0.904176 0.644135 0
vt 0.903917 0.649922 0
vt 0.897115 0.662589 0
vt 0.221703 0.847099 0
vt 0.222213 0.851354 0
vt 0.218686 0.85115 0
vt 0.217668 0.847876 0
vt 0.221703 0.847099 0
vt 0.217668 0.847876 0
vt 0.217158 0.846239 0
vt 0.221449 0.844971 0
vt 0.221703 0.847099 0
vt 0.221449 0.844971 0
vt 0.225739 0.843704 0
vt 0.225739 0.846322 0
vt 0.221703 0.847099 0
vt 0.225739 0.846322 0
vt 0.225739 0.851557 0
vt 0.222213 0.851354 0
vt 0.91112 0.636558 0
vt 0.904176 0.644135 0
vt 0.902056 0.640866 0
vt 0.91053 0.631341 0
vt 0.91112 0.636558 0
vt 0.91053 0.631341 0
vt 0.913709 0.628778 0
vt 0.913617 0.635129 0
vt 0.91112 0.636558 0
vt 0.913617 0.635129 0
vt 0.910689 0.645259 0
vt 0.908759 0.645777 0
vt 0.91112 0.636558 0
vt 0.908759 0.645777 0
vt 0.903917 0.649922 0
vt 0.904176 0.644135 0
vt 0.442765 0.854882 0
vt 0.441622 0.869712 0
vt 0.414698 0.872465 0
vt 0.416893 0.857936 0
vt 0.442765 0.854882 0
vt 0.416893 0.857936 0
vt 0.41855 0.847002 0
vt 0.443686 0.844044 0
vt 0.442765 0.854882 0
vt 0.443686 0.844044 0
vt 0.456254 0.842565 0
vt 0.455702 0.853355 0
vt 0.442765 0.854882 0
vt 0.455702 0.853355 0
vt 0.455084 0.868335 0
vt 0.441622 0.869712 0
vt 0.286053 0.061107 0
vt 0.295047 0.063823 0
vt 0.284629 0.083579 0
vt 0.275543 0.08034 0
vt 0.286053 0.061107 0
vt 0.275543 0.08034 0
vt 0.269273 0.072742 0
vt 0.277339 0.058725 0
vt 0.286053 0.061107 0
vt 0.277339 0.058725 0
vt 0.285717 0.037035 0
vt 0.29424 0.039845 0
vt 0.286053 0.061107 0
vt 0.29424 0.039845 0
vt 0.303026 0.042919 0
vt 0.295047 0.063823 0
vt 0.389909 0.870273 0
vt 0.372434 0.867639 0
vt 0.370215 0.841086 0
vt 0.388918 0.844506 0
vt 0.389909 0.870273 0
vt 0.388918 0.844506 0
vt 0.398269 0.846217 0
vt 0.398646 0.87159 0
vt 0.389909 0.870273 0
vt 0.398646 0.87159 0
vt 0.399055 0.895878 0
vt 0.390846 0.894797 0
vt 0.389909 0.870273 0
vt 0.390846 0.894797 0
vt 0.374428 0.892634 0
vt 0.372434 0.867639 0
vt 0.330535 0.077261 0
vt 0.346628 0.083595 0
vt 0.341919 0.096766 0
vt 0.320465 0.097677 0
vt 0.330535 0.077261 0
vt 0.320465 0.097677 0
vt 0.305881 0.092172 0
vt 0.316005 0.07158 0
vt 0.330535 0.077261 0
vt 0.316005 0.07158 0
vt 0.323637 0.05112 0
vt 0.338371 0.057189 0
vt 0.330535 0.077261 0
vt 0.338371 0.057189 0
vt 0.354824 0.063991 0
vt 0.346628 0.083595 0
vt 0.304604 0.067208 0
vt 0.316005 0.07158 0
vt 0.305881 0.092172 0
vt 0.294339 0.087498 0
vt 0.304604 0.067208 0
vt 0.294339 0.087498 0
vt 0.284629 0.083579 0
vt 0.295047 0.063823 0
vt 0.304604 0.067208 0
vt 0.295047 0.063823 0
vt 0.303026 0.042919 0
vt 0.31234 0.046521 0
vt 0.304604 0.067208 0
vt 0.31234 0.046521 0
vt 0.323637 0.05112 0
vt 0.316005 0.07158 0
vt 0.440033 0.892527 0
vt 0.438221 0.919335 0
vt 0.407621 0.9195 0
vt 0.411428 0.894185 0
vt 0.440033 0.892527 0
vt 0.411428 0.894185 0
vt 0.414698 0.872465 0
vt 0.441622 0.869712 0
vt 0.440033 0.892527 0
vt 0.441622 0.869712 0
vt 0.455084 0.868335 0
vt 0.454336 0.891698 0
vt 0.440033 0.892527 0
vt 0.454336 0.891698 0
vt 0.453521 0.919252 0
vt 0.438221 0.919335 0
vt 0.608149 0.06649 0
vt 0.618889 0.066012 0
vt 0.618169 0.083719 0
vt 0.606914 0.084187 0
vt 0.608149 0.06649 0
vt 0.606914 0.084187 0
vt 0.582503 0.088294 0
vt 0.590785 0.066107 0
vt 0.608149 0.06649 0
vt 0.590785 0.066107 0
vt 0.593169 0.048484 0
vt 0.609563 0.048655 0
vt 0.608149 0.06649 0
vt 0.609563 0.048655 0
vt 0.619741 0.048094 0
vt 0.618889 0.066012 0
vt 0.581652 0.063048 0
vt 0.590785 0.066107 0
vt 0.582503 0.088294 0
vt 0.579071 0.080126 0
vt 0.581652 0.063048 0
vt 0.579071 0.080126 0
vt 0.573669 0.075127 0
vt 0.576634 0.05865 0
vt 0.581652 0.063048 0
vt 0.576634 0.05865 0
vt 0.580184 0.041682 0
vt 0.584696 0.045729 0
vt 0.581652 0.063048 0
vt 0.584696 0.045729 0
vt 0.593169 0.048484 0
vt 0.590785 0.066107 0
vt 0.611311 0.007553 0
vt 0.596545 0.013815 0
vt 0.593748 0.009244 0
vt 0.609669 0.002648 0
vt 0.611311 0.007553 0
vt 0.609669 0.002648 0
vt 0.619399 0.001324 0
vt 0.620415 0.006385 0
vt 0.611311 0.007553 0
vt 0.620415 0.006385 0
vt 0.620966 0.014782 0
vt 0.612104 0.015769 0
vt 0.611311 0.007553 0
vt 0.612104 0.015769 0
vt 0.600905 0.019448 0
vt 0.596545 0.013815 0
vt 0.022739 0.876418 0
vt 0.024411 0.853049 0
vt 0.040622 0.848619 0
vt 0.040804 0.874647 0
vt 0.022739 0.876418 0
vt 0.040804 0.874647 0
vt 0.040895 0.887661 0
vt 0.021903 0.888103 0
vt 0.022739 0.876418 0
vt 0.021903 0.888103 0
vt 0.002152 0.888627 0
vt 0.004304 0.878333 0
vt 0.022739 0.876418 0
vt 0.004304 0.878333 0
vt 0.008608 0.857745 0
vt 0.024411 0.853049 0
vt 0.368048 0.059119 0
vt 0.371715 0.058654 0
vt 0.366222 0.075865 0
vt 0.361577 0.075458 0
vt 0.368048 0.059119 0
vt 0.361577 0.075458 0
vt 0.356933 0.07505 0
vt 0.364381 0.059583 0
vt 0.368048 0.059119 0
vt 0.364381 0.059583 0
vt 0.369436 0.04469 0
vt 0.372644 0.043429 0
vt 0.368048 0.059119 0
vt 0.372644 0.043429 0
vt 0.375851 0.042168 0
vt 0.371715 0.058654 0
vt 0.242928 0.107608 0
vt 0.244469 0.112619 0
vt 0.23605 0.118557 0
vt 0.236103 0.115856 0
vt 0.242928 0.107608 0
vt 0.236103 0.115856 0
vt 0.234843 0.113918 0
vt 0.236706 0.104922 0
vt 0.242928 0.107608 0
vt 0.236706 0.104922 0
vt 0.241399 0.093941 0
vt 0.25139 0.099531 0
vt 0.242928 0.107608 0
vt 0.25139 0.099531 0
vt 0.256982 0.10664 0
vt 0.244469 0.112619 0
vt 0.240202 0.119106 0
vt 0.232416 0.125575 0
vt 0.230207 0.123458 0
vt 0.234163 0.120988 0
vt 0.240202 0.119106 0
vt 0.234163 0.120988 0
vt 0.23605 0.118557 0
vt 0.244469 0.112619 0
vt 0.240202 0.119106 0
vt 0.244469 0.112619 0
vt 0.256982 0.10664 0
vt 0.247256 0.119135 0
vt 0.240202 0.119106 0
vt 0.247256 0.119135 0
vt 0.236947 0.128554 0
vt 0.232416 0.125575 0
vt 0.206383 0.112812 0
vt 0.216016 0.108297 0
vt 0.218309 0.110825 0
vt 0.212393 0.114081 0
vt 0.206383 0.112812 0
vt 0.212393 0.114081 0
vt 0.2115 0.120009 0
vt 0.201687 0.118884 0
vt 0.206383 0.112812 0
vt 0.201687 0.118884 0
vt 0.188155 0.117257 0
vt 0.199508 0.108133 0
vt 0.206383 0.112812 0
vt 0.199508 0.108133 0
vt 0.212561 0.102827 0
vt 0.216016 0.108297 0
vt 0.205582 0.126438 0
vt 0.201687 0.118884 0
vt 0.2115 0.120009 0
vt 0.213249 0.123648 0
vt 0.205582 0.126438 0
vt 0.213249 0.123648 0
vt 0.217567 0.127118 0
vt 0.214133 0.13161 0
vt 0.205582 0.126438 0
vt 0.214133 0.13161 0
vt 0.211766 0.139569 0
vt 0.196926 0.130376 0
vt 0.205582 0.126438 0
vt 0.196926 0.130376 0
vt 0.188155 0.117257 0
vt 0.201687 0.118884 0
vt 0.596737 0.145946 0
vt 0.613503 0.146359 0
vt 0.61178 0.156778 0
vt 0.59332 0.155986 0
vt 0.596737 0.145946 0
vt 0.59332 0.155986 0
vt 0.556401 0.1544 0
vt 0.563206 0.14512 0
vt 0.596737 0.145946 0
vt 0.563206 0.14512 0
vt 0.568645 0.136904 0
vt 0.599416 0.137103 0
vt 0.596737 0.145946 0
vt 0.599416 0.137103 0
vt 0.614802 0.137202 0
vt 0.613503 0.146359 0
vt 0.193556 0.095499 0
vt 0.199508 0.108133 0
vt 0.188155 0.117257 0
vt 0.18017 0.100537 0
vt 0.193556 0.095499 0
vt 0.18017 0.100537 0
vt 0.177418 0.091486 0
vt 0.19081 0.087194 0
vt 0.193556 0.095499 0
vt 0.19081 0.087194 0
vt 0.204881 0.083667 0
vt 0.207679 0.091097 0
vt 0.193556 0.095499 0
vt 0.207679 0.091097 0
vt 0.212561 0.102827 0
vt 0.199508 0.108133 0
vt 0.316679 0.164147 0
vt 0.337791 0.168675 0
vt 0.335219 0.179301 0
vt 0.311862 0.174973 0
vt 0.316679 0.164147 0
vt 0.311862 0.174973 0
vt 0.286489 0.170392 0
vt 0.293511 0.159229 0
vt 0.316679 0.164147 0
vt 0.293511 0.159229 0
vt 0.300269 0.149473 0
vt 0.32096 0.154919 0
vt 0.316679 0.164147 0
vt 0.32096 0.154919 0
vt 0.339662 0.159776 0
vt 0.337791 0.168675 0
vt 0.354145 0.17262 0
vt 0.368119 0.176274 0
vt 0.367196 0.187734 0
vt 0.352681 0.18354 0
vt 0.354145 0.17262 0
vt 0.352681 0.18354 0
vt 0.335219 0.179301 0
vt 0.337791 0.168675 0
vt 0.354145 0.17262 0
vt 0.337791 0.168675 0
vt 0.339662 0.159776 0
vt 0.354891 0.163365 0
vt 0.354145 0.17262 0
vt 0.354891 0.163365 0
vt 0.368384 0.166319 0
vt 0.368119 0.176274 0
vt 0.270989 0.154112 0
vt 0.293511 0.159229 0
vt 0.286489 0.170392 0
vt 0.26298 0.165395 0
vt 0.270989 0.154112 0
vt 0.26298 0.165395 0
vt 0.242354 0.159044 0
vt 0.251098 0.148437 0
vt 0.270989 0.154112 0
vt 0.251098 0.148437 0
vt 0.260107 0.138756 0
vt 0.27907 0.144123 0
vt 0.270989 0.154112 0
vt 0.27907 0.144123 0
vt 0.300269 0.149473 0
vt 0.293511 0.159229 0
vt 0.235823 0.141842 0
vt 0.251098 0.148437 0
vt 0.242354 0.159044 0
vt 0.225632 0.150404 0
vt 0.235823 0.141842 0
vt 0.225632 0.150404 0
vt 0.211766 0.139569 0
vt 0.226235 0.135487 0
vt 0.235823 0.141842 0
vt 0.226235 0.135487 0
vt 0.236947 0.128554 0
vt 0.246121 0.133256 0
vt 0.235823 0.141842 0
vt 0.246121 0.133256 0
vt 0.260107 0.138756 0
vt 0.251098 0.148437 0
vt 0.223402 0.130533 0
vt 0.214133 0.13161 0
vt 0.217567 0.127118 0
vt 0.223948 0.126278 0
vt 0.223402 0.130533 0
vt 0.223948 0.126278 0
vt 0.230207 0.123458 0
vt 0.232416 0.125575 0
vt 0.223402 0.130533 0
vt 0.232416 0.125575 0
vt 0.236947 0.128554 0
vt 0.226235 0.135487 0
vt 0.223402 0.130533 0
vt 0.226235 0.135487 0
vt 0.211766 0.139569 0
vt 0.214133 0.13161 0
vt 0.22693 0.105409 0
vt 0.236706 0.104922 0
vt 0.234843 0.113918 0
vt 0.226344 0.110159 0
vt 0.22693 0.105409 0
vt 0.226344 0.110159 0
vt 0.218309 0.110825 0
vt 0.216016 0.108297 0
vt 0.22693 0.105409 0
vt 0.216016 0.108297 0
vt 0.212561 0.102827 0
vt 0.225934 0.097928 0
vt 0.22693 0.105409 0
vt 0.225934 0.097928 0
vt 0.241399 0.093941 0
vt 0.236706 0.104922 0
vt 0.215751 0.11648 0
vt 0.212829 0.120342 0
vt 0.2115 0.120009 0
vt 0.212393 0.114081 0
vt 0.215751 0.11648 0
vt 0.212393 0.114081 0
vt 0.218309 0.110825 0
vt 0.219708 0.113728 0
vt 0.215751 0.11648 0
vt 0.219708 0.113728 0
vt 0.220852 0.116871 0
vt 0.217655 0.119413 0
vt 0.215751 0.11648 0
vt 0.217655 0.119413 0
vt 0.215168 0.122587 0
vt 0.212829 0.120342 0
vt 0.225733 0.113196 0
vt 0.219708 0.113728 0
vt 0.218309 0.110825 0
vt 0.226344 0.110159 0
vt 0.225733 0.113196 0
vt 0.226344 0.110159 0
vt 0.234843 0.113918 0
vt 0.232793 0.113775 0
vt 0.225733 0.113196 0
vt 0.232793 0.113775 0
vt 0.230795 0.114947 0
vt 0.225469 0.115592 0
vt 0.225733 0.113196 0
vt 0.225469 0.115592 0
vt 0.220852 0.116871 0
vt 0.219708 0.113728 0
vt 0.214187 0.848061 0
vt 0.214187 0.842089 0
vt 0.216649 0.841086 0
vt 0.216649 0.848466 0
vt 0.214187 0.848061 0
vt 0.216649 0.848466 0
vt 0.216102 0.854666 0
vt 0.213745 0.853079 0
vt 0.214187 0.848061 0
vt 0.213745 0.853079 0
vt 0.211388 0.851492 0
vt 0.211726 0.847657 0
vt 0.214187 0.848061 0
vt 0.211726 0.847657 0
vt 0.211726 0.843092 0
vt 0.214187 0.842089 0
vt 0.257879 0.855435 0
vt 0.257868 0.85242 0
vt 0.260698 0.850632 0
vt 0.260711 0.854358 0
vt 0.257879 0.855435 0
vt 0.260711 0.854358 0
vt 0.260736 0.857664 0
vt 0.257899 0.85811 0
vt 0.257879 0.855435 0
vt 0.257899 0.85811 0
vt 0.255062 0.858557 0
vt 0.255046 0.856512 0
vt 0.257879 0.855435 0
vt 0.255046 0.856512 0
vt 0.255039 0.854207 0
vt 0.257868 0.85242 0
vt 0.257879 0.848727 0
vt 0.257899 0.844694 0
vt 0.260736 0.841086 0
vt 0.260711 0.846069 0
vt 0.257879 0.848727 0
vt 0.260711 0.846069 0
vt 0.260698 0.850632 0
vt 0.257868 0.85242 0
vt 0.257879 0.848727 0
vt 0.257868 0.85242 0
vt 0.255039 0.854207 0
vt 0.255046 0.851385 0
vt 0.257879 0.848727 0
vt 0.255046 0.851385 0
vt 0.255062 0.848302 0
vt 0.257899 0.844694 0
vt 0.212417 0.856187 0
vt 0.213745 0.853079 0
vt 0.216102 0.854666 0
vt 0.214461 0.858507 0
vt 0.212417 0.856187 0
vt 0.214461 0.858507 0
vt 0.212274 0.861168 0
vt 0.210647 0.858341 0
vt 0.212417 0.856187 0
vt 0.210647 0.858341 0
vt 0.20902 0.855514 0
vt 0.210373 0.853868 0
vt 0.212417 0.856187 0
vt 0.210373 0.853868 0
vt 0.211388 0.851492 0
vt 0.213745 0.853079 0
vt 0.225922 0.118417 0
vt 0.229692 0.11695 0
vt 0.229036 0.119371 0
vt 0.226735 0.121455 0
vt 0.225922 0.118417 0
vt 0.226735 0.121455 0
vt 0.224105 0.123415 0
vt 0.222382 0.120117 0
vt 0.225922 0.118417 0
vt 0.222382 0.120117 0
vt 0.220852 0.116871 0
vt 0.225469 0.115592 0
vt 0.225922 0.118417 0
vt 0.225469 0.115592 0
vt 0.230795 0.114947 0
vt 0.229692 0.11695 0
vt 0.219303 0.122285 0
vt 0.222382 0.120117 0
vt 0.224105 0.123415 0
vt 0.220822 0.125126 0
vt 0.219303 0.122285 0
vt 0.220822 0.125126 0
vt 0.21721 0.126712 0
vt 0.216453 0.124686 0
vt 0.219303 0.122285 0
vt 0.216453 0.124686 0
vt 0.215168 0.122587 0
vt 0.217655 0.119413 0
vt 0.219303 0.122285 0
vt 0.217655 0.119413 0
vt 0.220852 0.116871 0
vt 0.222382 0.120117 0
vt 0.864999 0.192599 0
vt 0.854064 0.215777 0
vt 0.838198 0.193484 0
vt 0.847073 0.16478 0
vt 0.864999 0.192599 0
vt 0.847073 0.16478 0
vt 0.863513 0.129588 0
vt 0.882096 0.171965 0
vt 0.864999 0.192599 0
vt 0.882096 0.171965 0
vt 0.89249 0.214225 0
vt 0.876479 0.227962 0
vt 0.864999 0.192599 0
vt 0.876479 0.227962 0
vt 0.864525 0.243438 0
vt 0.854064 0.215777 0
vt 0.975799 0.588773 0
vt 0.968135 0.563234 0
vt 0.980258 0.568091 0
vt 0.990129 0.597153 0
vt 0.975799 0.588773 0
vt 0.990129 0.597153 0
vt 1 0.626215 0
vt 0.983463 0.614313 0
vt 0.975799 0.588773 0
vt 0.983463 0.614313 0
vt 0.966926 0.602412 0
vt 0.961469 0.580394 0
vt 0.975799 0.588773 0
vt 0.961469 0.580394 0
vt 0.956012 0.558376 0
vt 0.968135 0.563234 0
vt 0.967799 0.48834 0
vt 0.982792 0.464527 0
vt 1 0.458448 0
vt 0.980258 0.484207 0
vt 0.967799 0.48834 0
vt 0.980258 0.484207 0
vt 0.967918 0.510792 0
vt 0.95847 0.512585 0
vt 0.967799 0.48834 0
vt 0.95847 0.512585 0
vt 0.949022 0.514378 0
vt 0.95534 0.492473 0
vt 0.967799 0.48834 0
vt 0.95534 0.492473 0
vt 0.965583 0.470605 0
vt 0.982792 0.464527 0
vt 0.200337 0.774153 0
vt 0.175728 0.812021 0
vt 0.133184 0.811412 0
vt 0.160443 0.76919 0
vt 0.200337 0.774153 0
vt 0.160443 0.76919 0
vt 0.189347 0.722755 0
vt 0.226426 0.744054 0
vt 0.200337 0.774153 0
vt 0.226426 0.744054 0
vt 0.25918 0.752748 0
vt 0.240341 0.778654 0
vt 0.200337 0.774153 0
vt 0.240341 0.778654 0
vt 0.222338 0.810542 0
vt 0.175728 0.812021 0
vt 0.847539 0.230935 0
vt 0.843219 0.242082 0
vt 0.831825 0.228955 0
vt 0.833874 0.213414 0
vt 0.847539 0.230935 0
vt 0.833874 0.213414 0
vt 0.838198 0.193484 0
vt 0.854064 0.215777 0
vt 0.847539 0.230935 0
vt 0.854064 0.215777 0
vt 0.864525 0.243438 0
vt 0.856064 0.253229 0
vt 0.847539 0.230935 0
vt 0.856064 0.253229 0
vt 0.849349 0.260177 0
vt 0.843219 0.242082 0
vt 0.255477 0.729494 0
vt 0.226426 0.744054 0
vt 0.189347 0.722755 0
vt 0.235237 0.707639 0
vt 0.255477 0.729494 0
vt 0.235237 0.707639 0
vt 0.273363 0.702112 0
vt 0.286009 0.722704 0
vt 0.255477 0.729494 0
vt 0.286009 0.722704 0
vt 0.301036 0.730855 0
vt 0.27969 0.73881 0
vt 0.255477 0.729494 0
vt 0.27969 0.73881 0
vt 0.25918 0.752748 0
vt 0.226426 0.744054 0
vt 0.96047 0.537694 0
vt 0.95847 0.512585 0
vt 0.967918 0.510792 0
vt 0.970386 0.539029 0
vt 0.96047 0.537694 0
vt 0.970386 0.539029 0
vt 0.980258 0.568091 0
vt 0.968135 0.563234 0
vt 0.96047 0.537694 0
vt 0.968135 0.563234 0
vt 0.956012 0.558376 0
vt 0.950555 0.536359 0
vt 0.96047 0.537694 0
vt 0.950555 0.536359 0
vt 0.949022 0.514378 0
vt 0.95847 0.512585 0
vt 0.907105 0.164442 0
vt 0.882096 0.171965 0
vt 0.863513 0.129588 0
vt 0.90018 0.124225 0
vt 0.907105 0.164442 0
vt 0.90018 0.124225 0
vt 0.933114 0.121294 0
vt 0.93607 0.163475 0
vt 0.907105 0.164442 0
vt 0.93607 0.163475 0
vt 0.93607 0.209658 0
vt 0.913124 0.209651 0
vt 0.907105 0.164442 0
vt 0.913124 0.209651 0
vt 0.89249 0.214225 0
vt 0.882096 0.171965 0
vt 0.306549 0.437742 0
vt 0.305663 0.463991 0
vt 0.275556 0.4846 0
vt 0.268433 0.435139 0
vt 0.306549 0.437742 0
vt 0.268433 0.435139 0
vt 0.271065 0.404579 0
vt 0.307435 0.411492 0
vt 0.306549 0.437742 0
vt 0.307435 0.411492 0
vt 0.337698 0.416556 0
vt 0.338065 0.437394 0
vt 0.306549 0.437742 0
vt 0.338065 0.437394 0
vt 0.338432 0.458232 0
vt 0.305663 0.463991 0
vt 0.617166 0.345076 0
vt 0.614627 0.309213 0
vt 0.620384 0.3084 0
vt 0.621776 0.344276 0
vt 0.617166 0.345076 0
vt 0.621776 0.344276 0
vt 0.622256 0.38282 0
vt 0.617243 0.383554 0
vt 0.617166 0.345076 0
vt 0.617243 0.383554 0
vt 0.607518 0.386034 0
vt 0.607921 0.349766 0
vt 0.617166 0.345076 0
vt 0.607921 0.349766 0
vt 0.597988 0.313263 0
vt 0.614627 0.309213 0
vt 0.743729 0.59465 0
vt 0.743336 0.633622 0
vt 0.714194 0.621625 0
vt 0.714945 0.594975 0
vt 0.743729 0.59465 0
vt 0.714945 0.594975 0
vt 0.710897 0.558739 0
vt 0.742492 0.558452 0
vt 0.743729 0.59465 0
vt 0.742492 0.558452 0
vt 0.758289 0.558308 0
vt 0.758121 0.594488 0
vt 0.743729 0.59465 0
vt 0.758121 0.594488 0
vt 0.757166 0.633218 0
vt 0.743336 0.633622 0
vt 0.152274 0.404487 0
vt 0.145876 0.44949 0
vt 0.112215 0.439686 0
vt 0.119377 0.39285 0
vt 0.152274 0.404487 0
vt 0.119377 0.39285 0
vt 0.127557 0.359644 0
vt 0.159204 0.372168 0
vt 0.152274 0.404487 0
vt 0.159204 0.372168 0
vt 0.195279 0.384487 0
vt 0.189329 0.416071 0
vt 0.152274 0.404487 0
vt 0.189329 0.416071 0
vt 0.183473 0.459166 0
vt 0.145876 0.44949 0
vt 0.228705 0.427102 0
vt 0.224183 0.468661 0
vt 0.183473 0.459166 0
vt 0.189329 0.416071 0
vt 0.228705 0.427102 0
vt 0.189329 0.416071 0
vt 0.195279 0.384487 0
vt 0.233123 0.395434 0
vt 0.228705 0.427102 0
vt 0.233123 0.395434 0
vt 0.271065 0.404579 0
vt 0.268433 0.435139 0
vt 0.228705 0.427102 0
vt 0.268433 0.435139 0
vt 0.275556 0.4846 0
vt 0.224183 0.468661 0
vt 0.598622 0.360635 0
vt 0.587912 0.338752 0
vt 0.597988 0.313263 0
vt 0.607921 0.349766 0
vt 0.598622 0.360635 0
vt 0.607921 0.349766 0
vt 0.607518 0.386034 0
vt 0.598394 0.390533 0
vt 0.598622 0.360635 0
vt 0.598394 0.390533 0
vt 0.589572 0.396042 0
vt 0.589296 0.374595 0
vt 0.598622 0.360635 0
vt 0.589296 0.374595 0
vt 0.580134 0.358274 0
vt 0.587912 0.338752 0
vt 0.444396 0.407094 0
vt 0.444777 0.416409 0
vt 0.420732 0.426956 0
vt 0.420308 0.416573 0
vt 0.444396 0.407094 0
vt 0.420308 0.416573 0
vt 0.419883 0.406189 0
vt 0.444016 0.397778 0
vt 0.444396 0.407094 0
vt 0.444016 0.397778 0
vt 0.468148 0.389367 0
vt 0.468485 0.397614 0
vt 0.444396 0.407094 0
vt 0.468485 0.397614 0
vt 0.468822 0.405862 0
vt 0.444777 0.416409 0
vt 0.826219 0.9315 0
vt 0.839983 0.93567 0
vt 0.839788 0.955132 0
vt 0.822295 0.950318 0
vt 0.826219 0.9315 0
vt 0.822295 0.950318 0
vt 0.807853 0.943693 0
vt 0.814522 0.926134 0
vt 0.826219 0.9315 0
vt 0.814522 0.926134 0
vt 0.821961 0.907883 0
vt 0.831406 0.912216 0
vt 0.826219 0.9315 0
vt 0.831406 0.912216 0
vt 0.842164 0.915806 0
vt 0.839983 0.93567 0
vt 0.357994 0.436579 0
vt 0.35867 0.453007 0
vt 0.338432 0.458232 0
vt 0.338065 0.437394 0
vt 0.357994 0.436579 0
vt 0.338065 0.437394 0
vt 0.337698 0.416556 0
vt 0.357319 0.420151 0
vt 0.357994 0.436579 0
vt 0.357319 0.420151 0
vt 0.374077 0.420194 0
vt 0.374619 0.433423 0
vt 0.357994 0.436579 0
vt 0.374619 0.433423 0
vt 0.37516 0.446653 0
vt 0.35867 0.453007 0
vt 0.274485 0.868018 0
vt 0.274191 0.87688 0
vt 0.260736 0.876991 0
vt 0.261324 0.868014 0
vt 0.274485 0.868018 0
vt 0.261324 0.868014 0
vt 0.261912 0.859038 0
vt 0.274778 0.859157 0
vt 0.274485 0.868018 0
vt 0.274778 0.859157 0
vt 0.287645 0.859275 0
vt 0.287645 0.868022 0
vt 0.274485 0.868018 0
vt 0.287645 0.868022 0
vt 0.287645 0.876769 0
vt 0.274191 0.87688 0
vt 0.857079 0.850635 0
vt 0.864596 0.853 0
vt 0.856457 0.874069 0
vt 0.8481 0.871317 0
vt 0.857079 0.850635 0
vt 0.8481 0.871317 0
vt 0.84068 0.867913 0
vt 0.850424 0.847582 0
vt 0.857079 0.850635 0
vt 0.850424 0.847582 0
vt 0.860168 0.82725 0
vt 0.866058 0.829952 0
vt 0.857079 0.850635 0
vt 0.866058 0.829952 0
vt 0.872736 0.83193 0
vt 0.864596 0.853 0
vt 0.092476 0.381659 0
vt 0.083311 0.429807 0
vt 0.04996 0.424838 0
vt 0.070992 0.370117 0
vt 0.092476 0.381659 0
vt 0.070992 0.370117 0
vt 0.083599 0.336609 0
vt 0.102999 0.348078 0
vt 0.092476 0.381659 0
vt 0.102999 0.348078 0
vt 0.127557 0.359644 0
vt 0.119377 0.39285 0
vt 0.092476 0.381659 0
vt 0.119377 0.39285 0
vt 0.112215 0.439686 0
vt 0.083311 0.429807 0
vt 0.054347 0.357425 0
vt 0.041268 0.390477 0
vt 0.027378 0.376563 0
vt 0.040121 0.344158 0
vt 0.054347 0.357425 0
vt 0.040121 0.344158 0
vt 0.052865 0.311754 0
vt 0.067425 0.324373 0
vt 0.054347 0.357425 0
vt 0.067425 0.324373 0
vt 0.083599 0.336609 0
vt 0.070992 0.370117 0
vt 0.054347 0.357425 0
vt 0.070992 0.370117 0
vt 0.04996 0.424838 0
vt 0.041268 0.390477 0
vt 0.809928 0.205439 0
vt 0.811522 0.181929 0
vt 0.795482 0.178835 0
vt 0.795385 0.203838 0
vt 0.809928 0.205439 0
vt 0.795385 0.203838 0
vt 0.796308 0.226653 0
vt 0.809902 0.225764 0
vt 0.809928 0.205439 0
vt 0.809902 0.225764 0
vt 0.831825 0.228955 0
vt 0.833874 0.213414 0
vt 0.809928 0.205439 0
vt 0.833874 0.213414 0
vt 0.838198 0.193484 0
vt 0.811522 0.181929 0
vt 0.308321 0.385243 0
vt 0.273696 0.374019 0
vt 0.271065 0.404579 0
vt 0.307435 0.411492 0
vt 0.308321 0.385243 0
vt 0.307435 0.411492 0
vt 0.337698 0.416556 0
vt 0.337331 0.395718 0
vt 0.308321 0.385243 0
vt 0.337331 0.395718 0
vt 0.336964 0.37488 0
vt 0.309206 0.358994 0
vt 0.308321 0.385243 0
vt 0.309206 0.358994 0
vt 0.289732 0.335971 0
vt 0.273696 0.374019 0
vt 0.917599 0.894573 0
vt 0.914906 0.87349 0
vt 0.893995 0.877323 0
vt 0.899375 0.895848 0
vt 0.917599 0.894573 0
vt 0.899375 0.895848 0
vt 0.909358 0.916056 0
vt 0.921957 0.914215 0
vt 0.917599 0.894573 0
vt 0.921957 0.914215 0
vt 0.935409 0.915183 0
vt 0.935823 0.893297 0
vt 0.917599 0.894573 0
vt 0.935823 0.893297 0
vt 0.935818 0.869658 0
vt 0.914906 0.87349 0
vt 0.59108 0.879849 0
vt 0.605868 0.881196 0
vt 0.608158 0.839221 0
vt 0.592064 0.839327 0
vt 0.59108 0.879849 0
vt 0.592064 0.839327 0
vt 0.559876 0.839538 0
vt 0.561505 0.877156 0
vt 0.59108 0.879849 0
vt 0.561505 0.877156 0
vt 0.563134 0.914774 0
vt 0.589942 0.919489 0
vt 0.59108 0.879849 0
vt 0.589942 0.919489 0
vt 0.603346 0.921846 0
vt 0.605868 0.881196 0
vt 0.887958 0.263326 0
vt 0.876479 0.227962 0
vt 0.864525 0.243438 0
vt 0.874987 0.271099 0
vt 0.887958 0.263326 0
vt 0.874987 0.271099 0
vt 0.882514 0.296678 0
vt 0.895743 0.294684 0
vt 0.887958 0.263326 0
vt 0.895743 0.294684 0
vt 0.915622 0.303457 0
vt 0.902884 0.256485 0
vt 0.887958 0.263326 0
vt 0.902884 0.256485 0
vt 0.89249 0.214225 0
vt 0.876479 0.227962 0
vt 0.585653 0.685783 0
vt 0.607887 0.688204 0
vt 0.607499 0.621891 0
vt 0.58487 0.615074 0
vt 0.585653 0.685783 0
vt 0.58487 0.615074 0
vt 0.543071 0.603966 0
vt 0.545316 0.680262 0
vt 0.585653 0.685783 0
vt 0.545316 0.680262 0
vt 0.550168 0.770603 0
vt 0.591225 0.747637 0
vt 0.585653 0.685783 0
vt 0.591225 0.747637 0
vt 0.610254 0.745023 0
vt 0.607887 0.688204 0
vt 0.51324 0.673381 0
vt 0.485293 0.665821 0
vt 0.501765 0.739484 0
vt 0.529191 0.751892 0
vt 0.51324 0.673381 0
vt 0.529191 0.751892 0
vt 0.550168 0.770603 0
vt 0.545316 0.680262 0
vt 0.51324 0.673381 0
vt 0.545316 0.680262 0
vt 0.543071 0.603966 0
vt 0.508188 0.597912 0
vt 0.51324 0.673381 0
vt 0.508188 0.597912 0
vt 0.476763 0.594384 0
vt 0.485293 0.665821 0
vt 0.597724 0.539107 0
vt 0.613708 0.543835 0
vt 0.62072 0.471254 0
vt 0.612459 0.470541 0
vt 0.597724 0.539107 0
vt 0.612459 0.470541 0
vt 0.590508 0.458988 0
vt 0.563542 0.531734 0
vt 0.597724 0.539107 0
vt 0.563542 0.531734 0
vt 0.543071 0.603966 0
vt 0.58487 0.615074 0
vt 0.597724 0.539107 0
vt 0.58487 0.615074 0
vt 0.607499 0.621891 0
vt 0.613708 0.543835 0
vt 0.524935 0.528525 0
vt 0.484115 0.527399 0
vt 0.476763 0.594384 0
vt 0.508188 0.597912 0
vt 0.524935 0.528525 0
vt 0.508188 0.597912 0
vt 0.543071 0.603966 0
vt 0.563542 0.531734 0
vt 0.524935 0.528525 0
vt 0.563542 0.531734 0
vt 0.590508 0.458988 0
vt 0.552582 0.462181 0
vt 0.524935 0.528525 0
vt 0.552582 0.462181 0
vt 0.499409 0.462641 0
vt 0.484115 0.527399 0
vt 0.61732 0.422033 0
vt 0.622737 0.421364 0
vt 0.622256 0.38282 0
vt 0.617243 0.383554 0
vt 0.61732 0.422033 0
vt 0.617243 0.383554 0
vt 0.607518 0.386034 0
vt 0.607114 0.422302 0
vt 0.61732 0.422033 0
vt 0.607114 0.422302 0
vt 0.590508 0.458988 0
vt 0.612459 0.470541 0
vt 0.61732 0.422033 0
vt 0.612459 0.470541 0
vt 0.62072 0.471254 0
vt 0.622737 0.421364 0
vt 0.602096 0.128259 0
vt 0.599416 0.137103 0
vt 0.614802 0.137202 0
vt 0.616102 0.128044 0
vt 0.602096 0.128259 0
vt 0.616102 0.128044 0
vt 0.617156 0.116786 0
vt 0.604365 0.117227 0
vt 0.602096 0.128259 0
vt 0.604365 0.117227 0
vt 0.578782 0.118109 0
vt 0.574084 0.128689 0
vt 0.602096 0.128259 0
vt 0.574084 0.128689 0
vt 0.568645 0.136904 0
vt 0.599416 0.137103 0
vt 0.586409 0.199176 0
vt 0.590017 0.216308 0
vt 0.609631 0.216957 0
vt 0.607926 0.200441 0
vt 0.586409 0.199176 0
vt 0.607926 0.200441 0
vt 0.607394 0.184503 0
vt 0.58511 0.182921 0
vt 0.586409 0.199176 0
vt 0.58511 0.182921 0
vt 0.535655 0.173029 0
vt 0.550126 0.194823 0
vt 0.586409 0.199176 0
vt 0.550126 0.194823 0
vt 0.555611 0.212559 0
vt 0.590017 0.216308 0
vt 0.611201 0.030609 0
vt 0.609563 0.048655 0
vt 0.619741 0.048094 0
vt 0.620587 0.029851 0
vt 0.611201 0.030609 0
vt 0.620587 0.029851 0
vt 0.620966 0.014782 0
vt 0.612104 0.015769 0
vt 0.611201 0.030609 0
vt 0.612104 0.015769 0
vt 0.600905 0.019448 0
vt 0.596182 0.030696 0
vt 0.611201 0.030609 0
vt 0.596182 0.030696 0
vt 0.593169 0.048484 0
vt 0.609563 0.048655 0
vt 0.299688 0.022302 0
vt 0.29424 0.039845 0
vt 0.303026 0.042919 0
vt 0.308459 0.026817 0
vt 0.299688 0.022302 0
vt 0.308459 0.026817 0
vt 0.31262 0.013116 0
vt 0.303766 0.006619 0
vt 0.299688 0.022302 0
vt 0.303766 0.006619 0
vt 0.295402 0 0
vt 0.291267 0.017883 0
vt 0.299688 0.022302 0
vt 0.291267 0.017883 0
vt 0.285717 0.037035 0
vt 0.29424 0.039845 0
vt 0.74292 0.019516 0
vt 0.708337 0.018635 0
vt 0.690933 0.045989 0
vt 0.734588 0.045865 0
vt 0.74292 0.019516 0
vt 0.734588 0.045865 0
vt 0.756415 0.045803 0
vt 0.760211 0.019957 0
vt 0.74292 0.019516 0
vt 0.760211 0.019957 0
vt 0.764768 0.001523 0
vt 0.752925 0.001015 0
vt 0.74292 0.019516 0
vt 0.752925 0.001015 0
vt 0.72924 0 0
vt 0.708337 0.018635 0
vt 0.725124 0.211261 0
vt 0.671279 0.207726 0
vt 0.664703 0.256628 0
vt 0.726255 0.291523 0
vt 0.725124 0.211261 0
vt 0.726255 0.291523 0
vt 0.752503 0.296188 0
vt 0.752046 0.213028 0
vt 0.725124 0.211261 0
vt 0.752046 0.213028 0
vt 0.752862 0.142153 0
vt 0.726828 0.143692 0
vt 0.725124 0.211261 0
vt 0.726828 0.143692 0
vt 0.674759 0.146771 0
vt 0.671279 0.207726 0
vt 0.731986 0.385388 0
vt 0.692457 0.380728 0
vt 0.698751 0.494691 0
vt 0.738319 0.469938 0
vt 0.731986 0.385388 0
vt 0.738319 0.469938 0
vt 0.757688 0.470688 0
vt 0.755043 0.388724 0
vt 0.731986 0.385388 0
vt 0.755043 0.388724 0
vt 0.752503 0.296188 0
vt 0.726255 0.291523 0
vt 0.731986 0.385388 0
vt 0.726255 0.291523 0
vt 0.664703 0.256628 0
vt 0.692457 0.380728 0
vt 0.741254 0.522253 0
vt 0.706849 0.522503 0
vt 0.710897 0.558739 0
vt 0.742492 0.558452 0
vt 0.741254 0.522253 0
vt 0.742492 0.558452 0
vt 0.758289 0.558308 0
vt 0.758457 0.522128 0
vt 0.741254 0.522253 0
vt 0.758457 0.522128 0
vt 0.757688 0.470688 0
vt 0.738319 0.469938 0
vt 0.741254 0.522253 0
vt 0.738319 0.469938 0
vt 0.698751 0.494691 0
vt 0.706849 0.522503 0
vt 0.737864 0.773082 0
vt 0.741073 0.758774 0
vt 0.716157 0.768609 0
vt 0.711334 0.772439 0
vt 0.737864 0.773082 0
vt 0.711334 0.772439 0
vt 0.700962 0.781728 0
vt 0.732036 0.786444 0
vt 0.737864 0.773082 0
vt 0.732036 0.786444 0
vt 0.747572 0.788801 0
vt 0.75113 0.773403 0
vt 0.737864 0.773082 0
vt 0.75113 0.773403 0
vt 0.753377 0.757531 0
vt 0.741073 0.758774 0
vt 0.221803 0.086694 0
vt 0.207679 0.091097 0
vt 0.212561 0.102827 0
vt 0.225934 0.097928 0
vt 0.221803 0.086694 0
vt 0.225934 0.097928 0
vt 0.241399 0.093941 0
vt 0.235987 0.081715 0
vt 0.221803 0.086694 0
vt 0.235987 0.081715 0
vt 0.233281 0.075725 0
vt 0.218953 0.080139 0
vt 0.221803 0.086694 0
vt 0.218953 0.080139 0
vt 0.204881 0.083667 0
vt 0.207679 0.091097 0
vt 0.375104 0.029792 0
vt 0.371794 0.030779 0
vt 0.369436 0.04469 0
vt 0.372644 0.043429 0
vt 0.375104 0.029792 0
vt 0.372644 0.043429 0
vt 0.375851 0.042168 0
vt 0.378413 0.028804 0
vt 0.375104 0.029792 0
vt 0.378413 0.028804 0
vt 0.379301 0.022902 0
vt 0.3758 0.023486 0
vt 0.375104 0.029792 0
vt 0.3758 0.023486 0
vt 0.372299 0.02407 0
vt 0.371794 0.030779 0
vt 0.391677 0.916834 0
vt 0.390846 0.894797 0
vt 0.374428 0.892634 0
vt 0.375971 0.91451 0
vt 0.391677 0.916834 0
vt 0.375971 0.91451 0
vt 0.377289 0.934826 0
vt 0.392455 0.937628 0
vt 0.391677 0.916834 0
vt 0.392455 0.937628 0
vt 0.400038 0.939029 0
vt 0.39953 0.917996 0
vt 0.391677 0.916834 0
vt 0.39953 0.917996 0
vt 0.399055 0.895878 0
vt 0.390846 0.894797 0
vt 0.819118 0.101401 0
vt 0.813799 0.084889 0
vt 0.796967 0.08599 0
vt 0.799355 0.101671 0
vt 0.819118 0.101401 0
vt 0.799355 0.101671 0
vt 0.799636 0.121728 0
vt 0.820121 0.122856 0
vt 0.819118 0.101401 0
vt 0.820121 0.122856 0
vt 0.863513 0.129588 0
vt 0.856963 0.099277 0
vt 0.819118 0.101401 0
vt 0.856963 0.099277 0
vt 0.848532 0.078171 0
vt 0.813799 0.084889 0
vt 0.166133 0.33985 0
vt 0.135736 0.326438 0
vt 0.127557 0.359644 0
vt 0.159204 0.372168 0
vt 0.166133 0.33985 0
vt 0.159204 0.372168 0
vt 0.195279 0.384487 0
vt 0.201229 0.352902 0
vt 0.166133 0.33985 0
vt 0.201229 0.352902 0
vt 0.209786 0.319825 0
vt 0.176789 0.306688 0
vt 0.166133 0.33985 0
vt 0.176789 0.306688 0
vt 0.148356 0.293266 0
vt 0.135736 0.326438 0
vt 0.29322 0.217185 0
vt 0.28689 0.229759 0
vt 0.322179 0.236075 0
vt 0.326228 0.222651 0
vt 0.29322 0.217185 0
vt 0.326228 0.222651 0
vt 0.333237 0.213702 0
vt 0.299573 0.20385 0
vt 0.29322 0.217185 0
vt 0.299573 0.20385 0
vt 0.271407 0.1989 0
vt 0.264429 0.211714 0
vt 0.29322 0.217185 0
vt 0.264429 0.211714 0
vt 0.257179 0.223498 0
vt 0.28689 0.229759 0
vt 0.12077 0.763303 0
vt 0.086416 0.757337 0
vt 0.072431 0.800428 0
vt 0.098771 0.806628 0
vt 0.12077 0.763303 0
vt 0.098771 0.806628 0
vt 0.133184 0.811412 0
vt 0.160443 0.76919 0
vt 0.12077 0.763303 0
vt 0.160443 0.76919 0
vt 0.189347 0.722755 0
vt 0.13639 0.716176 0
vt 0.12077 0.763303 0
vt 0.13639 0.716176 0
vt 0.097227 0.710926 0
vt 0.086416 0.757337 0
vt 0.139253 0.661445 0
vt 0.101691 0.657876 0
vt 0.097227 0.710926 0
vt 0.13639 0.716176 0
vt 0.139253 0.661445 0
vt 0.13639 0.716176 0
vt 0.189347 0.722755 0
vt 0.180754 0.662924 0
vt 0.139253 0.661445 0
vt 0.180754 0.662924 0
vt 0.175753 0.598504 0
vt 0.137818 0.596782 0
vt 0.139253 0.661445 0
vt 0.137818 0.596782 0
vt 0.103685 0.593667 0
vt 0.101691 0.657876 0
vt 0.140542 0.519859 0
vt 0.107089 0.513781 0
vt 0.103685 0.593667 0
vt 0.137818 0.596782 0
vt 0.140542 0.519859 0
vt 0.137818 0.596782 0
vt 0.175753 0.598504 0
vt 0.177803 0.525281 0
vt 0.140542 0.519859 0
vt 0.177803 0.525281 0
vt 0.183473 0.459166 0
vt 0.145876 0.44949 0
vt 0.140542 0.519859 0
vt 0.145876 0.44949 0
vt 0.112215 0.439686 0
vt 0.107089 0.513781 0
vt 0.325241 0.14569 0
vt 0.32096 0.154919 0
vt 0.339662 0.159776 0
vt 0.341532 0.150878 0
vt 0.325241 0.14569 0
vt 0.341532 0.150878 0
vt 0.344032 0.139819 0
vt 0.330337 0.134992 0
vt 0.325241 0.14569 0
vt 0.330337 0.134992 0
vt 0.314739 0.129269 0
vt 0.307027 0.139718 0
vt 0.325241 0.14569 0
vt 0.307027 0.139718 0
vt 0.300269 0.149473 0
vt 0.32096 0.154919 0
vt 0.058129 0.873163 0
vt 0.075084 0.871823 0
vt 0.075084 0.841086 0
vt 0.057649 0.84472 0
vt 0.058129 0.873163 0
vt 0.057649 0.84472 0
vt 0.040622 0.848619 0
vt 0.040804 0.874647 0
vt 0.058129 0.873163 0
vt 0.040804 0.874647 0
vt 0.040895 0.887661 0
vt 0.058369 0.887385 0
vt 0.058129 0.873163 0
vt 0.058369 0.887385 0
vt 0.075084 0.887191 0
vt 0.075084 0.871823 0
vt 0.352673 0.898187 0
vt 0.353341 0.884793 0
vt 0.34147 0.881623 0
vt 0.339733 0.895247 0
vt 0.352673 0.898187 0
vt 0.339733 0.895247 0
vt 0.338216 0.909595 0
vt 0.352184 0.912349 0
vt 0.352673 0.898187 0
vt 0.352184 0.912349 0
vt 0.359217 0.913709 0
vt 0.359184 0.899632 0
vt 0.352673 0.898187 0
vt 0.359184 0.899632 0
vt 0.359307 0.886351 0
vt 0.353341 0.884793 0
vt 0.816255 0.15205 0
vt 0.820121 0.122856 0
vt 0.799636 0.121728 0
vt 0.797622 0.149458 0
vt 0.816255 0.15205 0
vt 0.797622 0.149458 0
vt 0.795482 0.178835 0
vt 0.811522 0.181929 0
vt 0.816255 0.15205 0
vt 0.811522 0.181929 0
vt 0.838198 0.193484 0
vt 0.847073 0.16478 0
vt 0.816255 0.15205 0
vt 0.847073 0.16478 0
vt 0.863513 0.129588 0
vt 0.820121 0.122856 0
vt 0.237542 0.363765 0
vt 0.201229 0.352902 0
vt 0.195279 0.384487 0
vt 0.233123 0.395434 0
vt 0.237542 0.363765 0
vt 0.233123 0.395434 0
vt 0.271065 0.404579 0
vt 0.273696 0.374019 0
vt 0.237542 0.363765 0
vt 0.273696 0.374019 0
vt 0.289732 0.335971 0
vt 0.244889 0.330365 0
vt 0.237542 0.363765 0
vt 0.244889 0.330365 0
vt 0.209786 0.319825 0
vt 0.201229 0.352902 0
vt 0.947139 0.572015 0
vt 0.961469 0.580394 0
vt 0.956012 0.558376 0
vt 0.943889 0.553519 0
vt 0.947139 0.572015 0
vt 0.943889 0.553519 0
vt 0.929798 0.55092 0
vt 0.931356 0.566233 0
vt 0.947139 0.572015 0
vt 0.931356 0.566233 0
vt 0.932913 0.581545 0
vt 0.95039 0.59051 0
vt 0.947139 0.572015 0
vt 0.95039 0.59051 0
vt 0.966926 0.602412 0
vt 0.961469 0.580394 0
vt 0.222945 0.660706 0
vt 0.180754 0.662924 0
vt 0.189347 0.722755 0
vt 0.235237 0.707639 0
vt 0.222945 0.660706 0
vt 0.235237 0.707639 0
vt 0.273363 0.702112 0
vt 0.26548 0.656639 0
vt 0.222945 0.660706 0
vt 0.26548 0.656639 0
vt 0.262185 0.597116 0
vt 0.217913 0.598293 0
vt 0.222945 0.660706 0
vt 0.217913 0.598293 0
vt 0.175753 0.598504 0
vt 0.180754 0.662924 0
vt 0.219456 0.530002 0
vt 0.177803 0.525281 0
vt 0.175753 0.598504 0
vt 0.217913 0.598293 0
vt 0.219456 0.530002 0
vt 0.217913 0.598293 0
vt 0.262185 0.597116 0
vt 0.263303 0.534372 0
vt 0.219456 0.530002 0
vt 0.263303 0.534372 0
vt 0.275556 0.4846 0
vt 0.224183 0.468661 0
vt 0.219456 0.530002 0
vt 0.224183 0.468661 0
vt 0.183473 0.459166 0
vt 0.177803 0.525281 0
vt 0.353493 0.091042 0
vt 0.359586 0.091403 0
vt 0.366222 0.075865 0
vt 0.361577 0.075458 0
vt 0.353493 0.091042 0
vt 0.361577 0.075458 0
vt 0.356933 0.07505 0
vt 0.3474 0.090681 0
vt 0.353493 0.091042 0
vt 0.3474 0.090681 0
vt 0.341919 0.096766 0
vt 0.34494 0.106224 0
vt 0.353493 0.091042 0
vt 0.34494 0.106224 0
vt 0.355929 0.103186 0
vt 0.359586 0.091403 0
vt 0.527343 0.186822 0
vt 0.530854 0.203912 0
vt 0.555611 0.212559 0
vt 0.550126 0.194823 0
vt 0.527343 0.186822 0
vt 0.550126 0.194823 0
vt 0.535655 0.173029 0
vt 0.523833 0.169731 0
vt 0.527343 0.186822 0
vt 0.523833 0.169731 0
vt 0.511705 0.161177 0
vt 0.511312 0.176996 0
vt 0.527343 0.186822 0
vt 0.511312 0.176996 0
vt 0.510919 0.192816 0
vt 0.530854 0.203912 0
vt 0.355636 0.15411 0
vt 0.354891 0.163365 0
vt 0.368384 0.166319 0
vt 0.368648 0.156363 0
vt 0.355636 0.15411 0
vt 0.368648 0.156363 0
vt 0.368528 0.144616 0
vt 0.35657 0.142703 0
vt 0.355636 0.15411 0
vt 0.35657 0.142703 0
vt 0.344032 0.139819 0
vt 0.341532 0.150878 0
vt 0.355636 0.15411 0
vt 0.341532 0.150878 0
vt 0.339662 0.159776 0
vt 0.354891 0.163365 0
vt 0.588667 0.027929 0
vt 0.584696 0.045729 0
vt 0.593169 0.048484 0
vt 0.596182 0.030696 0
vt 0.588667 0.027929 0
vt 0.596182 0.030696 0
vt 0.600905 0.019448 0
vt 0.596545 0.013815 0
vt 0.588667 0.027929 0
vt 0.596545 0.013815 0
vt 0.593748 0.009244 0
vt 0.584904 0.023734 0
vt 0.588667 0.027929 0
vt 0.584904 0.023734 0
vt 0.580184 0.041682 0
vt 0.584696 0.045729 0
vt 0.840706 0.719041 0
vt 0.836626 0.703224 0
vt 0.800023 0.710123 0
vt 0.812067 0.721941 0
vt 0.840706 0.719041 0
vt 0.812067 0.721941 0
vt 0.822598 0.738497 0
vt 0.844139 0.735281 0
vt 0.840706 0.719041 0
vt 0.844139 0.735281 0
vt 0.86568 0.732066 0
vt 0.869345 0.716141 0
vt 0.840706 0.719041 0
vt 0.869345 0.716141 0
vt 0.873228 0.696325 0
vt 0.836626 0.703224 0
vt 0.555327 0.332898 0
vt 0.554475 0.308981 0
vt 0.508112 0.311106 0
vt 0.511805 0.335057 0
vt 0.555327 0.332898 0
vt 0.511805 0.335057 0
vt 0.517381 0.351259 0
vt 0.5532 0.352204 0
vt 0.555327 0.332898 0
vt 0.5532 0.352204 0
vt 0.580134 0.358274 0
vt 0.587912 0.338752 0
vt 0.555327 0.332898 0
vt 0.587912 0.338752 0
vt 0.597988 0.313263 0
vt 0.554475 0.308981 0
vt 0.598167 0.420431 0
vt 0.607114 0.422302 0
vt 0.607518 0.386034 0
vt 0.598394 0.390533 0
vt 0.598167 0.420431 0
vt 0.598394 0.390533 0
vt 0.589572 0.396042 0
vt 0.589848 0.417489 0
vt 0.598167 0.420431 0
vt 0.589848 0.417489 0
vt 0.590124 0.438936 0
vt 0.597939 0.450328 0
vt 0.598167 0.420431 0
vt 0.597939 0.450328 0
vt 0.590508 0.458988 0
vt 0.607114 0.422302 0
vt 0.831858 0.684494 0
vt 0.826745 0.664306 0
vt 0.778968 0.702397 0
vt 0.789193 0.704669 0
vt 0.831858 0.684494 0
vt 0.789193 0.704669 0
vt 0.800023 0.710123 0
vt 0.836626 0.703224 0
vt 0.831858 0.684494 0
vt 0.836626 0.703224 0
vt 0.873228 0.696325 0
vt 0.874523 0.664318 0
vt 0.831858 0.684494 0
vt 0.874523 0.664318 0
vt 0.874523 0.626215 0
vt 0.826745 0.664306 0
vt 0.443635 0.388462 0
vt 0.419459 0.395805 0
vt 0.419883 0.406189 0
vt 0.444016 0.397778 0
vt 0.443635 0.388462 0
vt 0.444016 0.397778 0
vt 0.468148 0.389367 0
vt 0.467811 0.381119 0
vt 0.443635 0.388462 0
vt 0.467811 0.381119 0
vt 0.467474 0.372871 0
vt 0.443254 0.379146 0
vt 0.443635 0.388462 0
vt 0.443254 0.379146 0
vt 0.419035 0.385422 0
vt 0.419459 0.395805 0
vt 0.802826 0.920769 0
vt 0.793411 0.937068 0
vt 0.807853 0.943693 0
vt 0.814522 0.926134 0
vt 0.802826 0.920769 0
vt 0.814522 0.926134 0
vt 0.821961 0.907883 0
vt 0.812515 0.90355 0
vt 0.802826 0.920769 0
vt 0.812515 0.90355 0
vt 0.803069 0.899217 0
vt 0.791129 0.915404 0
vt 0.802826 0.920769 0
vt 0.791129 0.915404 0
vt 0.778968 0.930443 0
vt 0.793411 0.937068 0
vt 0.857882 0.93745 0
vt 0.863383 0.956324 0
vt 0.890029 0.955706 0
vt 0.87785 0.938035 0
vt 0.857882 0.93745 0
vt 0.87785 0.938035 0
vt 0.870237 0.919276 0
vt 0.855545 0.917912 0
vt 0.857882 0.93745 0
vt 0.855545 0.917912 0
vt 0.842164 0.915806 0
vt 0.839983 0.93567 0
vt 0.857882 0.93745 0
vt 0.839983 0.93567 0
vt 0.839788 0.955132 0
vt 0.863383 0.956324 0
vt 0.356644 0.403722 0
vt 0.337331 0.395718 0
vt 0.337698 0.416556 0
vt 0.357319 0.420151 0
vt 0.356644 0.403722 0
vt 0.357319 0.420151 0
vt 0.374077 0.420194 0
vt 0.373535 0.406964 0
vt 0.356644 0.403722 0
vt 0.373535 0.406964 0
vt 0.372994 0.393734 0
vt 0.355968 0.387294 0
vt 0.356644 0.403722 0
vt 0.355968 0.387294 0
vt 0.336964 0.37488 0
vt 0.337331 0.395718 0
vt 0.275072 0.850295 0
vt 0.262499 0.850062 0
vt 0.261912 0.859038 0
vt 0.274778 0.859157 0
vt 0.275072 0.850295 0
vt 0.274778 0.859157 0
vt 0.287645 0.859275 0
vt 0.287645 0.850528 0
vt 0.275072 0.850295 0
vt 0.287645 0.850528 0
vt 0.287645 0.841781 0
vt 0.275366 0.841433 0
vt 0.275072 0.850295 0
vt 0.275366 0.841433 0
vt 0.263087 0.841086 0
vt 0.262499 0.850062 0
vt 0.852004 0.799047 0
vt 0.849484 0.777165 0
vt 0.833056 0.779394 0
vt 0.837225 0.80062 0
vt 0.852004 0.799047 0
vt 0.837225 0.80062 0
vt 0.841395 0.821847 0
vt 0.854525 0.820929 0
vt 0.852004 0.799047 0
vt 0.854525 0.820929 0
vt 0.867655 0.820012 0
vt 0.866783 0.797474 0
vt 0.852004 0.799047 0
vt 0.866783 0.797474 0
vt 0.865911 0.774937 0
vt 0.849484 0.777165 0
vt 0.843769 0.844529 0
vt 0.83326 0.86451 0
vt 0.84068 0.867913 0
vt 0.850424 0.847582 0
vt 0.843769 0.844529 0
vt 0.850424 0.847582 0
vt 0.860168 0.82725 0
vt 0.854279 0.824549 0
vt 0.843769 0.844529 0
vt 0.854279 0.824549 0
vt 0.848389 0.821847 0
vt 0.837114 0.841476 0
vt 0.843769 0.844529 0
vt 0.837114 0.841476 0
vt 0.82584 0.861106 0
vt 0.83326 0.86451 0
vt 0.873837 0.853989 0
vt 0.866685 0.875518 0
vt 0.87785 0.876315 0
vt 0.883939 0.85429 0
vt 0.873837 0.853989 0
vt 0.883939 0.85429 0
vt 0.890029 0.832265 0
vt 0.880989 0.83246 0
vt 0.873837 0.853989 0
vt 0.880989 0.83246 0
vt 0.872736 0.83193 0
vt 0.864596 0.853 0
vt 0.873837 0.853989 0
vt 0.864596 0.853 0
vt 0.856457 0.874069 0
vt 0.866685 0.875518 0
vt 0.910229 0.511168 0
vt 0.928489 0.502313 0
vt 0.930295 0.48433 0
vt 0.910472 0.495111 0
vt 0.910229 0.511168 0
vt 0.910472 0.495111 0
vt 0.888626 0.502766 0
vt 0.888695 0.516953 0
vt 0.910229 0.511168 0
vt 0.888695 0.516953 0
vt 0.888894 0.530295 0
vt 0.910271 0.526413 0
vt 0.910229 0.511168 0
vt 0.910271 0.526413 0
vt 0.927525 0.519628 0
vt 0.928489 0.502313 0
vt 0.337032 0.800221 0
vt 0.314519 0.789672 0
vt 0.302837 0.810899 0
vt 0.332977 0.814412 0
vt 0.337032 0.800221 0
vt 0.332977 0.814412 0
vt 0.353327 0.820519 0
vt 0.356648 0.809422 0
vt 0.337032 0.800221 0
vt 0.356648 0.809422 0
vt 0.353867 0.795477 0
vt 0.341214 0.784694 0
vt 0.337032 0.800221 0
vt 0.341214 0.784694 0
vt 0.329904 0.769396 0
vt 0.314519 0.789672 0
vt 0.942882 0.496606 0
vt 0.95534 0.492473 0
vt 0.965583 0.470605 0
vt 0.948375 0.476684 0
vt 0.942882 0.496606 0
vt 0.948375 0.476684 0
vt 0.930295 0.48433 0
vt 0.928489 0.502313 0
vt 0.942882 0.496606 0
vt 0.928489 0.502313 0
vt 0.927525 0.519628 0
vt 0.939574 0.516171 0
vt 0.942882 0.496606 0
vt 0.939574 0.516171 0
vt 0.949022 0.514378 0
vt 0.95534 0.492473 0
vt 0.280345 0.783154 0
vt 0.240341 0.778654 0
vt 0.222338 0.810542 0
vt 0.268947 0.809064 0
vt 0.280345 0.783154 0
vt 0.268947 0.809064 0
vt 0.302837 0.810899 0
vt 0.314519 0.789672 0
vt 0.280345 0.783154 0
vt 0.314519 0.789672 0
vt 0.329904 0.769396 0
vt 0.291934 0.761442 0
vt 0.280345 0.783154 0
vt 0.291934 0.761442 0
vt 0.25918 0.752748 0
vt 0.240341 0.778654 0
vt 0.864589 0.275523 0
vt 0.856064 0.253229 0
vt 0.849349 0.260177 0
vt 0.85548 0.278272 0
vt 0.864589 0.275523 0
vt 0.85548 0.278272 0
vt 0.860621 0.296762 0
vt 0.871111 0.29711 0
vt 0.864589 0.275523 0
vt 0.871111 0.29711 0
vt 0.882514 0.296678 0
vt 0.874987 0.271099 0
vt 0.864589 0.275523 0
vt 0.874987 0.271099 0
vt 0.864525 0.243438 0
vt 0.856064 0.253229 0
vt 0.303903 0.748126 0
vt 0.27969 0.73881 0
vt 0.25918 0.752748 0
vt 0.291934 0.761442 0
vt 0.303903 0.748126 0
vt 0.291934 0.761442 0
vt 0.329904 0.769396 0
vt 0.328116 0.757441 0
vt 0.303903 0.748126 0
vt 0.328116 0.757441 0
vt 0.331091 0.747158 0
vt 0.316063 0.739007 0
vt 0.303903 0.748126 0
vt 0.316063 0.739007 0
vt 0.301036 0.730855 0
vt 0.27969 0.73881 0
vt 0.439555 0.797191 0
vt 0.412932 0.796089 0
vt 0.411707 0.803018 0
vt 0.439064 0.803277 0
vt 0.439555 0.797191 0
vt 0.439064 0.803277 0
vt 0.466422 0.803536 0
vt 0.466179 0.798292 0
vt 0.439555 0.797191 0
vt 0.466179 0.798292 0
vt 0.466294 0.793262 0
vt 0.440241 0.791474 0
vt 0.439555 0.797191 0
vt 0.440241 0.791474 0
vt 0.414187 0.789686 0
vt 0.412932 0.796089 0
vt 0.808619 0.524253 0
vt 0.836586 0.53872 0
vt 0.837141 0.531265 0
vt 0.809823 0.51839 0
vt 0.808619 0.524253 0
vt 0.809823 0.51839 0
vt 0.782506 0.505516 0
vt 0.780653 0.509786 0
vt 0.808619 0.524253 0
vt 0.780653 0.509786 0
vt 0.778968 0.513907 0
vt 0.807541 0.530004 0
vt 0.808619 0.524253 0
vt 0.807541 0.530004 0
vt 0.836114 0.5461 0
vt 0.836586 0.53872 0
vt 0.912664 0.565645 0
vt 0.931356 0.566233 0
vt 0.929798 0.55092 0
vt 0.911772 0.552838 0
vt 0.912664 0.565645 0
vt 0.911772 0.552838 0
vt 0.889946 0.552752 0
vt 0.890563 0.563535 0
vt 0.912664 0.565645 0
vt 0.890563 0.563535 0
vt 0.891191 0.574309 0
vt 0.913556 0.578451 0
vt 0.912664 0.565645 0
vt 0.913556 0.578451 0
vt 0.932913 0.581545 0
vt 0.931356 0.566233 0
vt 0.301993 0.862293 0
vt 0.300449 0.881675 0
vt 0.313253 0.879269 0
vt 0.313253 0.860178 0
vt 0.301993 0.862293 0
vt 0.313253 0.860178 0
vt 0.313253 0.841086 0
vt 0.303536 0.84291 0
vt 0.301993 0.862293 0
vt 0.303536 0.84291 0
vt 0.293818 0.844734 0
vt 0.290732 0.864407 0
vt 0.301993 0.862293 0
vt 0.290732 0.864407 0
vt 0.287645 0.884081 0
vt 0.300449 0.881675 0
vt 0.873623 0.317283 0
vt 0.871111 0.29711 0
vt 0.860621 0.296762 0
vt 0.863784 0.316043 0
vt 0.873623 0.317283 0
vt 0.863784 0.316043 0
vt 0.867899 0.338368 0
vt 0.876225 0.339438 0
vt 0.873623 0.317283 0
vt 0.876225 0.339438 0
vt 0.885206 0.340126 0
vt 0.884172 0.31809 0
vt 0.873623 0.317283 0
vt 0.884172 0.31809 0
vt 0.882514 0.296678 0
vt 0.871111 0.29711 0
vt 0.896137 0.31803 0
vt 0.895743 0.294684 0
vt 0.882514 0.296678 0
vt 0.884172 0.31809 0
vt 0.896137 0.31803 0
vt 0.884172 0.31809 0
vt 0.885206 0.340126 0
vt 0.895498 0.340051 0
vt 0.896137 0.31803 0
vt 0.895498 0.340051 0
vt 0.906444 0.339594 0
vt 0.908811 0.317535 0
vt 0.896137 0.31803 0
vt 0.908811 0.317535 0
vt 0.915622 0.303457 0
vt 0.895743 0.294684 0
vt 0.182742 0.865612 0
vt 0.189551 0.864937 0
vt 0.186386 0.857411 0
vt 0.180074 0.85842 0
vt 0.182742 0.865612 0
vt 0.180074 0.85842 0
vt 0.174265 0.859234 0
vt 0.175729 0.865591 0
vt 0.182742 0.865612 0
vt 0.175729 0.865591 0
vt 0.177342 0.872034 0
vt 0.185661 0.8728 0
vt 0.182742 0.865612 0
vt 0.185661 0.8728 0
vt 0.192922 0.872431 0
vt 0.189551 0.864937 0
vt 0.195952 0.86287 0
vt 0.202148 0.860107 0
vt 0.201524 0.854423 0
vt 0.193704 0.856014 0
vt 0.195952 0.86287 0
vt 0.193704 0.856014 0
vt 0.186386 0.857411 0
vt 0.189551 0.864937 0
vt 0.195952 0.86287 0
vt 0.189551 0.864937 0
vt 0.192922 0.872431 0
vt 0.198065 0.869791 0
vt 0.195952 0.86287 0
vt 0.198065 0.869791 0
vt 0.202148 0.866016 0
vt 0.202148 0.860107 0
vt 0.900774 0.42741 0
vt 0.891894 0.39719 0
vt 0.88584 0.396266 0
vt 0.895781 0.42654 0
vt 0.900774 0.42741 0
vt 0.895781 0.42654 0
vt 0.905722 0.456814 0
vt 0.909655 0.457631 0
vt 0.900774 0.42741 0
vt 0.909655 0.457631 0
vt 0.914762 0.458039 0
vt 0.906795 0.427884 0
vt 0.900774 0.42741 0
vt 0.906795 0.427884 0
vt 0.898829 0.39773 0
vt 0.891894 0.39719 0
vt 0.914873 0.427565 0
vt 0.907527 0.3975 0
vt 0.898829 0.39773 0
vt 0.906795 0.427884 0
vt 0.914873 0.427565 0
vt 0.906795 0.427884 0
vt 0.914762 0.458039 0
vt 0.922218 0.457631 0
vt 0.914873 0.427565 0
vt 0.922218 0.457631 0
vt 0.930849 0.456814 0
vt 0.923978 0.42685 0
vt 0.914873 0.427565 0
vt 0.923978 0.42685 0
vt 0.917107 0.396886 0
vt 0.907527 0.3975 0
vt 0.438961 0.810102 0
vt 0.410546 0.810997 0
vt 0.409322 0.818937 0
vt 0.438849 0.816767 0
vt 0.438961 0.810102 0
vt 0.438849 0.816767 0
vt 0.468377 0.814596 0
vt 0.467376 0.809207 0
vt 0.438961 0.810102 0
vt 0.467376 0.809207 0
vt 0.466422 0.803536 0
vt 0.439064 0.803277 0
vt 0.438961 0.810102 0
vt 0.439064 0.803277 0
vt 0.411707 0.803018 0
vt 0.410546 0.810997 0
vt 0.81337 0.497152 0
vt 0.838925 0.5053 0
vt 0.839178 0.494616 0
vt 0.813879 0.488195 0
vt 0.81337 0.497152 0
vt 0.813879 0.488195 0
vt 0.788579 0.481774 0
vt 0.787815 0.489004 0
vt 0.81337 0.497152 0
vt 0.787815 0.489004 0
vt 0.786653 0.495605 0
vt 0.812593 0.505419 0
vt 0.81337 0.497152 0
vt 0.812593 0.505419 0
vt 0.838534 0.515233 0
vt 0.838925 0.5053 0
vt 0.592737 0.797037 0
vt 0.609982 0.794596 0
vt 0.610254 0.745023 0
vt 0.591225 0.747637 0
vt 0.592737 0.797037 0
vt 0.591225 0.747637 0
vt 0.550168 0.770603 0
vt 0.558246 0.801919 0
vt 0.592737 0.797037 0
vt 0.558246 0.801919 0
vt 0.559876 0.839538 0
vt 0.592064 0.839327 0
vt 0.592737 0.797037 0
vt 0.592064 0.839327 0
vt 0.608158 0.839221 0
vt 0.609982 0.794596 0
vt 0.729603 0.087909 0
vt 0.680525 0.090779 0
vt 0.674759 0.146771 0
vt 0.726828 0.143692 0
vt 0.729603 0.087909 0
vt 0.726828 0.143692 0
vt 0.752862 0.142153 0
vt 0.754142 0.086473 0
vt 0.729603 0.087909 0
vt 0.754142 0.086473 0
vt 0.756415 0.045803 0
vt 0.734588 0.045865 0
vt 0.729603 0.087909 0
vt 0.734588 0.045865 0
vt 0.690933 0.045989 0
vt 0.680525 0.090779 0
vt 0.891445 0.093988 0
vt 0.883592 0.071205 0
vt 0.848532 0.078171 0
vt 0.856963 0.099277 0
vt 0.891445 0.093988 0
vt 0.856963 0.099277 0
vt 0.863513 0.129588 0
vt 0.90018 0.124225 0
vt 0.891445 0.093988 0
vt 0.90018 0.124225 0
vt 0.933114 0.121294 0
vt 0.924247 0.087116 0
vt 0.891445 0.093988 0
vt 0.924247 0.087116 0
vt 0.913575 0.060926 0
vt 0.883592 0.071205 0
vt 0.940639 0.535023 0
vt 0.950555 0.536359 0
vt 0.949022 0.514378 0
vt 0.939574 0.516171 0
vt 0.940639 0.535023 0
vt 0.939574 0.516171 0
vt 0.927525 0.519628 0
vt 0.928241 0.535608 0
vt 0.940639 0.535023 0
vt 0.928241 0.535608 0
vt 0.929798 0.55092 0
vt 0.943889 0.553519 0
vt 0.940639 0.535023 0
vt 0.943889 0.553519 0
vt 0.956012 0.558376 0
vt 0.950555 0.536359 0
vt 0.329176 0.82593 0
vt 0.311285 0.819361 0
vt 0.307013 0.831136 0
vt 0.325501 0.836111 0
vt 0.329176 0.82593 0
vt 0.325501 0.836111 0
vt 0.347168 0.838706 0
vt 0.350199 0.830013 0
vt 0.329176 0.82593 0
vt 0.350199 0.830013 0
vt 0.353327 0.820519 0
vt 0.332977 0.814412 0
vt 0.329176 0.82593 0
vt 0.332977 0.814412 0
vt 0.302837 0.810899 0
vt 0.311285 0.819361 0
vt 0.919144 0.254859 0
vt 0.913124 0.209651 0
vt 0.89249 0.214225 0
vt 0.902884 0.256485 0
vt 0.919144 0.254859 0
vt 0.902884 0.256485 0
vt 0.915622 0.303457 0
vt 0.925163 0.300068 0
vt 0.919144 0.254859 0
vt 0.925163 0.300068 0
vt 0.93607 0.302024 0
vt 0.93607 0.255841 0
vt 0.919144 0.254859 0
vt 0.93607 0.255841 0
vt 0.93607 0.209658 0
vt 0.913124 0.209651 0
vt 0.81128 0.512305 0
vt 0.837865 0.523662 0
vt 0.838534 0.515233 0
vt 0.812593 0.505419 0
vt 0.81128 0.512305 0
vt 0.812593 0.505419 0
vt 0.786653 0.495605 0
vt 0.784694 0.500949 0
vt 0.81128 0.512305 0
vt 0.784694 0.500949 0
vt 0.782506 0.505516 0
vt 0.809823 0.51839 0
vt 0.81128 0.512305 0
vt 0.809823 0.51839 0
vt 0.837141 0.531265 0
vt 0.837865 0.523662 0
vt 0.910879 0.540032 0
vt 0.928241 0.535608 0
vt 0.927525 0.519628 0
vt 0.910271 0.526413 0
vt 0.910879 0.540032 0
vt 0.910271 0.526413 0
vt 0.888894 0.530295 0
vt 0.88935 0.54195 0
vt 0.910879 0.540032 0
vt 0.88935 0.54195 0
vt 0.889946 0.552752 0
vt 0.911772 0.552838 0
vt 0.910879 0.540032 0
vt 0.911772 0.552838 0
vt 0.929798 0.55092 0
vt 0.928241 0.535608 0
vt 0.17791 0.851221 0
vt 0.183635 0.849824 0
vt 0.181089 0.842206 0
vt 0.175997 0.844018 0
vt 0.17791 0.851221 0
vt 0.175997 0.844018 0
vt 0.172082 0.846949 0
vt 0.173099 0.853049 0
vt 0.17791 0.851221 0
vt 0.173099 0.853049 0
vt 0.174265 0.859234 0
vt 0.180074 0.85842 0
vt 0.17791 0.851221 0
vt 0.180074 0.85842 0
vt 0.186386 0.857411 0
vt 0.183635 0.849824 0
vt 0.191186 0.849291 0
vt 0.199651 0.849189 0
vt 0.197154 0.84418 0
vt 0.188533 0.842633 0
vt 0.191186 0.849291 0
vt 0.188533 0.842633 0
vt 0.181089 0.842206 0
vt 0.183635 0.849824 0
vt 0.191186 0.849291 0
vt 0.183635 0.849824 0
vt 0.186386 0.857411 0
vt 0.193704 0.856014 0
vt 0.191186 0.849291 0
vt 0.193704 0.856014 0
vt 0.201524 0.854423 0
vt 0.199651 0.849189 0
vt 0.438332 0.822371 0
vt 0.40791 0.825747 0
vt 0.406405 0.831992 0
vt 0.437613 0.827444 0
vt 0.438332 0.822371 0
vt 0.437613 0.827444 0
vt 0.468822 0.822897 0
vt 0.468755 0.818994 0
vt 0.438332 0.822371 0
vt 0.468755 0.818994 0
vt 0.468377 0.814596 0
vt 0.438849 0.816767 0
vt 0.438332 0.822371 0
vt 0.438849 0.816767 0
vt 0.409322 0.818937 0
vt 0.40791 0.825747 0
vt 0.244071 0.206232 0
vt 0.23862 0.217347 0
vt 0.257179 0.223498 0
vt 0.264429 0.211714 0
vt 0.244071 0.206232 0
vt 0.264429 0.211714 0
vt 0.271407 0.1989 0
vt 0.248459 0.193589 0
vt 0.244071 0.206232 0
vt 0.248459 0.193589 0
vt 0.216684 0.181183 0
vt 0.22763 0.198387 0
vt 0.244071 0.206232 0
vt 0.22763 0.198387 0
vt 0.224583 0.208721 0
vt 0.23862 0.217347 0
vt 0.287152 0.134135 0
vt 0.27907 0.144123 0
vt 0.300269 0.149473 0
vt 0.307027 0.139718 0
vt 0.287152 0.134135 0
vt 0.307027 0.139718 0
vt 0.314739 0.129269 0
vt 0.296495 0.123694 0
vt 0.287152 0.134135 0
vt 0.296495 0.123694 0
vt 0.279496 0.118022 0
vt 0.269097 0.128653 0
vt 0.287152 0.134135 0
vt 0.269097 0.128653 0
vt 0.260107 0.138756 0
vt 0.27907 0.144123 0
vt 0.343781 0.043552 0
vt 0.338371 0.057189 0
vt 0.354824 0.063991 0
vt 0.359805 0.050779 0
vt 0.343781 0.043552 0
vt 0.359805 0.050779 0
vt 0.363179 0.040763 0
vt 0.347977 0.033132 0
vt 0.343781 0.043552 0
vt 0.347977 0.033132 0
vt 0.333995 0.025876 0
vt 0.329307 0.036931 0
vt 0.343781 0.043552 0
vt 0.329307 0.036931 0
vt 0.323637 0.05112 0
vt 0.338371 0.057189 0
vt 0.803271 0.019409 0
vt 0.810904 0.010395 0
vt 0.799517 0.00818 0
vt 0.794617 0.017896 0
vt 0.803271 0.019409 0
vt 0.794617 0.017896 0
vt 0.789717 0.027611 0
vt 0.795637 0.028422 0
vt 0.803271 0.019409 0
vt 0.795637 0.028422 0
vt 0.804455 0.031328 0
vt 0.817594 0.02456 0
vt 0.803271 0.019409 0
vt 0.817594 0.02456 0
vt 0.834217 0.011864 0
vt 0.810904 0.010395 0
vt 0.113522 0.314497 0
vt 0.096207 0.3031 0
vt 0.083599 0.336609 0
vt 0.102999 0.348078 0
vt 0.113522 0.314497 0
vt 0.102999 0.348078 0
vt 0.127557 0.359644 0
vt 0.135736 0.326438 0
vt 0.113522 0.314497 0
vt 0.135736 0.326438 0
vt 0.148356 0.293266 0
vt 0.126945 0.281873 0
vt 0.113522 0.314497 0
vt 0.126945 0.281873 0
vt 0.10859 0.260239 0
vt 0.096207 0.3031 0
vt 0.062479 0.752138 0
vt 0.043751 0.747322 0
vt 0.039782 0.791393 0
vt 0.054103 0.795574 0
vt 0.062479 0.752138 0
vt 0.054103 0.795574 0
vt 0.072431 0.800428 0
vt 0.086416 0.757337 0
vt 0.062479 0.752138 0
vt 0.086416 0.757337 0
vt 0.097227 0.710926 0
vt 0.068877 0.70584 0
vt 0.062479 0.752138 0
vt 0.068877 0.70584 0
vt 0.046237 0.700701 0
vt 0.043751 0.747322 0
vt 0.071316 0.65382 0
vt 0.045755 0.648979 0
vt 0.046237 0.700701 0
vt 0.068877 0.70584 0
vt 0.071316 0.65382 0
vt 0.068877 0.70584 0
vt 0.097227 0.710926 0
vt 0.101691 0.657876 0
vt 0.071316 0.65382 0
vt 0.101691 0.657876 0
vt 0.103685 0.593667 0
vt 0.072934 0.589696 0
vt 0.071316 0.65382 0
vt 0.072934 0.589696 0
vt 0.037908 0.569996 0
vt 0.045755 0.648979 0
vt 0.076865 0.507089 0
vt 0.048255 0.500091 0
vt 0.037908 0.569996 0
vt 0.072934 0.589696 0
vt 0.076865 0.507089 0
vt 0.072934 0.589696 0
vt 0.103685 0.593667 0
vt 0.107089 0.513781 0
vt 0.076865 0.507089 0
vt 0.107089 0.513781 0
vt 0.112215 0.439686 0
vt 0.083311 0.429807 0
vt 0.076865 0.507089 0
vt 0.083311 0.429807 0
vt 0.04996 0.424838 0
vt 0.048255 0.500091 0
vt 0.354366 0.872934 0
vt 0.355708 0.862177 0
vt 0.346165 0.858817 0
vt 0.343648 0.869446 0
vt 0.354366 0.872934 0
vt 0.343648 0.869446 0
vt 0.34147 0.881623 0
vt 0.353341 0.884793 0
vt 0.354366 0.872934 0
vt 0.353341 0.884793 0
vt 0.359307 0.886351 0
vt 0.359741 0.874661 0
vt 0.354366 0.872934 0
vt 0.359741 0.874661 0
vt 0.360483 0.863853 0
vt 0.355708 0.862177 0
vt 0.879314 0.053347 0
vt 0.875169 0.037983 0
vt 0.852387 0.044626 0
vt 0.854061 0.059619 0
vt 0.879314 0.053347 0
vt 0.854061 0.059619 0
vt 0.848532 0.078171 0
vt 0.883592 0.071205 0
vt 0.879314 0.053347 0
vt 0.883592 0.071205 0
vt 0.913575 0.060926 0
vt 0.905203 0.042706 0
vt 0.879314 0.053347 0
vt 0.905203 0.042706 0
vt 0.897982 0.028471 0
vt 0.875169 0.037983 0
vt 0.693058 0.672705 0
vt 0.703843 0.629105 0
vt 0.688693 0.627 0
vt 0.676353 0.665084 0
vt 0.693058 0.672705 0
vt 0.676353 0.665084 0
vt 0.665169 0.701432 0
vt 0.682872 0.711537 0
vt 0.693058 0.672705 0
vt 0.682872 0.711537 0
vt 0.704389 0.724865 0
vt 0.713067 0.677875 0
vt 0.693058 0.672705 0
vt 0.713067 0.677875 0
vt 0.714194 0.621625 0
vt 0.703843 0.629105 0
vt 0.607161 0.278583 0
vt 0.614627 0.309213 0
vt 0.620384 0.3084 0
vt 0.617169 0.277861 0
vt 0.607161 0.278583 0
vt 0.617169 0.277861 0
vt 0.613647 0.252829 0
vt 0.598813 0.25329 0
vt 0.607161 0.278583 0
vt 0.598813 0.25329 0
vt 0.569136 0.251244 0
vt 0.582279 0.27862 0
vt 0.607161 0.278583 0
vt 0.582279 0.27862 0
vt 0.597988 0.313263 0
vt 0.614627 0.309213 0
vt 0.73968 0.67814 0
vt 0.743336 0.633622 0
vt 0.714194 0.621625 0
vt 0.713067 0.677875 0
vt 0.73968 0.67814 0
vt 0.713067 0.677875 0
vt 0.704389 0.724865 0
vt 0.736878 0.717894 0
vt 0.73968 0.67814 0
vt 0.736878 0.717894 0
vt 0.752572 0.716153 0
vt 0.754638 0.677046 0
vt 0.73968 0.67814 0
vt 0.754638 0.677046 0
vt 0.757166 0.633218 0
vt 0.743336 0.633622 0
vt 0.258096 0.293502 0
vt 0.244889 0.330365 0
vt 0.289732 0.335971 0
vt 0.295577 0.302147 0
vt 0.258096 0.293502 0
vt 0.295577 0.302147 0
vt 0.310467 0.269373 0
vt 0.27178 0.261413 0
vt 0.258096 0.293502 0
vt 0.27178 0.261413 0
vt 0.238062 0.252781 0
vt 0.223556 0.283764 0
vt 0.258096 0.293502 0
vt 0.223556 0.283764 0
vt 0.209786 0.319825 0
vt 0.244889 0.330365 0
vt 0.547664 0.275842 0
vt 0.554475 0.308981 0
vt 0.597988 0.313263 0
vt 0.582279 0.27862 0
vt 0.547664 0.275842 0
vt 0.582279 0.27862 0
vt 0.569136 0.251244 0
vt 0.539444 0.243257 0
vt 0.547664 0.275842 0
vt 0.539444 0.243257 0
vt 0.509744 0.232301 0
vt 0.508182 0.271656 0
vt 0.547664 0.275842 0
vt 0.508182 0.271656 0
vt 0.508112 0.311106 0
vt 0.554475 0.308981 0
vt 0.194898 0.271839 0
vt 0.176789 0.306688 0
vt 0.209786 0.319825 0
vt 0.223556 0.283764 0
vt 0.194898 0.271839 0
vt 0.223556 0.283764 0
vt 0.238062 0.252781 0
vt 0.214286 0.242806 0
vt 0.194898 0.271839 0
vt 0.214286 0.242806 0
vt 0.193153 0.22764 0
vt 0.169857 0.260161 0
vt 0.194898 0.271839 0
vt 0.169857 0.260161 0
vt 0.148356 0.293266 0
vt 0.176789 0.306688 0
vt 0.605811 0.101818 0
vt 0.604365 0.117227 0
vt 0.617156 0.116786 0
vt 0.617718 0.101327 0
vt 0.605811 0.101818 0
vt 0.617718 0.101327 0
vt 0.618169 0.083719 0
vt 0.606914 0.084187 0
vt 0.605811 0.101818 0
vt 0.606914 0.084187 0
vt 0.582503 0.088294 0
vt 0.581998 0.102799 0
vt 0.605811 0.101818 0
vt 0.581998 0.102799 0
vt 0.578782 0.118109 0
vt 0.604365 0.117227 0
vt 0.263125 0.091795 0
vt 0.25139 0.099531 0
vt 0.256982 0.10664 0
vt 0.271878 0.096236 0
vt 0.263125 0.091795 0
vt 0.271878 0.096236 0
vt 0.284629 0.083579 0
vt 0.275543 0.08034 0
vt 0.263125 0.091795 0
vt 0.275543 0.08034 0
vt 0.269273 0.072742 0
vt 0.255674 0.085678 0
vt 0.263125 0.091795 0
vt 0.255674 0.085678 0
vt 0.241399 0.093941 0
vt 0.25139 0.099531 0
vt 0.250293 0.075582 0
vt 0.235987 0.081715 0
vt 0.241399 0.093941 0
vt 0.255674 0.085678 0
vt 0.250293 0.075582 0
vt 0.255674 0.085678 0
vt 0.269273 0.072742 0
vt 0.26466 0.068872 0
vt 0.250293 0.075582 0
vt 0.26466 0.068872 0
vt 0.263217 0.062466 0
vt 0.248121 0.069539 0
vt 0.250293 0.075582 0
vt 0.248121 0.069539 0
vt 0.233281 0.075725 0
vt 0.235987 0.081715 0
vt 0.337062 0.121356 0
vt 0.330337 0.134992 0
vt 0.344032 0.139819 0
vt 0.347793 0.124439 0
vt 0.337062 0.121356 0
vt 0.347793 0.124439 0
vt 0.355929 0.103186 0
vt 0.34494 0.106224 0
vt 0.337062 0.121356 0
vt 0.34494 0.106224 0
vt 0.341919 0.096766 0
vt 0.32436 0.11743 0
vt 0.337062 0.121356 0
vt 0.32436 0.11743 0
vt 0.314739 0.129269 0
vt 0.330337 0.134992 0
vt 0.357877 0.126994 0
vt 0.35657 0.142703 0
vt 0.368528 0.144616 0
vt 0.367639 0.129285 0
vt 0.357877 0.126994 0
vt 0.367639 0.129285 0
vt 0.366366 0.112162 0
vt 0.359373 0.109133 0
vt 0.357877 0.126994 0
vt 0.359373 0.109133 0
vt 0.355929 0.103186 0
vt 0.347793 0.124439 0
vt 0.357877 0.126994 0
vt 0.347793 0.124439 0
vt 0.344032 0.139819 0
vt 0.35657 0.142703 0
vt 0.308359 0.112348 0
vt 0.296495 0.123694 0
vt 0.314739 0.129269 0
vt 0.32436 0.11743 0
vt 0.308359 0.112348 0
vt 0.32436 0.11743 0
vt 0.341919 0.096766 0
vt 0.320465 0.097677 0
vt 0.308359 0.112348 0
vt 0.320465 0.097677 0
vt 0.305881 0.092172 0
vt 0.292734 0.106757 0
vt 0.308359 0.112348 0
vt 0.292734 0.106757 0
vt 0.279496 0.118022 0
vt 0.296495 0.123694 0
vt 0.936544 0.701149 0
vt 0.941565 0.699069 0
vt 0.937093 0.670112 0
vt 0.932157 0.676231 0
vt 0.936544 0.701149 0
vt 0.932157 0.676231 0
vt 0.92722 0.68235 0
vt 0.931523 0.703229 0
vt 0.936544 0.701149 0
vt 0.931523 0.703229 0
vt 0.933923 0.722995 0
vt 0.939421 0.724234 0
vt 0.936544 0.701149 0
vt 0.939421 0.724234 0
vt 0.944918 0.725472 0
vt 0.941565 0.699069 0
vt 0.657093 0.789884 0
vt 0.665486 0.765358 0
vt 0.648581 0.765454 0
vt 0.640865 0.796598 0
vt 0.657093 0.789884 0
vt 0.640865 0.796598 0
vt 0.634892 0.822793 0
vt 0.65134 0.810463 0
vt 0.657093 0.789884 0
vt 0.65134 0.810463 0
vt 0.663383 0.801619 0
vt 0.670878 0.78705 0
vt 0.657093 0.789884 0
vt 0.670878 0.78705 0
vt 0.680124 0.768158 0
vt 0.665486 0.765358 0
vt 0.167884 0.167233 0
vt 0.183443 0.184493 0
vt 0.191224 0.1789 0
vt 0.174002 0.162922 0
vt 0.167884 0.167233 0
vt 0.174002 0.162922 0
vt 0.154065 0.140313 0
vt 0.152578 0.149113 0
vt 0.167884 0.167233 0
vt 0.152578 0.149113 0
vt 0.146651 0.152919 0
vt 0.159616 0.170871 0
vt 0.167884 0.167233 0
vt 0.159616 0.170871 0
vt 0.164085 0.181845 0
vt 0.183443 0.184493 0
vt 0.939277 0.743652 0
vt 0.937267 0.76096 0
vt 0.946036 0.765512 0
vt 0.946036 0.746769 0
vt 0.939277 0.743652 0
vt 0.946036 0.746769 0
vt 0.944918 0.725472 0
vt 0.939421 0.724234 0
vt 0.939277 0.743652 0
vt 0.939421 0.724234 0
vt 0.933923 0.722995 0
vt 0.932518 0.740535 0
vt 0.939277 0.743652 0
vt 0.932518 0.740535 0
vt 0.928497 0.756408 0
vt 0.937267 0.76096 0
vt 0.593625 0.233439 0
vt 0.598813 0.25329 0
vt 0.613647 0.252829 0
vt 0.611337 0.233474 0
vt 0.593625 0.233439 0
vt 0.611337 0.233474 0
vt 0.609631 0.216957 0
vt 0.590017 0.216308 0
vt 0.593625 0.233439 0
vt 0.590017 0.216308 0
vt 0.555611 0.212559 0
vt 0.561098 0.230294 0
vt 0.593625 0.233439 0
vt 0.561098 0.230294 0
vt 0.569136 0.251244 0
vt 0.598813 0.25329 0
vt 0.739043 0.742575 0
vt 0.736878 0.717894 0
vt 0.704389 0.724865 0
vt 0.715489 0.749173 0
vt 0.739043 0.742575 0
vt 0.715489 0.749173 0
vt 0.716157 0.768609 0
vt 0.741073 0.758774 0
vt 0.739043 0.742575 0
vt 0.741073 0.758774 0
vt 0.753377 0.757531 0
vt 0.753005 0.740715 0
vt 0.739043 0.742575 0
vt 0.753005 0.740715 0
vt 0.752572 0.716153 0
vt 0.736878 0.717894 0
vt 0.280561 0.242333 0
vt 0.27178 0.261413 0
vt 0.310467 0.269373 0
vt 0.31813 0.249498 0
vt 0.280561 0.242333 0
vt 0.31813 0.249498 0
vt 0.322179 0.236075 0
vt 0.28689 0.229759 0
vt 0.280561 0.242333 0
vt 0.28689 0.229759 0
vt 0.257179 0.223498 0
vt 0.24883 0.23494 0
vt 0.280561 0.242333 0
vt 0.24883 0.23494 0
vt 0.238062 0.252781 0
vt 0.27178 0.261413 0
vt 0.534364 0.221002 0
vt 0.539444 0.243257 0
vt 0.569136 0.251244 0
vt 0.561098 0.230294 0
vt 0.534364 0.221002 0
vt 0.561098 0.230294 0
vt 0.555611 0.212559 0
vt 0.530854 0.203912 0
vt 0.534364 0.221002 0
vt 0.530854 0.203912 0
vt 0.510919 0.192816 0
vt 0.510526 0.208636 0
vt 0.534364 0.221002 0
vt 0.510526 0.208636 0
vt 0.509744 0.232301 0
vt 0.539444 0.243257 0
vt 0.228776 0.22709 0
vt 0.214286 0.242806 0
vt 0.238062 0.252781 0
vt 0.24883 0.23494 0
vt 0.228776 0.22709 0
vt 0.24883 0.23494 0
vt 0.257179 0.223498 0
vt 0.23862 0.217347 0
vt 0.228776 0.22709 0
vt 0.23862 0.217347 0
vt 0.224583 0.208721 0
vt 0.214224 0.216717 0
vt 0.228776 0.22709 0
vt 0.214224 0.216717 0
vt 0.193153 0.22764 0
vt 0.214286 0.242806 0
vt 0.650868 0.823147 0
vt 0.65134 0.810463 0
vt 0.634892 0.822793 0
vt 0.632402 0.839092 0
vt 0.650868 0.823147 0
vt 0.632402 0.839092 0
vt 0.631655 0.850442 0
vt 0.653037 0.831885 0
vt 0.650868 0.823147 0
vt 0.653037 0.831885 0
vt 0.672029 0.814831 0
vt 0.667329 0.807383 0
vt 0.650868 0.823147 0
vt 0.667329 0.807383 0
vt 0.663383 0.801619 0
vt 0.65134 0.810463 0
vt 0.175821 0.157266 0
vt 0.193227 0.171231 0
vt 0.192342 0.162525 0
vt 0.175489 0.150937 0
vt 0.175821 0.157266 0
vt 0.175489 0.150937 0
vt 0.158592 0.139983 0
vt 0.158392 0.143617 0
vt 0.175821 0.157266 0
vt 0.158392 0.143617 0
vt 0.154065 0.140313 0
vt 0.174002 0.162922 0
vt 0.175821 0.157266 0
vt 0.174002 0.162922 0
vt 0.191224 0.1789 0
vt 0.193227 0.171231 0
vt 0.67978 0.791977 0
vt 0.690227 0.77675 0
vt 0.680124 0.768158 0
vt 0.670878 0.78705 0
vt 0.67978 0.791977 0
vt 0.670878 0.78705 0
vt 0.663383 0.801619 0
vt 0.667329 0.807383 0
vt 0.67978 0.791977 0
vt 0.667329 0.807383 0
vt 0.672029 0.814831 0
vt 0.686241 0.800784 0
vt 0.67978 0.791977 0
vt 0.686241 0.800784 0
vt 0.698062 0.788239 0
vt 0.690227 0.77675 0
vt 0.098772 0.899149 0
vt 0.094942 0.916892 0
vt 0.114799 0.915446 0
vt 0.114799 0.899873 0
vt 0.098772 0.899149 0
vt 0.114799 0.899873 0
vt 0.114414 0.882792 0
vt 0.102404 0.882482 0
vt 0.098772 0.899149 0
vt 0.102404 0.882482 0
vt 0.091154 0.878812 0
vt 0.082745 0.898425 0
vt 0.098772 0.899149 0
vt 0.082745 0.898425 0
vt 0.075084 0.918338 0
vt 0.094942 0.916892 0
vt 0.256343 0.122985 0
vt 0.246121 0.133256 0
vt 0.260107 0.138756 0
vt 0.269097 0.128653 0
vt 0.256343 0.122985 0
vt 0.269097 0.128653 0
vt 0.279496 0.118022 0
vt 0.267639 0.112007 0
vt 0.256343 0.122985 0
vt 0.267639 0.112007 0
vt 0.256982 0.10664 0
vt 0.247256 0.119135 0
vt 0.256343 0.122985 0
vt 0.247256 0.119135 0
vt 0.236947 0.128554 0
vt 0.246121 0.133256 0
vt 0.317933 0.031523 0
vt 0.31234 0.046521 0
vt 0.323637 0.05112 0
vt 0.329307 0.036931 0
vt 0.317933 0.031523 0
vt 0.329307 0.036931 0
vt 0.333995 0.025876 0
vt 0.322453 0.019369 0
vt 0.317933 0.031523 0
vt 0.322453 0.019369 0
vt 0.31262 0.013116 0
vt 0.308459 0.026817 0
vt 0.317933 0.031523 0
vt 0.308459 0.026817 0
vt 0.303026 0.042919 0
vt 0.31234 0.046521 0
vt 0.83008 0.057153 0
vt 0.854061 0.059619 0
vt 0.852387 0.044626 0
vt 0.829669 0.045528 0
vt 0.83008 0.057153 0
vt 0.829669 0.045528 0
vt 0.806982 0.043559 0
vt 0.806735 0.050317 0
vt 0.83008 0.057153 0
vt 0.806735 0.050317 0
vt 0.803367 0.055427 0
vt 0.823118 0.066325 0
vt 0.83008 0.057153 0
vt 0.823118 0.066325 0
vt 0.848532 0.078171 0
vt 0.854061 0.059619 0
vt 0.080504 0.29132 0
vt 0.065608 0.279349 0
vt 0.052865 0.311754 0
vt 0.067425 0.324373 0
vt 0.080504 0.29132 0
vt 0.067425 0.324373 0
vt 0.083599 0.336609 0
vt 0.096207 0.3031 0
vt 0.080504 0.29132 0
vt 0.096207 0.3031 0
vt 0.10859 0.260239 0
vt 0.093583 0.258268 0
vt 0.080504 0.29132 0
vt 0.093583 0.258268 0
vt 0.078351 0.246944 0
vt 0.065608 0.279349 0
vt 0.025024 0.742506 0
vt 0.006296 0.73769 0
vt 0.011141 0.783031 0
vt 0.025462 0.787212 0
vt 0.025024 0.742506 0
vt 0.025462 0.787212 0
vt 0.039782 0.791393 0
vt 0.043751 0.747322 0
vt 0.025024 0.742506 0
vt 0.043751 0.747322 0
vt 0.046237 0.700701 0
vt 0.024206 0.695291 0
vt 0.025024 0.742506 0
vt 0.024206 0.695291 0
vt 0.002481 0.689745 0
vt 0.006296 0.73769 0
vt 0.022631 0.643056 0
vt 0.000725 0.636592 0
vt 0.002481 0.689745 0
vt 0.024206 0.695291 0
vt 0.022631 0.643056 0
vt 0.024206 0.695291 0
vt 0.046237 0.700701 0
vt 0.045755 0.648979 0
vt 0.022631 0.643056 0
vt 0.045755 0.648979 0
vt 0.037908 0.569996 0
vt 0.020676 0.588313 0
vt 0.022631 0.643056 0
vt 0.020676 0.588313 0
vt 0 0.580835 0
vt 0.000725 0.636592 0
vt 0.666098 0.380095 0
vt 0.692457 0.380728 0
vt 0.664703 0.256628 0
vt 0.649646 0.27646 0
vt 0.666098 0.380095 0
vt 0.649646 0.27646 0
vt 0.630348 0.281758 0
vt 0.646325 0.381475 0
vt 0.666098 0.380095 0
vt 0.646325 0.381475 0
vt 0.662301 0.481191 0
vt 0.682551 0.483729 0
vt 0.666098 0.380095 0
vt 0.682551 0.483729 0
vt 0.698751 0.494691 0
vt 0.692457 0.380728 0
vt 0.357326 0.852091 0
vt 0.359083 0.842341 0
vt 0.351792 0.841675 0
vt 0.348919 0.849834 0
vt 0.357326 0.852091 0
vt 0.348919 0.849834 0
vt 0.346165 0.858817 0
vt 0.355708 0.862177 0
vt 0.357326 0.852091 0
vt 0.355708 0.862177 0
vt 0.360483 0.863853 0
vt 0.36153 0.85322 0
vt 0.357326 0.852091 0
vt 0.36153 0.85322 0
vt 0.362729 0.842673 0
vt 0.359083 0.842341 0
vt 0.867715 0.022682 0
vt 0.858608 0.007412 0
vt 0.834217 0.011864 0
vt 0.845752 0.029726 0
vt 0.867715 0.022682 0
vt 0.845752 0.029726 0
vt 0.852387 0.044626 0
vt 0.875169 0.037983 0
vt 0.867715 0.022682 0
vt 0.875169 0.037983 0
vt 0.897982 0.028471 0
vt 0.89076 0.014235 0
vt 0.867715 0.022682 0
vt 0.89076 0.014235 0
vt 0.883539 0 0
vt 0.858608 0.007412 0
vt 0.146166 0.251162 0
vt 0.126945 0.281873 0
vt 0.148356 0.293266 0
vt 0.169857 0.260161 0
vt 0.146166 0.251162 0
vt 0.169857 0.260161 0
vt 0.193153 0.22764 0
vt 0.160617 0.223472 0
vt 0.146166 0.251162 0
vt 0.160617 0.223472 0
vt 0.132912 0.217732 0
vt 0.123149 0.243503 0
vt 0.146166 0.251162 0
vt 0.123149 0.243503 0
vt 0.10859 0.260239 0
vt 0.126945 0.281873 0
vt 0.281161 0.101305 0
vt 0.267639 0.112007 0
vt 0.279496 0.118022 0
vt 0.292734 0.106757 0
vt 0.281161 0.101305 0
vt 0.292734 0.106757 0
vt 0.305881 0.092172 0
vt 0.294339 0.087498 0
vt 0.281161 0.101305 0
vt 0.294339 0.087498 0
vt 0.284629 0.083579 0
vt 0.271878 0.096236 0
vt 0.281161 0.101305 0
vt 0.271878 0.096236 0
vt 0.256982 0.10664 0
vt 0.267639 0.112007 0
vt 0.206209 0.861694 0
vt 0.20902 0.863228 0
vt 0.20902 0.841086 0
vt 0.205584 0.843606 0
vt 0.206209 0.861694 0
vt 0.205584 0.843606 0
vt 0.202148 0.846125 0
vt 0.203399 0.86016 0
vt 0.206209 0.861694 0
vt 0.203399 0.86016 0
vt 0.20465 0.874195 0
vt 0.206835 0.879782 0
vt 0.206209 0.861694 0
vt 0.206835 0.879782 0
vt 0.20902 0.88537 0
vt 0.20902 0.863228 0
vt 0.131791 0.872335 0
vt 0.146723 0.86455 0
vt 0.146723 0.841086 0
vt 0.13282 0.853408 0
vt 0.131791 0.872335 0
vt 0.13282 0.853408 0
vt 0.118917 0.865729 0
vt 0.116858 0.880119 0
vt 0.131791 0.872335 0
vt 0.116858 0.880119 0
vt 0.114799 0.894509 0
vt 0.130761 0.891262 0
vt 0.131791 0.872335 0
vt 0.130761 0.891262 0
vt 0.146723 0.888014 0
vt 0.146723 0.86455 0
vt 0.137776 0.129275 0
vt 0.13407 0.13542 0
vt 0.146651 0.152919 0
vt 0.152578 0.149113 0
vt 0.137776 0.129275 0
vt 0.152578 0.149113 0
vt 0.154065 0.140313 0
vt 0.141483 0.12313 0
vt 0.137776 0.129275 0
vt 0.141483 0.12313 0
vt 0.124773 0.099009 0
vt 0.123227 0.108578 0
vt 0.137776 0.129275 0
vt 0.123227 0.108578 0
vt 0.121681 0.118146 0
vt 0.13407 0.13542 0
vt 0.588429 0.168417 0
vt 0.58511 0.182921 0
vt 0.607394 0.184503 0
vt 0.609212 0.169721 0
vt 0.588429 0.168417 0
vt 0.609212 0.169721 0
vt 0.61178 0.156778 0
vt 0.59332 0.155986 0
vt 0.588429 0.168417 0
vt 0.59332 0.155986 0
vt 0.556401 0.1544 0
vt 0.546864 0.165811 0
vt 0.588429 0.168417 0
vt 0.546864 0.165811 0
vt 0.535655 0.173029 0
vt 0.58511 0.182921 0
vt 0.186291 0.136607 0
vt 0.174959 0.141822 0
vt 0.187833 0.159753 0
vt 0.199791 0.147949 0
vt 0.186291 0.136607 0
vt 0.199791 0.147949 0
vt 0.211766 0.139569 0
vt 0.196926 0.130376 0
vt 0.186291 0.136607 0
vt 0.196926 0.130376 0
vt 0.188155 0.117257 0
vt 0.175645 0.123825 0
vt 0.186291 0.136607 0
vt 0.175645 0.123825 0
vt 0.159707 0.12694 0
vt 0.174959 0.141822 0
vt 0.168263 0.106846 0
vt 0.157094 0.113791 0
vt 0.159707 0.12694 0
vt 0.175645 0.123825 0
vt 0.168263 0.106846 0
vt 0.175645 0.123825 0
vt 0.188155 0.117257 0
vt 0.18017 0.100537 0
vt 0.168263 0.106846 0
vt 0.18017 0.100537 0
vt 0.177418 0.091486 0
vt 0.165387 0.097308 0
vt 0.168263 0.106846 0
vt 0.165387 0.097308 0
vt 0.154037 0.103893 0
vt 0.157094 0.113791 0
vt 0.305974 0.188993 0
vt 0.299573 0.20385 0
vt 0.333237 0.213702 0
vt 0.331244 0.193382 0
vt 0.305974 0.188993 0
vt 0.331244 0.193382 0
vt 0.33522 0.179301 0
vt 0.311862 0.174972 0
vt 0.305974 0.188993 0
vt 0.311862 0.174972 0
vt 0.286489 0.170392 0
vt 0.278941 0.184371 0
vt 0.305974 0.188993 0
vt 0.278941 0.184371 0
vt 0.271407 0.1989 0
vt 0.299573 0.20385 0
vt 0.349782 0.197789 0
vt 0.346165 0.213703 0
vt 0.362052 0.218178 0
vt 0.364953 0.202204 0
vt 0.349782 0.197789 0
vt 0.364953 0.202204 0
vt 0.367196 0.187734 0
vt 0.352681 0.18354 0
vt 0.349782 0.197789 0
vt 0.352681 0.18354 0
vt 0.33522 0.179301 0
vt 0.331244 0.193382 0
vt 0.349782 0.197789 0
vt 0.331244 0.193382 0
vt 0.333237 0.213702 0
vt 0.346165 0.213703 0
vt 0.255116 0.179265 0
vt 0.248459 0.193589 0
vt 0.271407 0.1989 0
vt 0.278941 0.184371 0
vt 0.255116 0.179265 0
vt 0.278941 0.184371 0
vt 0.286489 0.170392 0
vt 0.26298 0.165395 0
vt 0.255116 0.179265 0
vt 0.26298 0.165395 0
vt 0.242354 0.159044 0
vt 0.234159 0.171927 0
vt 0.255116 0.179265 0
vt 0.234159 0.171927 0
vt 0.216684 0.181183 0
vt 0.248459 0.193589 0
vt 0.215732 0.160605 0
vt 0.205977 0.171626 0
vt 0.216684 0.181183 0
vt 0.234159 0.171927 0
vt 0.215732 0.160605 0
vt 0.234159 0.171927 0
vt 0.242354 0.159044 0
vt 0.225632 0.150404 0
vt 0.215732 0.160605 0
vt 0.225632 0.150404 0
vt 0.211766 0.139569 0
vt 0.199791 0.147949 0
vt 0.215732 0.160605 0
vt 0.199791 0.147949 0
vt 0.187833 0.159753 0
vt 0.205977 0.171626 0
vt 0.916174 0.855133 0
vt 0.919422 0.838137 0
vt 0.903063 0.854427 0
vt 0.896546 0.864459 0
vt 0.916174 0.855133 0
vt 0.896546 0.864459 0
vt 0.893995 0.877323 0
vt 0.914906 0.87349 0
vt 0.916174 0.855133 0
vt 0.914906 0.87349 0
vt 0.935818 0.869658 0
vt 0.935802 0.845806 0
vt 0.916174 0.855133 0
vt 0.935802 0.845806 0
vt 0.935781 0.821847 0
vt 0.919422 0.838137 0
vt 0.67388 0.740832 0
vt 0.682872 0.711537 0
vt 0.665169 0.701432 0
vt 0.656297 0.734311 0
vt 0.67388 0.740832 0
vt 0.656297 0.734311 0
vt 0.648581 0.765454 0
vt 0.665486 0.765358 0
vt 0.67388 0.740832 0
vt 0.665486 0.765358 0
vt 0.680124 0.768158 0
vt 0.68937 0.749265 0
vt 0.67388 0.740832 0
vt 0.68937 0.749265 0
vt 0.704389 0.724865 0
vt 0.682872 0.711537 0
vt 0.199001 0.201752 0
vt 0.214224 0.216717 0
vt 0.224583 0.208721 0
vt 0.208434 0.195036 0
vt 0.199001 0.201752 0
vt 0.208434 0.195036 0
vt 0.191224 0.1789 0
vt 0.183443 0.184493 0
vt 0.199001 0.201752 0
vt 0.183443 0.184493 0
vt 0.164085 0.181845 0
vt 0.182648 0.204028 0
vt 0.199001 0.201752 0
vt 0.182648 0.204028 0
vt 0.193153 0.22764 0
vt 0.214224 0.216717 0
vt 0.934543 0.777714 0
vt 0.931462 0.794192 0
vt 0.946036 0.802998 0
vt 0.946036 0.784255 0
vt 0.934543 0.777714 0
vt 0.946036 0.784255 0
vt 0.946036 0.765512 0
vt 0.937267 0.76096 0
vt 0.934543 0.777714 0
vt 0.937267 0.76096 0
vt 0.928497 0.756408 0
vt 0.92305 0.771174 0
vt 0.934543 0.777714 0
vt 0.92305 0.771174 0
vt 0.916889 0.785386 0
vt 0.931462 0.794192 0
vt 0.21059 0.185829 0
vt 0.22763 0.198387 0
vt 0.216684 0.181183 0
vt 0.209107 0.175378 0
vt 0.21059 0.185829 0
vt 0.209107 0.175378 0
vt 0.192342 0.162525 0
vt 0.193227 0.171231 0
vt 0.21059 0.185829 0
vt 0.193227 0.171231 0
vt 0.191224 0.1789 0
vt 0.208434 0.195036 0
vt 0.21059 0.185829 0
vt 0.208434 0.195036 0
vt 0.224583 0.208721 0
vt 0.22763 0.198387 0
vt 0.700673 0.761524 0
vt 0.715489 0.749173 0
vt 0.704389 0.724865 0
vt 0.68937 0.749265 0
vt 0.700673 0.761524 0
vt 0.68937 0.749265 0
vt 0.680124 0.768158 0
vt 0.690227 0.77675 0
vt 0.700673 0.761524 0
vt 0.690227 0.77675 0
vt 0.698062 0.788239 0
vt 0.709884 0.775695 0
vt 0.700673 0.761524 0
vt 0.709884 0.775695 0
vt 0.716157 0.768609 0
vt 0.715489 0.749173 0
vt 0.164211 0.142708 0
vt 0.174959 0.141822 0
vt 0.159707 0.12694 0
vt 0.155321 0.126801 0
vt 0.164211 0.142708 0
vt 0.155321 0.126801 0
vt 0.147435 0.120016 0
vt 0.153756 0.141429 0
vt 0.164211 0.142708 0
vt 0.153756 0.141429 0
vt 0.160077 0.162842 0
vt 0.173102 0.158614 0
vt 0.164211 0.142708 0
vt 0.173102 0.158614 0
vt 0.187833 0.159753 0
vt 0.174959 0.141822 0
vt 0.159731 0.199911 0
vt 0.160617 0.223472 0
vt 0.193153 0.22764 0
vt 0.182648 0.204028 0
vt 0.159731 0.199911 0
vt 0.182648 0.204028 0
vt 0.164085 0.181845 0
vt 0.151178 0.178414 0
vt 0.159731 0.199911 0
vt 0.151178 0.178414 0
vt 0.129582 0.16778 0
vt 0.133533 0.192597 0
vt 0.159731 0.199911 0
vt 0.133533 0.192597 0
vt 0.132912 0.217732 0
vt 0.160617 0.223472 0
vt 0.925685 0.928253 0
vt 0.921957 0.914215 0
vt 0.909358 0.916056 0
vt 0.920615 0.933965 0
vt 0.925685 0.928253 0
vt 0.920615 0.933965 0
vt 0.932511 0.950725 0
vt 0.934167 0.933777 0
vt 0.925685 0.928253 0
vt 0.934167 0.933777 0
vt 0.935409 0.915183 0
vt 0.921957 0.914215 0
vt 0.105642 0.867966 0
vt 0.102404 0.882482 0
vt 0.114414 0.882792 0
vt 0.11326 0.862693 0
vt 0.105642 0.867966 0
vt 0.11326 0.862693 0
vt 0.111721 0.841086 0
vt 0.101063 0.859799 0
vt 0.105642 0.867966 0
vt 0.101063 0.859799 0
vt 0.091154 0.878812 0
vt 0.102404 0.882482 0
vt 0.889222 0.770495 0
vt 0.901948 0.797865 0
vt 0.906928 0.792733 0
vt 0.893134 0.766041 0
vt 0.889222 0.770495 0
vt 0.893134 0.766041 0
vt 0.87748 0.732603 0
vt 0.876496 0.743125 0
vt 0.889222 0.770495 0
vt 0.876496 0.743125 0
vt 0.874528 0.747719 0
vt 0.885748 0.775359 0
vt 0.889222 0.770495 0
vt 0.885748 0.775359 0
vt 0.896968 0.802998 0
vt 0.901948 0.797865 0
vt 0.327413 0.872567 0
vt 0.324883 0.8444 0
vt 0.319068 0.846057 0
vt 0.322864 0.873099 0
vt 0.327413 0.872567 0
vt 0.322864 0.873099 0
vt 0.32666 0.900142 0
vt 0.329944 0.900734 0
vt 0.327413 0.872567 0
vt 0.329944 0.900734 0
vt 0.336512 0.901918 0
vt 0.336512 0.871502 0
vt 0.327413 0.872567 0
vt 0.336512 0.871502 0
vt 0.336512 0.841086 0
vt 0.324883 0.8444 0
vt 0.804719 0.070528 0
vt 0.813799 0.084889 0
vt 0.848532 0.078171 0
vt 0.823118 0.066325 0
vt 0.804719 0.070528 0
vt 0.823118 0.066325 0
vt 0.803367 0.055427 0
vt 0.793759 0.057241 0
vt 0.804719 0.070528 0
vt 0.793759 0.057241 0
vt 0.787395 0.057323 0
vt 0.792661 0.071387 0
vt 0.804719 0.070528 0
vt 0.792661 0.071387 0
vt 0.796967 0.08599 0
vt 0.813799 0.084889 0
vt 0.82595 0.033965 0
vt 0.845752 0.029726 0
vt 0.834217 0.011864 0
vt 0.817594 0.02456 0
vt 0.82595 0.033965 0
vt 0.817594 0.02456 0
vt 0.804455 0.031328 0
vt 0.80723 0.036802 0
vt 0.82595 0.033965 0
vt 0.80723 0.036802 0
vt 0.806982 0.043559 0
vt 0.829669 0.045528 0
vt 0.82595 0.033965 0
vt 0.829669 0.045528 0
vt 0.852387 0.044626 0
vt 0.845752 0.029726 0
vt 0.162241 0.868737 0
vt 0.159403 0.841571 0
vt 0.146723 0.841086 0
vt 0.152401 0.868594 0
vt 0.162241 0.868737 0
vt 0.152401 0.868594 0
vt 0.158078 0.896102 0
vt 0.16508 0.895902 0
vt 0.162241 0.868737 0
vt 0.16508 0.895902 0
vt 0.168581 0.895803 0
vt 0.167162 0.868808 0
vt 0.162241 0.868737 0
vt 0.167162 0.868808 0
vt 0.165742 0.841813 0
vt 0.159403 0.841571 0
vt 0.897921 0.762404 0
vt 0.911909 0.7876 0
vt 0.916888 0.782467 0
vt 0.903146 0.759175 0
vt 0.897921 0.762404 0
vt 0.903146 0.759175 0
vt 0.894179 0.74198 0
vt 0.887006 0.736715 0
vt 0.897921 0.762404 0
vt 0.887006 0.736715 0
vt 0.87748 0.732603 0
vt 0.893134 0.766041 0
vt 0.897921 0.762404 0
vt 0.893134 0.766041 0
vt 0.906928 0.792733 0
vt 0.911909 0.7876 0
vt 0.882236 0.710042 0
vt 0.887006 0.736715 0
vt 0.894179 0.74198 0
vt 0.887553 0.710092 0
vt 0.882236 0.710042 0
vt 0.887553 0.710092 0
vt 0.889032 0.685018 0
vt 0.88416 0.684236 0
vt 0.882236 0.710042 0
vt 0.88416 0.684236 0
vt 0.878722 0.683309 0
vt 0.876494 0.710222 0
vt 0.882236 0.710042 0
vt 0.876494 0.710222 0
vt 0.87748 0.732603 0
vt 0.887006 0.736715 0
vt 0.941807 0.855955 0
vt 0.939686 0.828642 0
vt 0.935823 0.833505 0
vt 0.93795 0.858623 0
vt 0.941807 0.855955 0
vt 0.93795 0.858623 0
vt 0.939378 0.88416 0
vt 0.942946 0.883266 0
vt 0.941807 0.855955 0
vt 0.942946 0.883266 0
vt 0.946849 0.882611 0
vt 0.946172 0.853849 0
vt 0.941807 0.855955 0
vt 0.946172 0.853849 0
vt 0.944319 0.824753 0
vt 0.939686 0.828642 0
vt 0.951551 0.852868 0
vt 0.950493 0.822813 0
vt 0.944319 0.824753 0
vt 0.946172 0.853849 0
vt 0.951551 0.852868 0
vt 0.946172 0.853849 0
vt 0.946849 0.882611 0
vt 0.951421 0.882432 0
vt 0.951551 0.852868 0
vt 0.951421 0.882432 0
vt 0.953874 0.882462 0
vt 0.954494 0.852658 0
vt 0.951551 0.852868 0
vt 0.954494 0.852658 0
vt 0.953965 0.82233 0
vt 0.950493 0.822813 0
vt 0.892022 0.710601 0
vt 0.894762 0.736979 0
vt 0.897442 0.737527 0
vt 0.894045 0.710971 0
vt 0.892022 0.710601 0
vt 0.894045 0.710971 0
vt 0.894357 0.685687 0
vt 0.892771 0.685512 0
vt 0.892022 0.710601 0
vt 0.892771 0.685512 0
vt 0.889032 0.685018 0
vt 0.887553 0.710092 0
vt 0.892022 0.710601 0
vt 0.887553 0.710092 0
vt 0.894179 0.74198 0
vt 0.894762 0.736979 0
vt 0.948913 0.911016 0
vt 0.951421 0.882432 0
vt 0.946849 0.882611 0
vt 0.945174 0.910702 0
vt 0.948913 0.911016 0
vt 0.945174 0.910702 0
vt 0.942324 0.93846 0
vt 0.945216 0.93911 0
vt 0.948913 0.911016 0
vt 0.945216 0.93911 0
vt 0.946883 0.939452 0
vt 0.950953 0.911219 0
vt 0.948913 0.911016 0
vt 0.950953 0.911219 0
vt 0.953874 0.882462 0
vt 0.951421 0.882432 0
vt 0.94212 0.910572 0
vt 0.942946 0.883266 0
vt 0.939378 0.88416 0
vt 0.939409 0.910534 0
vt 0.94212 0.910572 0
vt 0.939409 0.910534 0
vt 0.938741 0.937325 0
vt 0.940312 0.937876 0
vt 0.94212 0.910572 0
vt 0.940312 0.937876 0
vt 0.942324 0.93846 0
vt 0.945174 0.910702 0
vt 0.94212 0.910572 0
vt 0.945174 0.910702 0
vt 0.946849 0.882611 0
vt 0.942946 0.883266 0
vt 0.900496 0.662999 0
vt 0.892771 0.685512 0
vt 0.894357 0.685687 0
vt 0.902087 0.662947 0
vt 0.900496 0.662999 0
vt 0.902087 0.662947 0
vt 0.910689 0.645259 0
vt 0.908759 0.645777 0
vt 0.900496 0.662999 0
vt 0.908759 0.645777 0
vt 0.903917 0.649922 0
vt 0.897115 0.662589 0
vt 0.900496 0.662999 0
vt 0.897115 0.662589 0
vt 0.889032 0.685018 0
vt 0.892771 0.685512 0
vt 0.893332 0.661147 0
vt 0.88416 0.684236 0
vt 0.889032 0.685018 0
vt 0.897115 0.662589 0
vt 0.893332 0.661147 0
vt 0.897115 0.662589 0
vt 0.903917 0.649922 0
vt 0.904176 0.644135 0
vt 0.893332 0.661147 0
vt 0.904176 0.644135 0
vt 0.902056 0.640866 0
vt 0.889347 0.659189 0
vt 0.893332 0.661147 0
vt 0.889347 0.659189 0
vt 0.878722 0.683309 0
vt 0.88416 0.684236 0
vt 0.221703 0.847099 0
vt 0.217668 0.847876 0
vt 0.218686 0.85115 0
vt 0.222213 0.851354 0
vt 0.221703 0.847099 0
vt 0.222213 0.851354 0
vt 0.225739 0.851557 0
vt 0.225739 0.846322 0
vt 0.221703 0.847099 0
vt 0.225739 0.846322 0
vt 0.225739 0.843704 0
vt 0.221449 0.844971 0
vt 0.221703 0.847099 0
vt 0.221449 0.844971 0
vt 0.217158 0.846239 0
vt 0.217668 0.847876 0
vt 0.91112 0.636558 0
vt 0.91053 0.631341 0
vt 0.902056 0.640866 0
vt 0.904176 0.644135 0
vt 0.91112 0.636558 0
vt 0.904176 0.644135 0
vt 0.903917 0.649922 0
vt 0.908759 0.645777 0
vt 0.91112 0.636558 0
vt 0.908759 0.645777 0
vt 0.910689 0.645259 0
vt 0.913617 0.635129 0
vt 0.91112 0.636558 0
vt 0.913617 0.635129 0
vt 0.913709 0.628778 0
vt 0.91053 0.631341 0
vt 0.442765 0.854882 0
vt 0.416893 0.857936 0
vt 0.414698 0.872465 0
vt 0.441622 0.869712 0
vt 0.442765 0.854882 0
vt 0.441622 0.869712 0
vt 0.455084 0.868335 0
vt 0.455702 0.853355 0
vt 0.442765 0.854882 0
vt 0.455702 0.853355 0
vt 0.456254 0.842565 0
vt 0.443686 0.844044 0
vt 0.442765 0.854882 0
vt 0.443686 0.844044 0
vt 0.41855 0.847002 0
vt 0.416893 0.857936 0
vt 0.286053 0.061107 0
vt 0.275543 0.08034 0
vt 0.284629 0.083579 0
vt 0.295047 0.063823 0
vt 0.286053 0.061107 0
vt 0.295047 0.063823 0
vt 0.303026 0.042919 0
vt 0.29424 0.039845 0
vt 0.286053 0.061107 0
vt 0.29424 0.039845 0
vt 0.285717 0.037035 0
vt 0.277339 0.058725 0
vt 0.286053 0.061107 0
vt 0.277339 0.058725 0
vt 0.269273 0.072742 0
vt 0.275543 0.08034 0
vt 0.389909 0.870273 0
vt 0.388918 0.844506 0
vt 0.370215 0.841086 0
vt 0.372434 0.867639 0
vt 0.389909 0.870273 0
vt 0.372434 0.867639 0
vt 0.374428 0.892634 0
vt 0.390846 0.894797 0
vt 0.389909 0.870273 0
vt 0.390846 0.894797 0
vt 0.399055 0.895878 0
vt 0.398646 0.87159 0
vt 0.389909 0.870273 0
vt 0.398646 0.87159 0
vt 0.398269 0.846217 0
vt 0.388918 0.844506 0
vt 0.330535 0.077261 0
vt 0.320465 0.097677 0
vt 0.341919 0.096766 0
vt 0.346628 0.083595 0
vt 0.330535 0.077261 0
vt 0.346628 0.083595 0
vt 0.354824 0.063991 0
vt 0.338371 0.057189 0
vt 0.330535 0.077261 0
vt 0.338371 0.057189 0
vt 0.323637 0.05112 0
vt 0.316005 0.07158 0
vt 0.330535 0.077261 0
vt 0.316005 0.07158 0
vt 0.305881 0.092172 0
vt 0.320465 0.097677 0
vt 0.304604 0.067208 0
vt 0.294339 0.087498 0
vt 0.305881 0.092172 0
vt 0.316005 0.07158 0
vt 0.304604 0.067208 0
vt 0.316005 0.07158 0
vt 0.323637 0.05112 0
vt 0.31234 0.046521 0
vt 0.304604 0.067208 0
vt 0.31234 0.046521 0
vt 0.303026 0.042919 0
vt 0.295047 0.063823 0
vt 0.304604 0.067208 0
vt 0.295047 0.063823 0
vt 0.284629 0.083579 0
vt 0.294339 0.087498 0
vt 0.440033 0.892527 0
vt 0.411428 0.894185 0
vt 0.407621 0.9195 0
vt 0.438221 0.919335 0
vt 0.440033 0.892527 0
vt 0.438221 0.919335 0
vt 0.453521 0.919252 0
vt 0.454336 0.891698 0
vt 0.440033 0.892527 0
vt 0.454336 0.891698 0
vt 0.455084 0.868335 0
vt 0.441622 0.869712 0
vt 0.440033 0.892527 0
vt 0.441622 0.869712 0
vt 0.414698 0.872465 0
vt 0.411428 0.894185 0
vt 0.608149 0.06649 0
vt 0.606914 0.084187 0
vt 0.618169 0.083719 0
vt 0.618889 0.066012 0
vt 0.608149 0.06649 0
vt 0.618889 0.066012 0
vt 0.619741 0.048094 0
vt 0.609563 0.048655 0
vt 0.608149 0.06649 0
vt 0.609563 0.048655 0
vt 0.593169 0.048484 0
vt 0.590785 0.066107 0
vt 0.608149 0.06649 0
vt 0.590785 0.066107 0
vt 0.582503 0.088294 0
vt 0.606914 0.084187 0
vt 0.581652 0.063048 0
vt 0.579071 0.080126 0
vt 0.582503 0.088294 0
vt 0.590785 0.066107 0
vt 0.581652 0.063048 0
vt 0.590785 0.066107 0
vt 0.593169 0.048484 0
vt 0.584696 0.045729 0
vt 0.581652 0.063048 0
vt 0.584696 0.045729 0
vt 0.580184 0.041682 0
vt 0.576634 0.05865 0
vt 0.581652 0.063048 0
vt 0.576634 0.05865 0
vt 0.573669 0.075127 0
vt 0.579071 0.080126 0
vt 0.611311 0.007553 0
vt 0.609669 0.002648 0
vt 0.593748 0.009244 0
vt 0.596545 0.013815 0
vt 0.611311 0.007553 0
vt 0.596545 0.013815 0
vt 0.600905 0.019448 0
vt 0.612104 0.015769 0
vt 0.611311 0.007553 0
vt 0.612104 0.015769 0
vt 0.620966 0.014782 0
vt 0.620415 0.006385 0
vt 0.611311 0.007553 0
vt 0.620415 0.006385 0
vt 0.619399 0.001324 0
vt 0.609669 0.002648 0
vt 0.022739 0.876418 0
vt 0.040804 0.874647 0
vt 0.040622 0.848619 0
vt 0.024411 0.853049 0
vt 0.022739 0.876418 0
vt 0.024411 0.853049 0
vt 0.008608 0.857745 0
vt 0.004304 0.878333 0
vt 0.022739 0.876418 0
vt 0.004304 0.878333 0
vt 0.002152 0.888627 0
vt 0.021903 0.888103 0
vt 0.022739 0.876418 0
vt 0.021903 0.888103 0
vt 0.040895 0.887661 0
vt 0.040804 0.874647 0
vt 0.368048 0.059119 0
vt 0.361577 0.075458 0
vt 0.366222 0.075865 0
vt 0.371715 0.058654 0
vt 0.368048 0.059119 0
vt 0.371715 0.058654 0
vt 0.375851 0.042168 0
vt 0.372644 0.043429 0
vt 0.368048 0.059119 0
vt 0.372644 0.043429 0
vt 0.369436 0.04469 0
vt 0.364381 0.059583 0
vt 0.368048 0.059119 0
vt 0.364381 0.059583 0
vt 0.356933 0.07505 0
vt 0.361577 0.075458 0
vt 0.242928 0.107608 0
vt 0.236103 0.115856 0
vt 0.23605 0.118557 0
vt 0.244469 0.112619 0
vt 0.242928 0.107608 0
vt 0.244469 0.112619 0
vt 0.256982 0.10664 0
vt 0.25139 0.099531 0
vt 0.242928 0.107608 0
vt 0.25139 0.099531 0
vt 0.241399 0.093941 0
vt 0.236706 0.104922 0
vt 0.242928 0.107608 0
vt 0.236706 0.104922 0
vt 0.234843 0.113918 0
vt 0.236103 0.115856 0
vt 0.240202 0.119106 0
vt 0.234163 0.120988 0
vt 0.230207 0.123458 0
vt 0.232416 0.125575 0
vt 0.240202 0.119106 0
vt 0.232416 0.125575 0
vt 0.236947 0.128554 0
vt 0.247256 0.119135 0
vt 0.240202 0.119106 0
vt 0.247256 0.119135 0
vt 0.256982 0.10664 0
vt 0.244469 0.112619 0
vt 0.240202 0.119106 0
vt 0.244469 0.112619 0
vt 0.23605 0.118557 0
vt 0.234163 0.120988 0
vt 0.206383 0.112812 0
vt 0.212393 0.114081 0
vt 0.218309 0.110825 0
vt 0.216016 0.108297 0
vt 0.206383 0.112812 0
vt 0.216016 0.108297 0
vt 0.212561 0.102827 0
vt 0.199508 0.108133 0
vt 0.206383 0.112812 0
vt 0.199508 0.108133 0
vt 0.188155 0.117257 0
vt 0.201687 0.118884 0
vt 0.206383 0.112812 0
vt 0.201687 0.118884 0
vt 0.2115 0.120009 0
vt 0.212393 0.114081 0
vt 0.205582 0.126438 0
vt 0.213249 0.123648 0
vt 0.2115 0.120009 0
vt 0.201687 0.118884 0
vt 0.205582 0.126438 0
vt 0.201687 0.118884 0
vt 0.188155 0.117257 0
vt 0.196926 0.130376 0
vt 0.205582 0.126438 0
vt 0.196926 0.130376 0
vt 0.211766 0.139569 0
vt 0.214133 0.13161 0
vt 0.205582 0.126438 0
vt 0.214133 0.13161 0
vt 0.217567 0.127118 0
vt 0.213249 0.123648 0
vt 0.596737 0.145946 0
vt 0.59332 0.155986 0
vt 0.61178 0.156778 0
vt 0.613503 0.146359 0
vt 0.596737 0.145946 0
vt 0.613503 0.146359 0
vt 0.614802 0.137202 0
vt 0.599416 0.137103 0
vt 0.596737 0.145946 0
vt 0.599416 0.137103 0
vt 0.568645 0.136904 0
vt 0.563206 0.14512 0
vt 0.596737 0.145946 0
vt 0.563206 0.14512 0
vt 0.556401 0.1544 0
vt 0.59332 0.155986 0
vt 0.193556 0.095499 0
vt 0.18017 0.100537 0
vt 0.188155 0.117257 0
vt 0.199508 0.108133 0
vt 0.193556 0.095499 0
vt 0.199508 0.108133 0
vt 0.212561 0.102827 0
vt 0.207679 0.091097 0
vt 0.193556 0.095499 0
vt 0.207679 0.091097 0
vt 0.204881 0.083667 0
vt 0.19081 0.087194 0
vt 0.193556 0.095499 0
vt 0.19081 0.087194 0
vt 0.177418 0.091486 0
vt 0.18017 0.100537 0
vt 0.316679 0.164147 0
vt 0.311862 0.174972 0
vt 0.33522 0.179301 0
vt 0.337791 0.168675 0
vt 0.316679 0.164147 0
vt 0.337791 0.168675 0
vt 0.339662 0.159776 0
vt 0.32096 0.154919 0
vt 0.316679 0.164147 0
vt 0.32096 0.154919 0
vt 0.300269 0.149473 0
vt 0.293511 0.159229 0
vt 0.316679 0.164147 0
vt 0.293511 0.159229 0
vt 0.286489 0.170392 0
vt 0.311862 0.174972 0
vt 0.354145 0.17262 0
vt 0.352681 0.18354 0
vt 0.367196 0.187734 0
vt 0.368119 0.176274 0
vt 0.354145 0.17262 0
vt 0.368119 0.176274 0
vt 0.368384 0.166319 0
vt 0.354891 0.163365 0
vt 0.354145 0.17262 0
vt 0.354891 0.163365 0
vt 0.339662 0.159776 0
vt 0.337791 0.168675 0
vt 0.354145 0.17262 0
vt 0.337791 0.168675 0
vt 0.33522 0.179301 0
vt 0.352681 0.18354 0
vt 0.270989 0.154112 0
vt 0.26298 0.165395 0
vt 0.286489 0.170392 0
vt 0.293511 0.159229 0
vt 0.270989 0.154112 0
vt 0.293511 0.159229 0
vt 0.300269 0.149473 0
vt 0.27907 0.144123 0
vt 0.270989 0.154112 0
vt 0.27907 0.144123 0
vt 0.260107 0.138756 0
vt 0.251098 0.148437 0
vt 0.270989 0.154112 0
vt 0.251098 0.148437 0
vt 0.242354 0.159044 0
vt 0.26298 0.165395 0
vt 0.235823 0.141842 0
vt 0.225632 0.150404 0
vt 0.242354 0.159044 0
vt 0.251098 0.148437 0
vt 0.235823 0.141842 0
vt 0.251098 0.148437 0
vt 0.260107 0.138756 0
vt 0.246121 0.133256 0
vt 0.235823 0.141842 0
vt 0.246121 0.133256 0
vt 0.236947 0.128554 0
vt 0.226235 0.135487 0
vt 0.235823 0.141842 0
vt 0.226235 0.135487 0
vt 0.211766 0.139569 0
vt 0.225632 0.150404 0
vt 0.223402 0.130533 0
vt 0.223948 0.126278 0
vt 0.217567 0.127118 0
vt 0.214133 0.13161 0
vt 0.223402 0.130533 0
vt 0.214133 0.13161 0
vt 0.211766 0.139569 0
vt 0.226235 0.135487 0
vt 0.223402 0.130533 0
vt 0.226235 0.135487 0
vt 0.236947 0.128554 0
vt 0.232416 0.125575 0
vt 0.223402 0.130533 0
vt 0.232416 0.125575 0
vt 0.230207 0.123458 0
vt 0.223948 0.126278 0
vt 0.22693 0.105409 0
vt 0.226344 0.110159 0
vt 0.234843 0.113918 0
vt 0.236706 0.104922 0
vt 0.22693 0.105409 0
vt 0.236706 0.104922 0
vt 0.241399 0.093941 0
vt 0.225934 0.097928 0
vt 0.22693 0.105409 0
vt 0.225934 0.097928 0
vt 0.212561 0.102827 0
vt 0.216016 0.108297 0
vt 0.22693 0.105409 0
vt 0.216016 0.108297 0
vt 0.218309 0.110825 0
vt 0.226344 0.110159 0
vt 0.215751 0.11648 0
vt 0.212393 0.114081 0
vt 0.2115 0.120009 0
vt 0.212829 0.120342 0
vt 0.215751 0.11648 0
vt 0.212829 0.120342 0
vt 0.215168 0.122587 0
vt 0.217655 0.119413 0
vt 0.215751 0.11648 0
vt 0.217655 0.119413 0
vt 0.220852 0.116871 0
vt 0.219708 0.113728 0
vt 0.215751 0.11648 0
vt 0.219708 0.113728 0
vt 0.218309 0.110825 0
vt 0.212393 0.114081 0
vt 0.225733 0.113196 0
vt 0.226344 0.110159 0
vt 0.218309 0.110825 0
vt 0.219708 0.113728 0
vt 0.225733 0.113196 0
vt 0.219708 0.113728 0
vt 0.220852 0.116871 0
vt 0.225469 0.115593 0
vt 0.225733 0.113196 0
vt 0.225469 0.115593 0
vt 0.230795 0.114947 0
vt 0.232793 0.113775 0
vt 0.225733 0.113196 0
vt 0.232793 0.113775 0
vt 0.234843 0.113918 0
vt 0.226344 0.110159 0
vt 0.214187 0.848061 0
vt 0.216649 0.848466 0
vt 0.216649 0.841086 0
vt 0.214187 0.842089 0
vt 0.214187 0.848061 0
vt 0.214187 0.842089 0
vt 0.211726 0.843092 0
vt 0.211726 0.847657 0
vt 0.214187 0.848061 0
vt 0.211726 0.847657 0
vt 0.211388 0.851492 0
vt 0.213745 0.853079 0
vt 0.214187 0.848061 0
vt 0.213745 0.853079 0
vt 0.216102 0.854666 0
vt 0.216649 0.848466 0
vt 0.257879 0.855435 0
vt 0.260711 0.854358 0
vt 0.260698 0.850632 0
vt 0.257868 0.85242 0
vt 0.257879 0.855435 0
vt 0.257868 0.85242 0
vt 0.255039 0.854207 0
vt 0.255046 0.856512 0
vt 0.257879 0.855435 0
vt 0.255046 0.856512 0
vt 0.255062 0.858557 0
vt 0.257899 0.85811 0
vt 0.257879 0.855435 0
vt 0.257899 0.85811 0
vt 0.260736 0.857664 0
vt 0.260711 0.854358 0
vt 0.257879 0.848727 0
vt 0.260711 0.846069 0
vt 0.260736 0.841086 0
vt 0.257899 0.844694 0
vt 0.257879 0.848727 0
vt 0.257899 0.844694 0
vt 0.255062 0.848302 0
vt 0.255046 0.851385 0
vt 0.257879 0.848727 0
vt 0.255046 0.851385 0
vt 0.255039 0.854207 0
vt 0.257868 0.85242 0
vt 0.257879 0.848727 0
vt 0.257868 0.85242 0
vt 0.260698 0.850632 0
vt 0.260711 0.846069 0
vt 0.212417 0.856187 0
vt 0.214461 0.858507 0
vt 0.216102 0.854666 0
vt 0.213745 0.853079 0
vt 0.212417 0.856187 0
vt 0.213745 0.853079 0
vt 0.211388 0.851492 0
vt 0.210373 0.853868 0
vt 0.212417 0.856187 0
vt 0.210373 0.853868 0
vt 0.20902 0.855514 0
vt 0.210647 0.858341 0
vt 0.212417 0.856187 0
vt 0.210647 0.858341 0
vt 0.212274 0.861168 0
vt 0.214461 0.858507 0
vt 0.225922 0.118417 0
vt 0.226735 0.121455 0
vt 0.229036 0.119371 0
vt 0.229692 0.11695 0
vt 0.225922 0.118417 0
vt 0.229692 0.11695 0
vt 0.230795 0.114947 0
vt 0.225469 0.115593 0
vt 0.225922 0.118417 0
vt 0.225469 0.115593 0
vt 0.220852 0.116871 0
vt 0.222382 0.120117 0
vt 0.225922 0.118417 0
vt 0.222382 0.120117 0
vt 0.224105 0.123415 0
vt 0.226735 0.121455 0
vt 0.219303 0.122285 0
vt 0.220822 0.125126 0
vt 0.224105 0.123415 0
vt 0.222382 0.120117 0
vt 0.219303 0.122285 0
vt 0.222382 0.120117 0
vt 0.220852 0.116871 0
vt 0.217655 0.119413 0
vt 0.219303 0.122285 0
vt 0.217655 0.119413 0
vt 0.215168 0.122587 0
vt 0.216453 0.124686 0
vt 0.219303 0.122285 0
vt 0.216453 0.124686 0
vt 0.21721 0.126712 0
vt 0.220822 0.125126 0
vt 0.864999 0.192599 0
vt 0.847073 0.16478 0
vt 0.838198 0.193484 0
vt 0.854064 0.215777 0
vt 0.864999 0.192599 0
vt 0.854064 0.215777 0
vt 0.864525 0.243438 0
vt 0.876479 0.227962 0
vt 0.864999 0.192599 0
vt 0.876479 0.227962 0
vt 0.89249 0.214225 0
vt 0.882096 0.171965 0
vt 0.864999 0.192599 0
vt 0.882096 0.171965 0
vt 0.863513 0.129588 0
vt 0.847073 0.16478 0
vt 0.975799 0.588773 0
vt 0.990129 0.597153 0
vt 0.980258 0.568091 0
vt 0.968135 0.563234 0
vt 0.975799 0.588773 0
vt 0.968135 0.563234 0
vt 0.956012 0.558376 0
vt 0.961469 0.580394 0
vt 0.975799 0.588773 0
vt 0.961469 0.580394 0
vt 0.966926 0.602412 0
vt 0.983463 0.614313 0
vt 0.975799 0.588773 0
vt 0.983463 0.614313 0
vt 1 0.626215 0
vt 0.990129 0.597153 0
vt 0.967799 0.48834 0
vt 0.980258 0.484207 0
vt 1 0.458448 0
vt 0.982792 0.464527 0
vt 0.967799 0.48834 0
vt 0.982792 0.464527 0
vt 0.965583 0.470605 0
vt 0.95534 0.492473 0
vt 0.967799 0.48834 0
vt 0.95534 0.492473 0
vt 0.949022 0.514378 0
vt 0.95847 0.512585 0
vt 0.967799 0.48834 0
vt 0.95847 0.512585 0
vt 0.967918 0.510792 0
vt 0.980258 0.484207 0
vt 0.200337 0.774153 0
vt 0.160443 0.76919 0
vt 0.133184 0.811412 0
vt 0.175728 0.812021 0
vt 0.200337 0.774153 0
vt 0.175728 0.812021 0
vt 0.222338 0.810542 0
vt 0.240341 0.778654 0
vt 0.200337 0.774153 0
vt 0.240341 0.778654 0
vt 0.25918 0.752748 0
vt 0.226426 0.744054 0
vt 0.200337 0.774153 0
vt 0.226426 0.744054 0
vt 0.189347 0.722755 0
vt 0.160443 0.76919 0
vt 0.847539 0.230935 0
vt 0.833874 0.213414 0
vt 0.831825 0.228955 0
vt 0.843219 0.242082 0
vt 0.847539 0.230935 0
vt 0.843219 0.242082 0
vt 0.849349 0.260177 0
vt 0.856064 0.253229 0
vt 0.847539 0.230935 0
vt 0.856064 0.253229 0
vt 0.864525 0.243438 0
vt 0.854064 0.215777 0
vt 0.847539 0.230935 0
vt 0.854064 0.215777 0
vt 0.838198 0.193484 0
vt 0.833874 0.213414 0
vt 0.255477 0.729494 0
vt 0.235237 0.707639 0
vt 0.189347 0.722755 0
vt 0.226426 0.744054 0
vt 0.255477 0.729494 0
vt 0.226426 0.744054 0
vt 0.25918 0.752748 0
vt 0.27969 0.73881 0
vt 0.255477 0.729494 0
vt 0.27969 0.73881 0
vt 0.301036 0.730855 0
vt 0.286009 0.722704 0
vt 0.255477 0.729494 0
vt 0.286009 0.722704 0
vt 0.273363 0.702112 0
vt 0.235237 0.707639 0
vt 0.96047 0.537694 0
vt 0.970386 0.539029 0
vt 0.967918 0.510792 0
vt 0.95847 0.512585 0
vt 0.96047 0.537694 0
vt 0.95847 0.512585 0
vt 0.949022 0.514378 0
vt 0.950555 0.536359 0
vt 0.96047 0.537694 0
vt 0.950555 0.536359 0
vt 0.956012 0.558376 0
vt 0.968135 0.563234 0
vt 0.96047 0.537694 0
vt 0.968135 0.563234 0
vt 0.980258 0.568091 0
vt 0.970386 0.539029 0
vt 0.907105 0.164442 0
vt 0.90018 0.124225 0
vt 0.863513 0.129588 0
vt 0.882096 0.171965 0
vt 0.907105 0.164442 0
vt 0.882096 0.171965 0
vt 0.89249 0.214225 0
vt 0.913124 0.209651 0
vt 0.907105 0.164442 0
vt 0.913124 0.209651 0
vt 0.93607 0.209658 0
vt 0.93607 0.163475 0
vt 0.907105 0.164442 0
vt 0.93607 0.163475 0
vt 0.933114 0.121294 0
vt 0.90018 0.124225 0
vt 0.306549 0.437742 0
vt 0.268433 0.435139 0
vt 0.275556 0.4846 0
vt 0.305663 0.463991 0
vt 0.306549 0.437742 0
vt 0.305663 0.463991 0
vt 0.338432 0.458232 0
vt 0.338065 0.437394 0
vt 0.306549 0.437742 0
vt 0.338065 0.437394 0
vt 0.337698 0.416556 0
vt 0.307435 0.411492 0
vt 0.306549 0.437742 0
vt 0.307435 0.411492 0
vt 0.271065 0.404579 0
vt 0.268433 0.435139 0
vt 0.617166 0.345076 0
vt 0.621776 0.344276 0
vt 0.620384 0.3084 0
vt 0.614627 0.309213 0
vt 0.617166 0.345076 0
vt 0.614627 0.309213 0
vt 0.597988 0.313263 0
vt 0.607921 0.349766 0
vt 0.617166 0.345076 0
vt 0.607921 0.349766 0
vt 0.607518 0.386034 0
vt 0.617243 0.383554 0
vt 0.617166 0.345076 0
vt 0.617243 0.383554 0
vt 0.622256 0.38282 0
vt 0.621776 0.344276 0
vt 0.743729 0.59465 0
vt 0.714945 0.594975 0
vt 0.714194 0.621625 0
vt 0.743336 0.633622 0
vt 0.743729 0.59465 0
vt 0.743336 0.633622 0
vt 0.757166 0.633218 0
vt 0.758121 0.594488 0
vt 0.743729 0.59465 0
vt 0.758121 0.594488 0
vt 0.758289 0.558308 0
vt 0.742492 0.558452 0
vt 0.743729 0.59465 0
vt 0.742492 0.558452 0
vt 0.710897 0.558739 0
vt 0.714945 0.594975 0
vt 0.152274 0.404487 0
vt 0.119377 0.39285 0
vt 0.112215 0.439686 0
vt 0.145876 0.44949 0
vt 0.152274 0.404487 0
vt 0.145876 0.44949 0
vt 0.183473 0.459166 0
vt 0.189329 0.416071 0
vt 0.152274 0.404487 0
vt 0.189329 0.416071 0
vt 0.195279 0.384487 0
vt 0.159204 0.372168 0
vt 0.152274 0.404487 0
vt 0.159204 0.372168 0
vt 0.127557 0.359644 0
vt 0.119377 0.39285 0
vt 0.228705 0.427102 0
vt 0.189329 0.416071 0
vt 0.183473 0.459166 0
vt 0.224183 0.468661 0
vt 0.228705 0.427102 0
vt 0.224183 0.468661 0
vt 0.275556 0.4846 0
vt 0.268433 0.435139 0
vt 0.228705 0.427102 0
vt 0.268433 0.435139 0
vt 0.271065 0.404579 0
vt 0.233123 0.395434 0
vt 0.228705 0.427102 0
vt 0.233123 0.395434 0
vt 0.195279 0.384487 0
vt 0.189329 0.416071 0
vt 0.598622 0.360635 0
vt 0.607921 0.349766 0
vt 0.597988 0.313263 0
vt 0.587912 0.338752 0
vt 0.598622 0.360635 0
vt 0.587912 0.338752 0
vt 0.580134 0.358274 0
vt 0.589296 0.374595 0
vt 0.598622 0.360635 0
vt 0.589296 0.374595 0
vt 0.589572 0.396042 0
vt 0.598394 0.390533 0
vt 0.598622 0.360635 0
vt 0.598394 0.390533 0
vt 0.607518 0.386034 0
vt 0.607921 0.349766 0
vt 0.444396 0.407094 0
vt 0.420308 0.416573 0
vt 0.420732 0.426956 0
vt 0.444777 0.416409 0
vt 0.444396 0.407094 0
vt 0.444777 0.416409 0
vt 0.468822 0.405862 0
vt 0.468485 0.397614 0
vt 0.444396 0.407094 0
vt 0.468485 0.397614 0
vt 0.468148 0.389367 0
vt 0.444016 0.397778 0
vt 0.444396 0.407094 0
vt 0.444016 0.397778 0
vt 0.419883 0.406189 0
vt 0.420308 0.416573 0
vt 0.826219 0.9315 0
vt 0.822295 0.950318 0
vt 0.839788 0.955132 0
vt 0.839983 0.93567 0
vt 0.826219 0.9315 0
vt 0.839983 0.93567 0
vt 0.842164 0.915806 0
vt 0.831406 0.912216 0
vt 0.826219 0.9315 0
vt 0.831406 0.912216 0
vt 0.821961 0.907883 0
vt 0.814522 0.926134 0
vt 0.826219 0.9315 0
vt 0.814522 0.926134 0
vt 0.807853 0.943693 0
vt 0.822295 0.950318 0
vt 0.357994 0.436579 0
vt 0.338065 0.437394 0
vt 0.338432 0.458232 0
vt 0.35867 0.453007 0
vt 0.357994 0.436579 0
vt 0.35867 0.453007 0
vt 0.37516 0.446653 0
vt 0.374619 0.433423 0
vt 0.357994 0.436579 0
vt 0.374619 0.433423 0
vt 0.374077 0.420194 0
vt 0.357319 0.420151 0
vt 0.357994 0.436579 0
vt 0.357319 0.420151 0
vt 0.337698 0.416556 0
vt 0.338065 0.437394 0
vt 0.274485 0.868018 0
vt 0.261324 0.868014 0
vt 0.260736 0.876991 0
vt 0.274191 0.87688 0
vt 0.274485 0.868018 0
vt 0.274191 0.87688 0
vt 0.287645 0.876769 0
vt 0.287645 0.868022 0
vt 0.274485 0.868018 0
vt 0.287645 0.868022 0
vt 0.287645 0.859275 0
vt 0.274778 0.859157 0
vt 0.274485 0.868018 0
vt 0.274778 0.859157 0
vt 0.261912 0.859038 0
vt 0.261324 0.868014 0
vt 0.857079 0.850635 0
vt 0.8481 0.871317 0
vt 0.856457 0.874069 0
vt 0.864596 0.853 0
vt 0.857079 0.850635 0
vt 0.864596 0.853 0
vt 0.872736 0.83193 0
vt 0.866058 0.829952 0
vt 0.857079 0.850635 0
vt 0.866058 0.829952 0
vt 0.860168 0.82725 0
vt 0.850424 0.847582 0
vt 0.857079 0.850635 0
vt 0.850424 0.847582 0
vt 0.84068 0.867913 0
vt 0.8481 0.871317 0
vt 0.092476 0.381659 0
vt 0.070992 0.370117 0
vt 0.04996 0.424838 0
vt 0.083311 0.429807 0
vt 0.092476 0.381659 0
vt 0.083311 0.429807 0
vt 0.112215 0.439686 0
vt 0.119377 0.39285 0
vt 0.092476 0.381659 0
vt 0.119377 0.39285 0
vt 0.127557 0.359644 0
vt 0.102999 0.348078 0
vt 0.092476 0.381659 0
vt 0.102999 0.348078 0
vt 0.083599 0.336609 0
vt 0.070992 0.370117 0
vt 0.054347 0.357425 0
vt 0.040121 0.344158 0
vt 0.027378 0.376563 0
vt 0.041268 0.390477 0
vt 0.054347 0.357425 0
vt 0.041268 0.390477 0
vt 0.04996 0.424838 0
vt 0.070992 0.370117 0
vt 0.054347 0.357425 0
vt 0.070992 0.370117 0
vt 0.083599 0.336609 0
vt 0.067425 0.324373 0
vt 0.054347 0.357425 0
vt 0.067425 0.324373 0
vt 0.052865 0.311754 0
vt 0.040121 0.344158 0
vt 0.395283 0.403149 0
vt 0.395751 0.4146 0
vt 0.374077 0.420194 0
vt 0.373535 0.406964 0
vt 0.395283 0.403149 0
vt 0.373535 0.406964 0
vt 0.372994 0.393734 0
vt 0.394815 0.391697 0
vt 0.395283 0.403149 0
vt 0.394815 0.391697 0
vt 0.419035 0.385422 0
vt 0.419459 0.395805 0
vt 0.395283 0.403149 0
vt 0.419459 0.395805 0
vt 0.419883 0.406189 0
vt 0.395751 0.4146 0
vt 0.846963 0.755283 0
vt 0.828887 0.758167 0
vt 0.822598 0.738497 0
vt 0.844139 0.735281 0
vt 0.846963 0.755283 0
vt 0.844139 0.735281 0
vt 0.86568 0.732066 0
vt 0.86504 0.752399 0
vt 0.846963 0.755283 0
vt 0.86504 0.752399 0
vt 0.865911 0.774937 0
vt 0.849484 0.777165 0
vt 0.846963 0.755283 0
vt 0.849484 0.777165 0
vt 0.833056 0.779394 0
vt 0.828887 0.758167 0
vt 0.822751 0.88449 0
vt 0.830936 0.888245 0
vt 0.821961 0.907883 0
vt 0.812515 0.90355 0
vt 0.822751 0.88449 0
vt 0.812515 0.90355 0
vt 0.803069 0.899217 0
vt 0.814565 0.880735 0
vt 0.822751 0.88449 0
vt 0.814565 0.880735 0
vt 0.82584 0.861106 0
vt 0.83326 0.86451 0
vt 0.822751 0.88449 0
vt 0.83326 0.86451 0
vt 0.84068 0.867913 0
vt 0.830936 0.888245 0
vt 0.859533 0.897047 0
vt 0.87176 0.898339 0
vt 0.870237 0.919276 0
vt 0.855545 0.917912 0
vt 0.859533 0.897047 0
vt 0.855545 0.917912 0
vt 0.842164 0.915806 0
vt 0.848317 0.895139 0
vt 0.859533 0.897047 0
vt 0.848317 0.895139 0
vt 0.856457 0.874069 0
vt 0.866685 0.875518 0
vt 0.859533 0.897047 0
vt 0.866685 0.875518 0
vt 0.87785 0.876315 0
vt 0.87176 0.898339 0
vt 0.396219 0.426052 0
vt 0.396687 0.437503 0
vt 0.37516 0.446653 0
vt 0.374619 0.433423 0
vt 0.396219 0.426052 0
vt 0.374619 0.433423 0
vt 0.374077 0.420194 0
vt 0.395751 0.4146 0
vt 0.396219 0.426052 0
vt 0.395751 0.4146 0
vt 0.419883 0.406189 0
vt 0.420308 0.416573 0
vt 0.396219 0.426052 0
vt 0.420308 0.416573 0
vt 0.420732 0.426956 0
vt 0.396687 0.437503 0
vt 0.839121 0.891999 0
vt 0.848317 0.895139 0
vt 0.842164 0.915806 0
vt 0.831406 0.912216 0
vt 0.839121 0.891999 0
vt 0.831406 0.912216 0
vt 0.821961 0.907883 0
vt 0.830936 0.888245 0
vt 0.839121 0.891999 0
vt 0.830936 0.888245 0
vt 0.84068 0.867913 0
vt 0.8481 0.871317 0
vt 0.839121 0.891999 0
vt 0.8481 0.871317 0
vt 0.856457 0.874069 0
vt 0.848317 0.895139 0
vt 0.395283 0.403149 0
vt 0.373535 0.406964 0
vt 0.374077 0.420194 0
vt 0.395751 0.4146 0
vt 0.395283 0.403149 0
vt 0.395751 0.4146 0
vt 0.419883 0.406189 0
vt 0.419459 0.395805 0
vt 0.395283 0.403149 0
vt 0.419459 0.395805 0
vt 0.419035 0.385422 0
vt 0.394815 0.391697 0
vt 0.395283 0.403149 0
vt 0.394815 0.391697 0
vt 0.372994 0.393734 0
vt 0.373535 0.406964 0
vt 0.846963 0.755283 0
vt 0.844139 0.735281 0
vt 0.822598 0.738497 0
vt 0.828887 0.758167 0
vt 0.846963 0.755283 0
vt 0.828887 0.758167 0
vt 0.833056 0.779394 0
vt 0.849484 0.777165 0
vt 0.846963 0.755283 0
vt 0.849484 0.777165 0
vt 0.865911 0.774937 0
vt 0.86504 0.752399 0
vt 0.846963 0.755283 0
vt 0.86504 0.752399 0
vt 0.86568 0.732066 0
vt 0.844139 0.735281 0
vt 0.822751 0.88449 0
vt 0.812515 0.90355 0
vt 0.821961 0.907883 0
vt 0.830936 0.888245 0
vt 0.822751 0.88449 0
vt 0.830936 0.888245 0
vt 0.84068 0.867913 0
vt 0.83326 0.86451 0
vt 0.822751 0.88449 0
vt 0.83326 0.86451 0
vt 0.82584 0.861106 0
vt 0.814565 0.880735 0
vt 0.822751 0.88449 0
vt 0.814565 0.880735 0
vt 0.803069 0.899217 0
vt 0.812515 0.90355 0
vt 0.859533 0.897047 0
vt 0.855545 0.917912 0
vt 0.870237 0.919276 0
vt 0.87176 0.898339 0
vt 0.859533 0.897047 0
vt 0.87176 0.898339 0
vt 0.87785 0.876315 0
vt 0.866685 0.875518 0
vt 0.859533 0.897047 0
vt 0.866685 0.875518 0
vt 0.856457 0.874069 0
vt 0.848317 0.895139 0
vt 0.859533 0.897047 0
vt 0.848317 0.895139 0
vt 0.842164 0.915806 0
vt 0.855545 0.917912 0
vt 0.396219 0.426052 0
vt 0.374619 0.433423 0
vt 0.37516 0.446653 0
vt 0.396687 0.437503 0
vt 0.396219 0.426052 0
vt 0.396687 0.437503 0
vt 0.420732 0.426956 0
vt 0.420308 0.416573 0
vt 0.396219 0.426052 0
vt 0.420308 0.416573 0
vt 0.419883 0.406189 0
vt 0.395751 0.4146 0
vt 0.396219 0.426052 0
vt 0.395751 0.4146 0
vt 0.374077 0.420194 0
vt 0.374619 0.433423 0
vt 0.839121 0.891999 0
vt 0.831406 0.912216 0
vt 0.842164 0.915806 0
vt 0.848317 0.895139 0
vt 0.839121 0.891999 0
vt 0.848317 0.895139 0
vt 0.856457 0.874069 0
vt 0.8481 0.871317 0
vt 0.839121 0.891999 0
vt 0.8481 0.871317 0
vt 0.84068 0.867913 0
vt 0.830936 0.888245 0
vt 0.839121 0.891999 0
vt 0.830936 0.888245 0
vt 0.821961 0.907883 0
vt 0.831406 0.912216 0
vt 0.386308 0.794988 0
vt 0.38435 0.802759 0
vt 0.353867 0.795477 0
vt 0.359684 0.793887 0
vt 0.386308 0.794988 0
vt 0.359684 0.793887 0
vt 0.362081 0.78611 0
vt 0.388134 0.787898 0
vt 0.386308 0.794988 0
vt 0.388134 0.787898 0
vt 0.414187 0.789686 0
vt 0.412932 0.796089 0
vt 0.386308 0.794988 0
vt 0.412932 0.796089 0
vt 0.411707 0.803018 0
vt 0.38435 0.802759 0
vt 0.864552 0.553187 0
vt 0.864459 0.54414 0
vt 0.889946 0.552752 0
vt 0.890563 0.563535 0
vt 0.864552 0.553187 0
vt 0.890563 0.563535 0
vt 0.891191 0.574309 0
vt 0.864687 0.562197 0
vt 0.864552 0.553187 0
vt 0.864687 0.562197 0
vt 0.836114 0.5461 0
vt 0.836586 0.53872 0
vt 0.864552 0.553187 0
vt 0.836586 0.53872 0
vt 0.837141 0.531265 0
vt 0.864459 0.54414 0
vt 0.883013 0.36697 0
vt 0.875899 0.365993 0
vt 0.867899 0.338368 0
vt 0.876225 0.339438 0
vt 0.883013 0.36697 0
vt 0.876225 0.339438 0
vt 0.885206 0.340126 0
vt 0.890862 0.367575 0
vt 0.883013 0.36697 0
vt 0.890862 0.367575 0
vt 0.898829 0.39773 0
vt 0.891894 0.39719 0
vt 0.883013 0.36697 0
vt 0.891894 0.39719 0
vt 0.88584 0.396266 0
vt 0.875899 0.365993 0
vt 0.900182 0.367435 0
vt 0.890862 0.367575 0
vt 0.885206 0.340126 0
vt 0.895498 0.340051 0
vt 0.900182 0.367435 0
vt 0.895498 0.340051 0
vt 0.906444 0.339594 0
vt 0.910236 0.366923 0
vt 0.900182 0.367435 0
vt 0.910236 0.366923 0
vt 0.917107 0.396886 0
vt 0.907527 0.3975 0
vt 0.900182 0.367435 0
vt 0.907527 0.3975 0
vt 0.898829 0.39773 0
vt 0.890862 0.367575 0
vt 0.382131 0.811892 0
vt 0.379795 0.821107 0
vt 0.353327 0.820519 0
vt 0.356648 0.809422 0
vt 0.382131 0.811892 0
vt 0.356648 0.809422 0
vt 0.353867 0.795477 0
vt 0.38435 0.802759 0
vt 0.382131 0.811892 0
vt 0.38435 0.802759 0
vt 0.411707 0.803018 0
vt 0.410546 0.810997 0
vt 0.382131 0.811892 0
vt 0.410546 0.810997 0
vt 0.409322 0.818937 0
vt 0.379795 0.821107 0
vt 0.86448 0.513449 0
vt 0.864477 0.501037 0
vt 0.888626 0.502766 0
vt 0.888695 0.516953 0
vt 0.86448 0.513449 0
vt 0.888695 0.516953 0
vt 0.888894 0.530295 0
vt 0.864475 0.525047 0
vt 0.86448 0.513449 0
vt 0.864475 0.525047 0
vt 0.838534 0.515233 0
vt 0.838925 0.5053 0
vt 0.86448 0.513449 0
vt 0.838925 0.5053 0
vt 0.839178 0.494616 0
vt 0.864477 0.501037 0
vt 0.86445 0.535019 0
vt 0.864475 0.525047 0
vt 0.888894 0.530295 0
vt 0.88935 0.54195 0
vt 0.86445 0.535019 0
vt 0.88935 0.54195 0
vt 0.889946 0.552752 0
vt 0.864459 0.54414 0
vt 0.86445 0.535019 0
vt 0.864459 0.54414 0
vt 0.837141 0.531265 0
vt 0.837865 0.523662 0
vt 0.86445 0.535019 0
vt 0.837865 0.523662 0
vt 0.838534 0.515233 0
vt 0.864475 0.525047 0
vt 0.377488 0.829123 0
vt 0.375197 0.836539 0
vt 0.347168 0.838706 0
vt 0.350199 0.830013 0
vt 0.377488 0.829123 0
vt 0.350199 0.830013 0
vt 0.353327 0.820519 0
vt 0.379795 0.821107 0
vt 0.377488 0.829123 0
vt 0.379795 0.821107 0
vt 0.409322 0.818937 0
vt 0.40791 0.825747 0
vt 0.377488 0.829123 0
vt 0.40791 0.825747 0
vt 0.406405 0.831992 0
vt 0.375197 0.836539 0
vt 0.386308 0.794988 0
vt 0.359684 0.793887 0
vt 0.353867 0.795477 0
vt 0.38435 0.802759 0
vt 0.386308 0.794988 0
vt 0.38435 0.802759 0
vt 0.411707 0.803018 0
vt 0.412932 0.796089 0
vt 0.386308 0.794988 0
vt 0.412932 0.796089 0
vt 0.414187 0.789686 0
vt 0.388134 0.787898 0
vt 0.386308 0.794988 0
vt 0.388134 0.787898 0
vt 0.362081 0.78611 0
vt 0.359684 0.793887 0
vt 0.864552 0.553187 0
vt 0.890563 0.563535 0
vt 0.889946 0.552752 0
vt 0.864459 0.54414 0
vt 0.864552 0.553187 0
vt 0.864459 0.54414 0
vt 0.837141 0.531265 0
vt 0.836586 0.53872 0
vt 0.864552 0.553187 0
vt 0.836586 0.53872 0
vt 0.836114 0.5461 0
vt 0.864687 0.562197 0
vt 0.864552 0.553187 0
vt 0.864687 0.562197 0
vt 0.891191 0.574309 0
vt 0.890563 0.563535 0
vt 0.883013 0.36697 0
vt 0.876225 0.339438 0
vt 0.867899 0.338368 0
vt 0.875899 0.365993 0
vt 0.883013 0.36697 0
vt 0.875899 0.365993 0
vt 0.88584 0.396266 0
vt 0.891894 0.39719 0
vt 0.883013 0.36697 0
vt 0.891894 0.39719 0
vt 0.898829 0.39773 0
vt 0.890862 0.367575 0
vt 0.883013 0.36697 0
vt 0.890862 0.367575 0
vt 0.885206 0.340126 0
vt 0.876225 0.339438 0
vt 0.900182 0.367435 0
vt 0.895498 0.340051 0
vt 0.885206 0.340126 0
vt 0.890862 0.367575 0
vt 0.900182 0.367435 0
vt 0.890862 0.367575 0
vt 0.898829 0.39773 0
vt 0.907527 0.3975 0
vt 0.900182 0.367435 0
vt 0.907527 0.3975 0
vt 0.917107 0.396886 0
vt 0.910236 0.366923 0
vt 0.900182 0.367435 0
vt 0.910236 0.366923 0
vt 0.906444 0.339594 0
vt 0.895498 0.340051 0
vt 0.382131 0.811892 0
vt 0.356648 0.809422 0
vt 0.353327 0.820519 0
vt 0.379795 0.821107 0
vt 0.382131 0.811892 0
vt 0.379795 0.821107 0
vt 0.409322 0.818937 0
vt 0.410546 0.810997 0
vt 0.382131 0.811892 0
vt 0.410546 0.810997 0
vt 0.411707 0.803018 0
vt 0.38435 0.802759 0
vt 0.382131 0.811892 0
vt 0.38435 0.802759 0
vt 0.353867 0.795477 0
vt 0.356648 0.809422 0
vt 0.86448 0.513449 0
vt 0.888695 0.516953 0
vt 0.888626 0.502766 0
vt 0.864477 0.501037 0
vt 0.86448 0.513449 0
vt 0.864477 0.501037 0
vt 0.839178 0.494616 0
vt 0.838925 0.5053 0
vt 0.86448 0.513449 0
vt 0.838925 0.5053 0
vt 0.838534 0.515233 0
vt 0.864475 0.525047 0
vt 0.86448 0.513449 0
vt 0.864475 0.525047 0
vt 0.888894 0.530295 0
vt 0.888695 0.516953 0
vt 0.86445 0.535019 0
vt 0.88935 0.54195 0
vt 0.888894 0.530295 0
vt 0.864475 0.525047 0
vt 0.86445 0.535019 0
vt 0.864475 0.525047 0
vt 0.838534 0.515233 0
vt 0.837865 0.523662 0
vt 0.86445 0.535019 0
vt 0.837865 0.523662 0
vt 0.837141 0.531265 0
vt 0.864459 0.54414 0
vt 0.86445 0.535019 0
vt 0.864459 0.54414 0
vt 0.889946 0.552752 0
vt 0.88935 0.54195 0
vt 0.377488 0.829123 0
vt 0.350199 0.830013 0
vt 0.347168 0.838706 0
vt 0.375197 0.836539 0
vt 0.377488 0.829123 0
vt 0.375197 0.836539 0
vt 0.406405 0.831992 0
vt 0.40791 0.825747 0
vt 0.377488 0.829123 0
vt 0.40791 0.825747 0
vt 0.409322 0.818937 0
vt 0.379795 0.821107 0
vt 0.377488 0.829123 0
vt 0.379795 0.821107 0
vt 0.353327 0.820519 0
vt 0.350199 0.830013 0

# 0 vertex normals

# Mesh 'Plane' with 1 faces
#g Plane
#usemtl DefaultMaterial
#f  1// 2// 3// 4//

# Mesh 'Cube.001' with 1828 faces
g Cube.001
usemtl DefaultMaterial
f  5/1/ 6/2/ 7/3/ 8/4/
f  9/5/ 10/6/ 11/7/ 12/8/
f  13/9/ 14/10/ 15/11/ 16/12/
f  17/13/ 18/14/ 19/15/ 20/16/
f  21/17/ 22/18/ 23/19/ 24/20/
f  25/21/ 26/22/ 27/23/ 28/24/
f  29/25/ 30/26/ 31/27/ 32/28/
f  33/29/ 34/30/ 35/31/ 36/32/
f  37/33/ 38/34/ 39/35/ 40/36/
f  41/37/ 42/38/ 43/39/ 44/40/
f  45/41/ 46/42/ 47/43/ 48/44/
f  49/45/ 50/46/ 51/47/ 52/48/
f  53/49/ 54/50/ 55/51/ 56/52/
f  57/53/ 58/54/ 59/55/ 60/56/
f  61/57/ 62/58/ 63/59/ 64/60/
f  65/61/ 66/62/ 67/63/ 68/64/
f  69/65/ 70/66/ 71/67/ 72/68/
f  73/69/ 74/70/ 75/71/ 76/72/
f  77/73/ 78/74/ 79/75/ 80/76/
f  81/77/ 82/78/ 83/79/ 84/80/
f  85/81/ 86/82/ 87/83/ 88/84/
f  89/85/ 90/86/ 91/87/ 92/88/
f  93/89/ 94/90/ 95/91/ 96/92/
f  97/93/ 98/94/ 99/95/ 100/96/
f  101/97/ 102/98/ 103/99/ 104/100/
f  105/101/ 106/102/ 107/103/ 108/104/
f  109/105/ 110/106/ 111/107/ 112/108/
f  113/109/ 114/110/ 115/111/ 116/112/
f  117/113/ 118/114/ 119/115/ 120/116/
f  121/117/ 122/118/ 123/119/ 124/120/
f  125/121/ 126/122/ 127/123/ 128/124/
f  129/125/ 130/126/ 131/127/ 132/128/
f  133/129/ 134/130/ 135/131/ 136/132/
f  137/133/ 138/134/ 139/135/ 140/136/
f  141/137/ 142/138/ 143/139/ 144/140/
f  145/141/ 146/142/ 147/143/ 148/144/
f  149/145/ 150/146/ 151/147/ 152/148/
f  153/149/ 154/150/ 155/151/ 156/152/
f  157/153/ 158/154/ 159/155/ 160/156/
f  161/157/ 162/158/ 163/159/ 164/160/
f  165/161/ 166/162/ 167/163/ 168/164/
f  169/165/ 170/166/ 171/167/ 172/168/
f  173/169/ 174/170/ 175/171/ 176/172/
f  177/173/ 178/174/ 179/175/ 180/176/
f  181/177/ 182/178/ 183/179/ 184/180/
f  185/181/ 186/182/ 187/183/ 188/184/
f  189/185/ 190/186/ 191/187/ 192/188/
f  193/189/ 194/190/ 195/191/ 196/192/
f  197/193/ 198/194/ 199/195/ 200/196/
f  201/197/ 202/198/ 203/199/ 204/200/
f  205/201/ 206/202/ 207/203/ 208/204/
f  209/205/ 210/206/ 211/207/ 212/208/
f  213/209/ 214/210/ 215/211/ 216/212/
f  217/213/ 218/214/ 219/215/ 220/216/
f  221/217/ 222/218/ 223/219/ 224/220/
f  225/221/ 226/222/ 227/223/ 228/224/
f  229/225/ 230/226/ 231/227/ 232/228/
f  233/229/ 234/230/ 235/231/ 236/232/
f  237/233/ 238/234/ 239/235/ 240/236/
f  241/237/ 242/238/ 243/239/ 244/240/
f  245/241/ 246/242/ 247/243/ 248/244/
f  249/245/ 250/246/ 251/247/ 252/248/
f  253/249/ 254/250/ 255/251/ 256/252/
f  257/253/ 258/254/ 259/255/ 260/256/
f  261/257/ 262/258/ 263/259/ 264/260/
f  265/261/ 266/262/ 267/263/ 268/264/
f  269/265/ 270/266/ 271/267/ 272/268/
f  273/269/ 274/270/ 275/271/ 276/272/
f  277/273/ 278/274/ 279/275/ 280/276/
f  281/277/ 282/278/ 283/279/ 284/280/
f  285/281/ 286/282/ 287/283/ 288/284/
f  289/285/ 290/286/ 291/287/ 292/288/
f  293/289/ 294/290/ 295/291/ 296/292/
f  297/293/ 298/294/ 299/295/ 300/296/
f  301/297/ 302/298/ 303/299/ 304/300/
f  305/301/ 306/302/ 307/303/ 308/304/
f  309/305/ 310/306/ 311/307/ 312/308/
f  313/309/ 314/310/ 315/311/ 316/312/
f  317/313/ 318/314/ 319/315/ 320/316/
f  321/317/ 322/318/ 323/319/ 324/320/
f  325/321/ 326/322/ 327/323/ 328/324/
f  329/325/ 330/326/ 331/327/ 332/328/
f  333/329/ 334/330/ 335/331/ 336/332/
f  337/333/ 338/334/ 339/335/ 340/336/
f  341/337/ 342/338/ 343/339/ 344/340/
f  345/341/ 346/342/ 347/343/ 348/344/
f  349/345/ 350/346/ 351/347/ 352/348/
f  353/349/ 354/350/ 355/351/ 356/352/
f  357/353/ 358/354/ 359/355/ 360/356/
f  361/357/ 362/358/ 363/359/ 364/360/
f  365/361/ 366/362/ 367/363/ 368/364/
f  369/365/ 370/366/ 371/367/ 372/368/
f  373/369/ 374/370/ 375/371/ 376/372/
f  377/373/ 378/374/ 379/375/ 380/376/
f  381/377/ 382/378/ 383/379/ 384/380/
f  385/381/ 386/382/ 387/383/ 388/384/
f  389/385/ 390/386/ 391/387/ 392/388/
f  393/389/ 394/390/ 395/391/ 396/392/
f  397/393/ 398/394/ 399/395/ 400/396/
f  401/397/ 402/398/ 403/399/ 404/400/
f  405/401/ 406/402/ 407/403/ 408/404/
f  409/405/ 410/406/ 411/407/ 412/408/
f  413/409/ 414/410/ 415/411/ 416/412/
f  417/413/ 418/414/ 419/415/ 420/416/
f  421/417/ 422/418/ 423/419/ 424/420/
f  425/421/ 426/422/ 427/423/ 428/424/
f  429/425/ 430/426/ 431/427/ 432/428/
f  433/429/ 434/430/ 435/431/ 436/432/
f  437/433/ 438/434/ 439/435/ 440/436/
f  441/437/ 442/438/ 443/439/ 444/440/
f  445/441/ 446/442/ 447/443/ 448/444/
f  449/445/ 450/446/ 451/447/ 452/448/
f  453/449/ 454/450/ 455/451/ 456/452/
f  457/453/ 458/454/ 459/455/ 460/456/
f  461/457/ 462/458/ 463/459/ 464/460/
f  465/461/ 466/462/ 467/463/ 468/464/
f  469/465/ 470/466/ 471/467/ 472/468/
f  473/469/ 474/470/ 475/471/ 476/472/
f  477/473/ 478/474/ 479/475/ 480/476/
f  481/477/ 482/478/ 483/479/ 484/480/
f  485/481/ 486/482/ 487/483/ 488/484/
f  489/485/ 490/486/ 491/487/ 492/488/
f  493/489/ 494/490/ 495/491/ 496/492/
f  497/493/ 498/494/ 499/495/ 500/496/
f  501/497/ 502/498/ 503/499/ 504/500/
f  505/501/ 506/502/ 507/503/ 508/504/
f  509/505/ 510/506/ 511/507/ 512/508/
f  513/509/ 514/510/ 515/511/ 516/512/
f  517/513/ 518/514/ 519/515/ 520/516/
f  521/517/ 522/518/ 523/519/ 524/520/
f  525/521/ 526/522/ 527/523/ 528/524/
f  529/525/ 530/526/ 531/527/ 532/528/
f  533/529/ 534/530/ 535/531/ 536/532/
f  537/533/ 538/534/ 539/535/ 540/536/
f  541/537/ 542/538/ 543/539/ 544/540/
f  545/541/ 546/542/ 547/543/ 548/544/
f  549/545/ 550/546/ 551/547/ 552/548/
f  553/549/ 554/550/ 555/551/ 556/552/
f  557/553/ 558/554/ 559/555/ 560/556/
f  561/557/ 562/558/ 563/559/ 564/560/
f  565/561/ 566/562/ 567/563/ 568/564/
f  569/565/ 570/566/ 571/567/ 572/568/
f  573/569/ 574/570/ 575/571/ 576/572/
f  577/573/ 578/574/ 579/575/ 580/576/
f  581/577/ 582/578/ 583/579/ 584/580/
f  585/581/ 586/582/ 587/583/ 588/584/
f  589/585/ 590/586/ 591/587/ 592/588/
f  593/589/ 594/590/ 595/591/ 596/592/
f  597/593/ 598/594/ 599/595/ 600/596/
f  601/597/ 602/598/ 603/599/ 604/600/
f  605/601/ 606/602/ 607/603/ 608/604/
f  609/605/ 610/606/ 611/607/ 612/608/
f  613/609/ 614/610/ 615/611/ 616/612/
f  617/613/ 618/614/ 619/615/ 620/616/
f  621/617/ 622/618/ 623/619/ 624/620/
f  625/621/ 626/622/ 627/623/ 628/624/
f  629/625/ 630/626/ 631/627/ 632/628/
f  633/629/ 634/630/ 635/631/ 636/632/
f  637/633/ 638/634/ 639/635/ 640/636/
f  641/637/ 642/638/ 643/639/ 644/640/
f  645/641/ 646/642/ 647/643/ 648/644/
f  649/645/ 650/646/ 651/647/ 652/648/
f  653/649/ 654/650/ 655/651/ 656/652/
f  657/653/ 658/654/ 659/655/ 660/656/
f  661/657/ 662/658/ 663/659/ 664/660/
f  665/661/ 666/662/ 667/663/ 668/664/
f  669/665/ 670/666/ 671/667/ 672/668/
f  673/669/ 674/670/ 675/671/ 676/672/
f  677/673/ 678/674/ 679/675/ 680/676/
f  681/677/ 682/678/ 683/679/ 684/680/
f  685/681/ 686/682/ 687/683/ 688/684/
f  689/685/ 690/686/ 691/687/ 692/688/
f  693/689/ 694/690/ 695/691/ 696/692/
f  697/693/ 698/694/ 699/695/ 700/696/
f  701/697/ 702/698/ 703/699/ 704/700/
f  705/701/ 706/702/ 707/703/ 708/704/
f  709/705/ 710/706/ 711/707/ 712/708/
f  713/709/ 714/710/ 715/711/ 716/712/
f  717/713/ 718/714/ 719/715/ 720/716/
f  721/717/ 722/718/ 723/719/ 724/720/
f  725/721/ 726/722/ 727/723/ 728/724/
f  729/725/ 730/726/ 731/727/ 732/728/
f  733/729/ 734/730/ 735/731/ 736/732/
f  737/733/ 738/734/ 739/735/ 740/736/
f  741/737/ 742/738/ 743/739/ 744/740/
f  745/741/ 746/742/ 747/743/ 748/744/
f  749/745/ 750/746/ 751/747/ 752/748/
f  753/749/ 754/750/ 755/751/ 756/752/
f  757/753/ 758/754/ 759/755/ 760/756/
f  761/757/ 762/758/ 763/759/ 764/760/
f  765/761/ 766/762/ 767/763/ 768/764/
f  769/765/ 770/766/ 771/767/ 772/768/
f  773/769/ 774/770/ 775/771/ 776/772/
f  777/773/ 778/774/ 779/775/ 780/776/
f  781/777/ 782/778/ 783/779/ 784/780/
f  785/781/ 786/782/ 787/783/ 788/784/
f  789/785/ 790/786/ 791/787/ 792/788/
f  793/789/ 794/790/ 795/791/ 796/792/
f  797/793/ 798/794/ 799/795/ 800/796/
f  801/797/ 802/798/ 803/799/ 804/800/
f  805/801/ 806/802/ 807/803/ 808/804/
f  809/805/ 810/806/ 811/807/ 812/808/
f  813/809/ 814/810/ 815/811/ 816/812/
f  817/813/ 818/814/ 819/815/ 820/816/
f  821/817/ 822/818/ 823/819/ 824/820/
f  825/821/ 826/822/ 827/823/ 828/824/
f  829/825/ 830/826/ 831/827/ 832/828/
f  833/829/ 834/830/ 835/831/ 836/832/
f  837/833/ 838/834/ 839/835/ 840/836/
f  841/837/ 842/838/ 843/839/ 844/840/
f  845/841/ 846/842/ 847/843/ 848/844/
f  849/845/ 850/846/ 851/847/ 852/848/
f  853/849/ 854/850/ 855/851/ 856/852/
f  857/853/ 858/854/ 859/855/ 860/856/
f  861/857/ 862/858/ 863/859/ 864/860/
f  865/861/ 866/862/ 867/863/ 868/864/
f  869/865/ 870/866/ 871/867/ 872/868/
f  873/869/ 874/870/ 875/871/ 876/872/
f  877/873/ 878/874/ 879/875/ 880/876/
f  881/877/ 882/878/ 883/879/ 884/880/
f  885/881/ 886/882/ 887/883/ 888/884/
f  889/885/ 890/886/ 891/887/ 892/888/
f  893/889/ 894/890/ 895/891/ 896/892/
f  897/893/ 898/894/ 899/895/ 900/896/
f  901/897/ 902/898/ 903/899/ 904/900/
f  905/901/ 906/902/ 907/903/ 908/904/
f  909/905/ 910/906/ 911/907/ 912/908/
f  913/909/ 914/910/ 915/911/ 916/912/
f  917/913/ 918/914/ 919/915/ 920/916/
f  921/917/ 922/918/ 923/919/ 924/920/
f  925/921/ 926/922/ 927/923/ 928/924/
f  929/925/ 930/926/ 931/927/ 932/928/
f  933/929/ 934/930/ 935/931/ 936/932/
f  937/933/ 938/934/ 939/935/ 940/936/
f  941/937/ 942/938/ 943/939/ 944/940/
f  945/941/ 946/942/ 947/943/ 948/944/
f  949/945/ 950/946/ 951/947/ 952/948/
f  953/949/ 954/950/ 955/951/ 956/952/
f  957/953/ 958/954/ 959/955/ 960/956/
f  961/957/ 962/958/ 963/959/ 964/960/
f  965/961/ 966/962/ 967/963/ 968/964/
f  969/965/ 970/966/ 971/967/ 972/968/
f  973/969/ 974/970/ 975/971/ 976/972/
f  977/973/ 978/974/ 979/975/ 980/976/
f  981/977/ 982/978/ 983/979/ 984/980/
f  985/981/ 986/982/ 987/983/ 988/984/
f  989/985/ 990/986/ 991/987/ 992/988/
f  993/989/ 994/990/ 995/991/ 996/992/
f  997/993/ 998/994/ 999/995/ 1000/996/
f  1001/997/ 1002/998/ 1003/999/ 1004/1000/
f  1005/1001/ 1006/1002/ 1007/1003/ 1008/1004/
f  1009/1005/ 1010/1006/ 1011/1007/ 1012/1008/
f  1013/1009/ 1014/1010/ 1015/1011/ 1016/1012/
f  1017/1013/ 1018/1014/ 1019/1015/ 1020/1016/
f  1021/1017/ 1022/1018/ 1023/1019/ 1024/1020/
f  1025/1021/ 1026/1022/ 1027/1023/ 1028/1024/
f  1029/1025/ 1030/1026/ 1031/1027/ 1032/1028/
f  1033/1029/ 1034/1030/ 1035/1031/ 1036/1032/
f  1037/1033/ 1038/1034/ 1039/1035/ 1040/1036/
f  1041/1037/ 1042/1038/ 1043/1039/ 1044/1040/
f  1045/1041/ 1046/1042/ 1047/1043/ 1048/1044/
f  1049/1045/ 1050/1046/ 1051/1047/ 1052/1048/
f  1053/1049/ 1054/1050/ 1055/1051/ 1056/1052/
f  1057/1053/ 1058/1054/ 1059/1055/ 1060/1056/
f  1061/1057/ 1062/1058/ 1063/1059/ 1064/1060/
f  1065/1061/ 1066/1062/ 1067/1063/ 1068/1064/
f  1069/1065/ 1070/1066/ 1071/1067/ 1072/1068/
f  1073/1069/ 1074/1070/ 1075/1071/ 1076/1072/
f  1077/1073/ 1078/1074/ 1079/1075/ 1080/1076/
f  1081/1077/ 1082/1078/ 1083/1079/ 1084/1080/
f  1085/1081/ 1086/1082/ 1087/1083/ 1088/1084/
f  1089/1085/ 1090/1086/ 1091/1087/ 1092/1088/
f  1093/1089/ 1094/1090/ 1095/1091/ 1096/1092/
f  1097/1093/ 1098/1094/ 1099/1095/ 1100/1096/
f  1101/1097/ 1102/1098/ 1103/1099/ 1104/1100/
f  1105/1101/ 1106/1102/ 1107/1103/ 1108/1104/
f  1109/1105/ 1110/1106/ 1111/1107/ 1112/1108/
f  1113/1109/ 1114/1110/ 1115/1111/ 1116/1112/
f  1117/1113/ 1118/1114/ 1119/1115/ 1120/1116/
f  1121/1117/ 1122/1118/ 1123/1119/ 1124/1120/
f  1125/1121/ 1126/1122/ 1127/1123/ 1128/1124/
f  1129/1125/ 1130/1126/ 1131/1127/ 1132/1128/
f  1133/1129/ 1134/1130/ 1135/1131/ 1136/1132/
f  1137/1133/ 1138/1134/ 1139/1135/ 1140/1136/
f  1141/1137/ 1142/1138/ 1143/1139/ 1144/1140/
f  1145/1141/ 1146/1142/ 1147/1143/ 1148/1144/
f  1149/1145/ 1150/1146/ 1151/1147/ 1152/1148/
f  1153/1149/ 1154/1150/ 1155/1151/ 1156/1152/
f  1157/1153/ 1158/1154/ 1159/1155/ 1160/1156/
f  1161/1157/ 1162/1158/ 1163/1159/ 1164/1160/
f  1165/1161/ 1166/1162/ 1167/1163/ 1168/1164/
f  1169/1165/ 1170/1166/ 1171/1167/ 1172/1168/
f  1173/1169/ 1174/1170/ 1175/1171/ 1176/1172/
f  1177/1173/ 1178/1174/ 1179/1175/ 1180/1176/
f  1181/1177/ 1182/1178/ 1183/1179/ 1184/1180/
f  1185/1181/ 1186/1182/ 1187/1183/ 1188/1184/
f  1189/1185/ 1190/1186/ 1191/1187/ 1192/1188/
f  1193/1189/ 1194/1190/ 1195/1191/ 1196/1192/
f  1197/1193/ 1198/1194/ 1199/1195/ 1200/1196/
f  1201/1197/ 1202/1198/ 1203/1199/ 1204/1200/
f  1205/1201/ 1206/1202/ 1207/1203/ 1208/1204/
f  1209/1205/ 1210/1206/ 1211/1207/ 1212/1208/
f  1213/1209/ 1214/1210/ 1215/1211/ 1216/1212/
f  1217/1213/ 1218/1214/ 1219/1215/ 1220/1216/
f  1221/1217/ 1222/1218/ 1223/1219/ 1224/1220/
f  1225/1221/ 1226/1222/ 1227/1223/ 1228/1224/
f  1229/1225/ 1230/1226/ 1231/1227/ 1232/1228/
f  1233/1229/ 1234/1230/ 1235/1231/ 1236/1232/
f  1237/1233/ 1238/1234/ 1239/1235/ 1240/1236/
f  1241/1237/ 1242/1238/ 1243/1239/ 1244/1240/
f  1245/1241/ 1246/1242/ 1247/1243/ 1248/1244/
f  1249/1245/ 1250/1246/ 1251/1247/ 1252/1248/
f  1253/1249/ 1254/1250/ 1255/1251/ 1256/1252/
f  1257/1253/ 1258/1254/ 1259/1255/ 1260/1256/
f  1261/1257/ 1262/1258/ 1263/1259/ 1264/1260/
f  1265/1261/ 1266/1262/ 1267/1263/ 1268/1264/
f  1269/1265/ 1270/1266/ 1271/1267/ 1272/1268/
f  1273/1269/ 1274/1270/ 1275/1271/ 1276/1272/
f  1277/1273/ 1278/1274/ 1279/1275/ 1280/1276/
f  1281/1277/ 1282/1278/ 1283/1279/ 1284/1280/
f  1285/1281/ 1286/1282/ 1287/1283/ 1288/1284/
f  1289/1285/ 1290/1286/ 1291/1287/ 1292/1288/
f  1293/1289/ 1294/1290/ 1295/1291/ 1296/1292/
f  1297/1293/ 1298/1294/ 1299/1295/ 1300/1296/
f  1301/1297/ 1302/1298/ 1303/1299/ 1304/1300/
f  1305/1301/ 1306/1302/ 1307/1303/ 1308/1304/
f  1309/1305/ 1310/1306/ 1311/1307/ 1312/1308/
f  1313/1309/ 1314/1310/ 1315/1311/ 1316/1312/
f  1317/1313/ 1318/1314/ 1319/1315/ 1320/1316/
f  1321/1317/ 1322/1318/ 1323/1319/ 1324/1320/
f  1325/1321/ 1326/1322/ 1327/1323/ 1328/1324/
f  1329/1325/ 1330/1326/ 1331/1327/ 1332/1328/
f  1333/1329/ 1334/1330/ 1335/1331/ 1336/1332/
f  1337/1333/ 1338/1334/ 1339/1335/ 1340/1336/
f  1341/1337/ 1342/1338/ 1343/1339/ 1344/1340/
f  1345/1341/ 1346/1342/ 1347/1343/ 1348/1344/
f  1349/1345/ 1350/1346/ 1351/1347/ 1352/1348/
f  1353/1349/ 1354/1350/ 1355/1351/ 1356/1352/
f  1357/1353/ 1358/1354/ 1359/1355/ 1360/1356/
f  1361/1357/ 1362/1358/ 1363/1359/ 1364/1360/
f  1365/1361/ 1366/1362/ 1367/1363/ 1368/1364/
f  1369/1365/ 1370/1366/ 1371/1367/ 1372/1368/
f  1373/1369/ 1374/1370/ 1375/1371/ 1376/1372/
f  1377/1373/ 1378/1374/ 1379/1375/ 1380/1376/
f  1381/1377/ 1382/1378/ 1383/1379/ 1384/1380/
f  1385/1381/ 1386/1382/ 1387/1383/ 1388/1384/
f  1389/1385/ 1390/1386/ 1391/1387/ 1392/1388/
f  1393/1389/ 1394/1390/ 1395/1391/ 1396/1392/
f  1397/1393/ 1398/1394/ 1399/1395/ 1400/1396/
f  1401/1397/ 1402/1398/ 1403/1399/ 1404/1400/
f  1405/1401/ 1406/1402/ 1407/1403/ 1408/1404/
f  1409/1405/ 1410/1406/ 1411/1407/ 1412/1408/
f  1413/1409/ 1414/1410/ 1415/1411/ 1416/1412/
f  1417/1413/ 1418/1414/ 1419/1415/ 1420/1416/
f  1421/1417/ 1422/1418/ 1423/1419/ 1424/1420/
f  1425/1421/ 1426/1422/ 1427/1423/ 1428/1424/
f  1429/1425/ 1430/1426/ 1431/1427/ 1432/1428/
f  1433/1429/ 1434/1430/ 1435/1431/ 1436/1432/
f  1437/1433/ 1438/1434/ 1439/1435/ 1440/1436/
f  1441/1437/ 1442/1438/ 1443/1439/ 1444/1440/
f  1445/1441/ 1446/1442/ 1447/1443/ 1448/1444/
f  1449/1445/ 1450/1446/ 1451/1447/ 1452/1448/
f  1453/1449/ 1454/1450/ 1455/1451/ 1456/1452/
f  1457/1453/ 1458/1454/ 1459/1455/ 1460/1456/
f  1461/1457/ 1462/1458/ 1463/1459/ 1464/1460/
f  1465/1461/ 1466/1462/ 1467/1463/ 1468/1464/
f  1469/1465/ 1470/1466/ 1471/1467/ 1472/1468/
f  1473/1469/ 1474/1470/ 1475/1471/ 1476/1472/
f  1477/1473/ 1478/1474/ 1479/1475/ 1480/1476/
f  1481/1477/ 1482/1478/ 1483/1479/ 1484/1480/
f  1485/1481/ 1486/1482/ 1487/1483/ 1488/1484/
f  1489/1485/ 1490/1486/ 1491/1487/ 1492/1488/
f  1493/1489/ 1494/1490/ 1495/1491/ 1496/1492/
f  1497/1493/ 1498/1494/ 1499/1495/ 1500/1496/
f  1501/1497/ 1502/1498/ 1503/1499/ 1504/1500/
f  1505/1501/ 1506/1502/ 1507/1503/ 1508/1504/
f  1509/1505/ 1510/1506/ 1511/1507/ 1512/1508/
f  1513/1509/ 1514/1510/ 1515/1511/ 1516/1512/
f  1517/1513/ 1518/1514/ 1519/1515/ 1520/1516/
f  1521/1517/ 1522/1518/ 1523/1519/ 1524/1520/
f  1525/1521/ 1526/1522/ 1527/1523/ 1528/1524/
f  1529/1525/ 1530/1526/ 1531/1527/ 1532/1528/
f  1533/1529/ 1534/1530/ 1535/1531/ 1536/1532/
f  1537/1533/ 1538/1534/ 1539/1535/ 1540/1536/
f  1541/1537/ 1542/1538/ 1543/1539/ 1544/1540/
f  1545/1541/ 1546/1542/ 1547/1543/ 1548/1544/
f  1549/1545/ 1550/1546/ 1551/1547/ 1552/1548/
f  1553/1549/ 1554/1550/ 1555/1551/ 1556/1552/
f  1557/1553/ 1558/1554/ 1559/1555/ 1560/1556/
f  1561/1557/ 1562/1558/ 1563/1559/ 1564/1560/
f  1565/1561/ 1566/1562/ 1567/1563/ 1568/1564/
f  1569/1565/ 1570/1566/ 1571/1567/ 1572/1568/
f  1573/1569/ 1574/1570/ 1575/1571/ 1576/1572/
f  1577/1573/ 1578/1574/ 1579/1575/ 1580/1576/
f  1581/1577/ 1582/1578/ 1583/1579/ 1584/1580/
f  1585/1581/ 1586/1582/ 1587/1583/ 1588/1584/
f  1589/1585/ 1590/1586/ 1591/1587/ 1592/1588/
f  1593/1589/ 1594/1590/ 1595/1591/ 1596/1592/
f  1597/1593/ 1598/1594/ 1599/1595/ 1600/1596/
f  1601/1597/ 1602/1598/ 1603/1599/ 1604/1600/
f  1605/1601/ 1606/1602/ 1607/1603/ 1608/1604/
f  1609/1605/ 1610/1606/ 1611/1607/ 1612/1608/
f  1613/1609/ 1614/1610/ 1615/1611/ 1616/1612/
f  1617/1613/ 1618/1614/ 1619/1615/ 1620/1616/
f  1621/1617/ 1622/1618/ 1623/1619/ 1624/1620/
f  1625/1621/ 1626/1622/ 1627/1623/ 1628/1624/
f  1629/1625/ 1630/1626/ 1631/1627/ 1632/1628/
f  1633/1629/ 1634/1630/ 1635/1631/ 1636/1632/
f  1637/1633/ 1638/1634/ 1639/1635/ 1640/1636/
f  1641/1637/ 1642/1638/ 1643/1639/ 1644/1640/
f  1645/1641/ 1646/1642/ 1647/1643/ 1648/1644/
f  1649/1645/ 1650/1646/ 1651/1647/ 1652/1648/
f  1653/1649/ 1654/1650/ 1655/1651/ 1656/1652/
f  1657/1653/ 1658/1654/ 1659/1655/ 1660/1656/
f  1661/1657/ 1662/1658/ 1663/1659/ 1664/1660/
f  1665/1661/ 1666/1662/ 1667/1663/ 1668/1664/
f  1669/1665/ 1670/1666/ 1671/1667/ 1672/1668/
f  1673/1669/ 1674/1670/ 1675/1671/ 1676/1672/
f  1677/1673/ 1678/1674/ 1679/1675/ 1680/1676/
f  1681/1677/ 1682/1678/ 1683/1679/ 1684/1680/
f  1685/1681/ 1686/1682/ 1687/1683/ 1688/1684/
f  1689/1685/ 1690/1686/ 1691/1687/ 1692/1688/
f  1693/1689/ 1694/1690/ 1695/1691/ 1696/1692/
f  1697/1693/ 1698/1694/ 1699/1695/ 1700/1696/
f  1701/1697/ 1702/1698/ 1703/1699/ 1704/1700/
f  1705/1701/ 1706/1702/ 1707/1703/ 1708/1704/
f  1709/1705/ 1710/1706/ 1711/1707/ 1712/1708/
f  1713/1709/ 1714/1710/ 1715/1711/ 1716/1712/
f  1717/1713/ 1718/1714/ 1719/1715/ 1720/1716/
f  1721/1717/ 1722/1718/ 1723/1719/ 1724/1720/
f  1725/1721/ 1726/1722/ 1727/1723/ 1728/1724/
f  1729/1725/ 1730/1726/ 1731/1727/ 1732/1728/
f  1733/1729/ 1734/1730/ 1735/1731/ 1736/1732/
f  1737/1733/ 1738/1734/ 1739/1735/ 1740/1736/
f  1741/1737/ 1742/1738/ 1743/1739/ 1744/1740/
f  1745/1741/ 1746/1742/ 1747/1743/ 1748/1744/
f  1749/1745/ 1750/1746/ 1751/1747/ 1752/1748/
f  1753/1749/ 1754/1750/ 1755/1751/ 1756/1752/
f  1757/1753/ 1758/1754/ 1759/1755/ 1760/1756/
f  1761/1757/ 1762/1758/ 1763/1759/ 1764/1760/
f  1765/1761/ 1766/1762/ 1767/1763/ 1768/1764/
f  1769/1765/ 1770/1766/ 1771/1767/ 1772/1768/
f  1773/1769/ 1774/1770/ 1775/1771/ 1776/1772/
f  1777/1773/ 1778/1774/ 1779/1775/ 1780/1776/
f  1781/1777/ 1782/1778/ 1783/1779/ 1784/1780/
f  1785/1781/ 1786/1782/ 1787/1783/ 1788/1784/
f  1789/1785/ 1790/1786/ 1791/1787/ 1792/1788/
f  1793/1789/ 1794/1790/ 1795/1791/ 1796/1792/
f  1797/1793/ 1798/1794/ 1799/1795/ 1800/1796/
f  1801/1797/ 1802/1798/ 1803/1799/ 1804/1800/
f  1805/1801/ 1806/1802/ 1807/1803/ 1808/1804/
f  1809/1805/ 1810/1806/ 1811/1807/ 1812/1808/
f  1813/1809/ 1814/1810/ 1815/1811/ 1816/1812/
f  1817/1813/ 1818/1814/ 1819/1815/ 1820/1816/
f  1821/1817/ 1822/1818/ 1823/1819/ 1824/1820/
f  1825/1821/ 1826/1822/ 1827/1823/ 1828/1824/
f  1829/1825/ 1830/1826/ 1831/1827/ 1832/1828/
f  1833/1829/ 1834/1830/ 1835/1831/ 1836/1832/
f  1837/1833/ 1838/1834/ 1839/1835/ 1840/1836/
f  1841/1837/ 1842/1838/ 1843/1839/ 1844/1840/
f  1845/1841/ 1846/1842/ 1847/1843/ 1848/1844/
f  1849/1845/ 1850/1846/ 1851/1847/ 1852/1848/
f  1853/1849/ 1854/1850/ 1855/1851/ 1856/1852/
f  1857/1853/ 1858/1854/ 1859/1855/ 1860/1856/
f  1861/1857/ 1862/1858/ 1863/1859/ 1864/1860/
f  1865/1861/ 1866/1862/ 1867/1863/ 1868/1864/
f  1869/1865/ 1870/1866/ 1871/1867/ 1872/1868/
f  1873/1869/ 1874/1870/ 1875/1871/ 1876/1872/
f  1877/1873/ 1878/1874/ 1879/1875/ 1880/1876/
f  1881/1877/ 1882/1878/ 1883/1879/ 1884/1880/
f  1885/1881/ 1886/1882/ 1887/1883/ 1888/1884/
f  1889/1885/ 1890/1886/ 1891/1887/ 1892/1888/
f  1893/1889/ 1894/1890/ 1895/1891/ 1896/1892/
f  1897/1893/ 1898/1894/ 1899/1895/ 1900/1896/
f  1901/1897/ 1902/1898/ 1903/1899/ 1904/1900/
f  1905/1901/ 1906/1902/ 1907/1903/ 1908/1904/
f  1909/1905/ 1910/1906/ 1911/1907/ 1912/1908/
f  1913/1909/ 1914/1910/ 1915/1911/ 1916/1912/
f  1917/1913/ 1918/1914/ 1919/1915/ 1920/1916/
f  1921/1917/ 1922/1918/ 1923/1919/ 1924/1920/
f  1925/1921/ 1926/1922/ 1927/1923/ 1928/1924/
f  1929/1925/ 1930/1926/ 1931/1927/ 1932/1928/
f  1933/1929/ 1934/1930/ 1935/1931/ 1936/1932/
f  1937/1933/ 1938/1934/ 1939/1935/ 1940/1936/
f  1941/1937/ 1942/1938/ 1943/1939/ 1944/1940/
f  1945/1941/ 1946/1942/ 1947/1943/ 1948/1944/
f  1949/1945/ 1950/1946/ 1951/1947/ 1952/1948/
f  1953/1949/ 1954/1950/ 1955/1951/ 1956/1952/
f  1957/1953/ 1958/1954/ 1959/1955/ 1960/1956/
f  1961/1957/ 1962/1958/ 1963/1959/ 1964/1960/
f  1965/1961/ 1966/1962/ 1967/1963/ 1968/1964/
f  1969/1965/ 1970/1966/ 1971/1967/ 1972/1968/
f  1973/1969/ 1974/1970/ 1975/1971/ 1976/1972/
f  1977/1973/ 1978/1974/ 1979/1975/ 1980/1976/
f  1981/1977/ 1982/1978/ 1983/1979/ 1984/1980/
f  1985/1981/ 1986/1982/ 1987/1983/ 1988/1984/
f  1989/1985/ 1990/1986/ 1991/1987/ 1992/1988/
f  1993/1989/ 1994/1990/ 1995/1991/ 1996/1992/
f  1997/1993/ 1998/1994/ 1999/1995/ 2000/1996/
f  2001/1997/ 2002/1998/ 2003/1999/ 2004/2000/
f  2005/2001/ 2006/2002/ 2007/2003/ 2008/2004/
f  2009/2005/ 2010/2006/ 2011/2007/ 2012/2008/
f  2013/2009/ 2014/2010/ 2015/2011/ 2016/2012/
f  2017/2013/ 2018/2014/ 2019/2015/ 2020/2016/
f  2021/2017/ 2022/2018/ 2023/2019/ 2024/2020/
f  2025/2021/ 2026/2022/ 2027/2023/ 2028/2024/
f  2029/2025/ 2030/2026/ 2031/2027/ 2032/2028/
f  2033/2029/ 2034/2030/ 2035/2031/ 2036/2032/
f  2037/2033/ 2038/2034/ 2039/2035/ 2040/2036/
f  2041/2037/ 2042/2038/ 2043/2039/ 2044/2040/
f  2045/2041/ 2046/2042/ 2047/2043/ 2048/2044/
f  2049/2045/ 2050/2046/ 2051/2047/ 2052/2048/
f  2053/2049/ 2054/2050/ 2055/2051/ 2056/2052/
f  2057/2053/ 2058/2054/ 2059/2055/ 2060/2056/
f  2061/2057/ 2062/2058/ 2063/2059/ 2064/2060/
f  2065/2061/ 2066/2062/ 2067/2063/ 2068/2064/
f  2069/2065/ 2070/2066/ 2071/2067/ 2072/2068/
f  2073/2069/ 2074/2070/ 2075/2071/ 2076/2072/
f  2077/2073/ 2078/2074/ 2079/2075/ 2080/2076/
f  2081/2077/ 2082/2078/ 2083/2079/ 2084/2080/
f  2085/2081/ 2086/2082/ 2087/2083/ 2088/2084/
f  2089/2085/ 2090/2086/ 2091/2087/ 2092/2088/
f  2093/2089/ 2094/2090/ 2095/2091/ 2096/2092/
f  2097/2093/ 2098/2094/ 2099/2095/ 2100/2096/
f  2101/2097/ 2102/2098/ 2103/2099/ 2104/2100/
f  2105/2101/ 2106/2102/ 2107/2103/ 2108/2104/
f  2109/2105/ 2110/2106/ 2111/2107/ 2112/2108/
f  2113/2109/ 2114/2110/ 2115/2111/ 2116/2112/
f  2117/2113/ 2118/2114/ 2119/2115/ 2120/2116/
f  2121/2117/ 2122/2118/ 2123/2119/ 2124/2120/
f  2125/2121/ 2126/2122/ 2127/2123/ 2128/2124/
f  2129/2125/ 2130/2126/ 2131/2127/ 2132/2128/
f  2133/2129/ 2134/2130/ 2135/2131/ 2136/2132/
f  2137/2133/ 2138/2134/ 2139/2135/ 2140/2136/
f  2141/2137/ 2142/2138/ 2143/2139/ 2144/2140/
f  2145/2141/ 2146/2142/ 2147/2143/ 2148/2144/
f  2149/2145/ 2150/2146/ 2151/2147/ 2152/2148/
f  2153/2149/ 2154/2150/ 2155/2151/ 2156/2152/
f  2157/2153/ 2158/2154/ 2159/2155/ 2160/2156/
f  2161/2157/ 2162/2158/ 2163/2159/ 2164/2160/
f  2165/2161/ 2166/2162/ 2167/2163/ 2168/2164/
f  2169/2165/ 2170/2166/ 2171/2167/ 2172/2168/
f  2173/2169/ 2174/2170/ 2175/2171/ 2176/2172/
f  2177/2173/ 2178/2174/ 2179/2175/ 2180/2176/
f  2181/2177/ 2182/2178/ 2183/2179/ 2184/2180/
f  2185/2181/ 2186/2182/ 2187/2183/ 2188/2184/
f  2189/2185/ 2190/2186/ 2191/2187/ 2192/2188/
f  2193/2189/ 2194/2190/ 2195/2191/ 2196/2192/
f  2197/2193/ 2198/2194/ 2199/2195/ 2200/2196/
f  2201/2197/ 2202/2198/ 2203/2199/ 2204/2200/
f  2205/2201/ 2206/2202/ 2207/2203/ 2208/2204/
f  2209/2205/ 2210/2206/ 2211/2207/ 2212/2208/
f  2213/2209/ 2214/2210/ 2215/2211/ 2216/2212/
f  2217/2213/ 2218/2214/ 2219/2215/ 2220/2216/
f  2221/2217/ 2222/2218/ 2223/2219/ 2224/2220/
f  2225/2221/ 2226/2222/ 2227/2223/ 2228/2224/
f  2229/2225/ 2230/2226/ 2231/2227/ 2232/2228/
f  2233/2229/ 2234/2230/ 2235/2231/ 2236/2232/
f  2237/2233/ 2238/2234/ 2239/2235/ 2240/2236/
f  2241/2237/ 2242/2238/ 2243/2239/ 2244/2240/
f  2245/2241/ 2246/2242/ 2247/2243/ 2248/2244/
f  2249/2245/ 2250/2246/ 2251/2247/ 2252/2248/
f  2253/2249/ 2254/2250/ 2255/2251/ 2256/2252/
f  2257/2253/ 2258/2254/ 2259/2255/ 2260/2256/
f  2261/2257/ 2262/2258/ 2263/2259/ 2264/2260/
f  2265/2261/ 2266/2262/ 2267/2263/ 2268/2264/
f  2269/2265/ 2270/2266/ 2271/2267/ 2272/2268/
f  2273/2269/ 2274/2270/ 2275/2271/ 2276/2272/
f  2277/2273/ 2278/2274/ 2279/2275/ 2280/2276/
f  2281/2277/ 2282/2278/ 2283/2279/ 2284/2280/
f  2285/2281/ 2286/2282/ 2287/2283/ 2288/2284/
f  2289/2285/ 2290/2286/ 2291/2287/ 2292/2288/
f  2293/2289/ 2294/2290/ 2295/2291/ 2296/2292/
f  2297/2293/ 2298/2294/ 2299/2295/ 2300/2296/
f  2301/2297/ 2302/2298/ 2303/2299/ 2304/2300/
f  2305/2301/ 2306/2302/ 2307/2303/ 2308/2304/
f  2309/2305/ 2310/2306/ 2311/2307/ 2312/2308/
f  2313/2309/ 2314/2310/ 2315/2311/ 2316/2312/
f  2317/2313/ 2318/2314/ 2319/2315/ 2320/2316/
f  2321/2317/ 2322/2318/ 2323/2319/ 2324/2320/
f  2325/2321/ 2326/2322/ 2327/2323/ 2328/2324/
f  2329/2325/ 2330/2326/ 2331/2327/ 2332/2328/
f  2333/2329/ 2334/2330/ 2335/2331/ 2336/2332/
f  2337/2333/ 2338/2334/ 2339/2335/ 2340/2336/
f  2341/2337/ 2342/2338/ 2343/2339/ 2344/2340/
f  2345/2341/ 2346/2342/ 2347/2343/ 2348/2344/
f  2349/2345/ 2350/2346/ 2351/2347/ 2352/2348/
f  2353/2349/ 2354/2350/ 2355/2351/ 2356/2352/
f  2357/2353/ 2358/2354/ 2359/2355/ 2360/2356/
f  2361/2357/ 2362/2358/ 2363/2359/ 2364/2360/
f  2365/2361/ 2366/2362/ 2367/2363/ 2368/2364/
f  2369/2365/ 2370/2366/ 2371/2367/ 2372/2368/
f  2373/2369/ 2374/2370/ 2375/2371/ 2376/2372/
f  2377/2373/ 2378/2374/ 2379/2375/ 2380/2376/
f  2381/2377/ 2382/2378/ 2383/2379/ 2384/2380/
f  2385/2381/ 2386/2382/ 2387/2383/ 2388/2384/
f  2389/2385/ 2390/2386/ 2391/2387/ 2392/2388/
f  2393/2389/ 2394/2390/ 2395/2391/ 2396/2392/
f  2397/2393/ 2398/2394/ 2399/2395/ 2400/2396/
f  2401/2397/ 2402/2398/ 2403/2399/ 2404/2400/
f  2405/2401/ 2406/2402/ 2407/2403/ 2408/2404/
f  2409/2405/ 2410/2406/ 2411/2407/ 2412/2408/
f  2413/2409/ 2414/2410/ 2415/2411/ 2416/2412/
f  2417/2413/ 2418/2414/ 2419/2415/ 2420/2416/
f  2421/2417/ 2422/2418/ 2423/2419/ 2424/2420/
f  2425/2421/ 2426/2422/ 2427/2423/ 2428/2424/
f  2429/2425/ 2430/2426/ 2431/2427/ 2432/2428/
f  2433/2429/ 2434/2430/ 2435/2431/ 2436/2432/
f  2437/2433/ 2438/2434/ 2439/2435/ 2440/2436/
f  2441/2437/ 2442/2438/ 2443/2439/ 2444/2440/
f  2445/2441/ 2446/2442/ 2447/2443/ 2448/2444/
f  2449/2445/ 2450/2446/ 2451/2447/ 2452/2448/
f  2453/2449/ 2454/2450/ 2455/2451/ 2456/2452/
f  2457/2453/ 2458/2454/ 2459/2455/ 2460/2456/
f  2461/2457/ 2462/2458/ 2463/2459/ 2464/2460/
f  2465/2461/ 2466/2462/ 2467/2463/ 2468/2464/
f  2469/2465/ 2470/2466/ 2471/2467/ 2472/2468/
f  2473/2469/ 2474/2470/ 2475/2471/ 2476/2472/
f  2477/2473/ 2478/2474/ 2479/2475/ 2480/2476/
f  2481/2477/ 2482/2478/ 2483/2479/ 2484/2480/
f  2485/2481/ 2486/2482/ 2487/2483/ 2488/2484/
f  2489/2485/ 2490/2486/ 2491/2487/ 2492/2488/
f  2493/2489/ 2494/2490/ 2495/2491/ 2496/2492/
f  2497/2493/ 2498/2494/ 2499/2495/ 2500/2496/
f  2501/2497/ 2502/2498/ 2503/2499/ 2504/2500/
f  2505/2501/ 2506/2502/ 2507/2503/ 2508/2504/
f  2509/2505/ 2510/2506/ 2511/2507/ 2512/2508/
f  2513/2509/ 2514/2510/ 2515/2511/ 2516/2512/
f  2517/2513/ 2518/2514/ 2519/2515/ 2520/2516/
f  2521/2517/ 2522/2518/ 2523/2519/ 2524/2520/
f  2525/2521/ 2526/2522/ 2527/2523/ 2528/2524/
f  2529/2525/ 2530/2526/ 2531/2527/ 2532/2528/
f  2533/2529/ 2534/2530/ 2535/2531/ 2536/2532/
f  2537/2533/ 2538/2534/ 2539/2535/ 2540/2536/
f  2541/2537/ 2542/2538/ 2543/2539/ 2544/2540/
f  2545/2541/ 2546/2542/ 2547/2543/ 2548/2544/
f  2549/2545/ 2550/2546/ 2551/2547/ 2552/2548/
f  2553/2549/ 2554/2550/ 2555/2551/ 2556/2552/
f  2557/2553/ 2558/2554/ 2559/2555/ 2560/2556/
f  2561/2557/ 2562/2558/ 2563/2559/ 2564/2560/
f  2565/2561/ 2566/2562/ 2567/2563/ 2568/2564/
f  2569/2565/ 2570/2566/ 2571/2567/ 2572/2568/
f  2573/2569/ 2574/2570/ 2575/2571/ 2576/2572/
f  2577/2573/ 2578/2574/ 2579/2575/ 2580/2576/
f  2581/2577/ 2582/2578/ 2583/2579/ 2584/2580/
f  2585/2581/ 2586/2582/ 2587/2583/ 2588/2584/
f  2589/2585/ 2590/2586/ 2591/2587/ 2592/2588/
f  2593/2589/ 2594/2590/ 2595/2591/ 2596/2592/
f  2597/2593/ 2598/2594/ 2599/2595/ 2600/2596/
f  2601/2597/ 2602/2598/ 2603/2599/ 2604/2600/
f  2605/2601/ 2606/2602/ 2607/2603/ 2608/2604/
f  2609/2605/ 2610/2606/ 2611/2607/ 2612/2608/
f  2613/2609/ 2614/2610/ 2615/2611/ 2616/2612/
f  2617/2613/ 2618/2614/ 2619/2615/ 2620/2616/
f  2621/2617/ 2622/2618/ 2623/2619/ 2624/2620/
f  2625/2621/ 2626/2622/ 2627/2623/ 2628/2624/
f  2629/2625/ 2630/2626/ 2631/2627/ 2632/2628/
f  2633/2629/ 2634/2630/ 2635/2631/ 2636/2632/
f  2637/2633/ 2638/2634/ 2639/2635/ 2640/2636/
f  2641/2637/ 2642/2638/ 2643/2639/ 2644/2640/
f  2645/2641/ 2646/2642/ 2647/2643/ 2648/2644/
f  2649/2645/ 2650/2646/ 2651/2647/ 2652/2648/
f  2653/2649/ 2654/2650/ 2655/2651/ 2656/2652/
f  2657/2653/ 2658/2654/ 2659/2655/ 2660/2656/
f  2661/2657/ 2662/2658/ 2663/2659/ 2664/2660/
f  2665/2661/ 2666/2662/ 2667/2663/ 2668/2664/
f  2669/2665/ 2670/2666/ 2671/2667/ 2672/2668/
f  2673/2669/ 2674/2670/ 2675/2671/ 2676/2672/
f  2677/2673/ 2678/2674/ 2679/2675/ 2680/2676/
f  2681/2677/ 2682/2678/ 2683/2679/ 2684/2680/
f  2685/2681/ 2686/2682/ 2687/2683/ 2688/2684/
f  2689/2685/ 2690/2686/ 2691/2687/ 2692/2688/
f  2693/2689/ 2694/2690/ 2695/2691/ 2696/2692/
f  2697/2693/ 2698/2694/ 2699/2695/ 2700/2696/
f  2701/2697/ 2702/2698/ 2703/2699/ 2704/2700/
f  2705/2701/ 2706/2702/ 2707/2703/ 2708/2704/
f  2709/2705/ 2710/2706/ 2711/2707/ 2712/2708/
f  2713/2709/ 2714/2710/ 2715/2711/ 2716/2712/
f  2717/2713/ 2718/2714/ 2719/2715/ 2720/2716/
f  2721/2717/ 2722/2718/ 2723/2719/ 2724/2720/
f  2725/2721/ 2726/2722/ 2727/2723/ 2728/2724/
f  2729/2725/ 2730/2726/ 2731/2727/ 2732/2728/
f  2733/2729/ 2734/2730/ 2735/2731/ 2736/2732/
f  2737/2733/ 2738/2734/ 2739/2735/ 2740/2736/
f  2741/2737/ 2742/2738/ 2743/2739/ 2744/2740/
f  2745/2741/ 2746/2742/ 2747/2743/ 2748/2744/
f  2749/2745/ 2750/2746/ 2751/2747/ 2752/2748/
f  2753/2749/ 2754/2750/ 2755/2751/ 2756/2752/
f  2757/2753/ 2758/2754/ 2759/2755/ 2760/2756/
f  2761/2757/ 2762/2758/ 2763/2759/ 2764/2760/
f  2765/2761/ 2766/2762/ 2767/2763/ 2768/2764/
f  2769/2765/ 2770/2766/ 2771/2767/ 2772/2768/
f  2773/2769/ 2774/2770/ 2775/2771/ 2776/2772/
f  2777/2773/ 2778/2774/ 2779/2775/ 2780/2776/
f  2781/2777/ 2782/2778/ 2783/2779/ 2784/2780/
f  2785/2781/ 2786/2782/ 2787/2783/ 2788/2784/
f  2789/2785/ 2790/2786/ 2791/2787/ 2792/2788/
f  2793/2789/ 2794/2790/ 2795/2791/ 2796/2792/
f  2797/2793/ 2798/2794/ 2799/2795/ 2800/2796/
f  2801/2797/ 2802/2798/ 2803/2799/ 2804/2800/
f  2805/2801/ 2806/2802/ 2807/2803/ 2808/2804/
f  2809/2805/ 2810/2806/ 2811/2807/ 2812/2808/
f  2813/2809/ 2814/2810/ 2815/2811/ 2816/2812/
f  2817/2813/ 2818/2814/ 2819/2815/ 2820/2816/
f  2821/2817/ 2822/2818/ 2823/2819/ 2824/2820/
f  2825/2821/ 2826/2822/ 2827/2823/ 2828/2824/
f  2829/2825/ 2830/2826/ 2831/2827/ 2832/2828/
f  2833/2829/ 2834/2830/ 2835/2831/ 2836/2832/
f  2837/2833/ 2838/2834/ 2839/2835/ 2840/2836/
f  2841/2837/ 2842/2838/ 2843/2839/ 2844/2840/
f  2845/2841/ 2846/2842/ 2847/2843/ 2848/2844/
f  2849/2845/ 2850/2846/ 2851/2847/ 2852/2848/
f  2853/2849/ 2854/2850/ 2855/2851/ 2856/2852/
f  2857/2853/ 2858/2854/ 2859/2855/ 2860/2856/
f  2861/2857/ 2862/2858/ 2863/2859/ 2864/2860/
f  2865/2861/ 2866/2862/ 2867/2863/ 2868/2864/
f  2869/2865/ 2870/2866/ 2871/2867/ 2872/2868/
f  2873/2869/ 2874/2870/ 2875/2871/ 2876/2872/
f  2877/2873/ 2878/2874/ 2879/2875/ 2880/2876/
f  2881/2877/ 2882/2878/ 2883/2879/ 2884/2880/
f  2885/2881/ 2886/2882/ 2887/2883/ 2888/2884/
f  2889/2885/ 2890/2886/ 2891/2887/ 2892/2888/
f  2893/2889/ 2894/2890/ 2895/2891/ 2896/2892/
f  2897/2893/ 2898/2894/ 2899/2895/ 2900/2896/
f  2901/2897/ 2902/2898/ 2903/2899/ 2904/2900/
f  2905/2901/ 2906/2902/ 2907/2903/ 2908/2904/
f  2909/2905/ 2910/2906/ 2911/2907/ 2912/2908/
f  2913/2909/ 2914/2910/ 2915/2911/ 2916/2912/
f  2917/2913/ 2918/2914/ 2919/2915/ 2920/2916/
f  2921/2917/ 2922/2918/ 2923/2919/ 2924/2920/
f  2925/2921/ 2926/2922/ 2927/2923/ 2928/2924/
f  2929/2925/ 2930/2926/ 2931/2927/ 2932/2928/
f  2933/2929/ 2934/2930/ 2935/2931/ 2936/2932/
f  2937/2933/ 2938/2934/ 2939/2935/ 2940/2936/
f  2941/2937/ 2942/2938/ 2943/2939/ 2944/2940/
f  2945/2941/ 2946/2942/ 2947/2943/ 2948/2944/
f  2949/2945/ 2950/2946/ 2951/2947/ 2952/2948/
f  2953/2949/ 2954/2950/ 2955/2951/ 2956/2952/
f  2957/2953/ 2958/2954/ 2959/2955/ 2960/2956/
f  2961/2957/ 2962/2958/ 2963/2959/ 2964/2960/
f  2965/2961/ 2966/2962/ 2967/2963/ 2968/2964/
f  2969/2965/ 2970/2966/ 2971/2967/ 2972/2968/
f  2973/2969/ 2974/2970/ 2975/2971/ 2976/2972/
f  2977/2973/ 2978/2974/ 2979/2975/ 2980/2976/
f  2981/2977/ 2982/2978/ 2983/2979/ 2984/2980/
f  2985/2981/ 2986/2982/ 2987/2983/ 2988/2984/
f  2989/2985/ 2990/2986/ 2991/2987/ 2992/2988/
f  2993/2989/ 2994/2990/ 2995/2991/ 2996/2992/
f  2997/2993/ 2998/2994/ 2999/2995/ 3000/2996/
f  3001/2997/ 3002/2998/ 3003/2999/ 3004/3000/
f  3005/3001/ 3006/3002/ 3007/3003/ 3008/3004/
f  3009/3005/ 3010/3006/ 3011/3007/ 3012/3008/
f  3013/3009/ 3014/3010/ 3015/3011/ 3016/3012/
f  3017/3013/ 3018/3014/ 3019/3015/ 3020/3016/
f  3021/3017/ 3022/3018/ 3023/3019/ 3024/3020/
f  3025/3021/ 3026/3022/ 3027/3023/ 3028/3024/
f  3029/3025/ 3030/3026/ 3031/3027/ 3032/3028/
f  3033/3029/ 3034/3030/ 3035/3031/ 3036/3032/
f  3037/3033/ 3038/3034/ 3039/3035/ 3040/3036/
f  3041/3037/ 3042/3038/ 3043/3039/ 3044/3040/
f  3045/3041/ 3046/3042/ 3047/3043/ 3048/3044/
f  3049/3045/ 3050/3046/ 3051/3047/ 3052/3048/
f  3053/3049/ 3054/3050/ 3055/3051/ 3056/3052/
f  3057/3053/ 3058/3054/ 3059/3055/ 3060/3056/
f  3061/3057/ 3062/3058/ 3063/3059/ 3064/3060/
f  3065/3061/ 3066/3062/ 3067/3063/ 3068/3064/
f  3069/3065/ 3070/3066/ 3071/3067/ 3072/3068/
f  3073/3069/ 3074/3070/ 3075/3071/ 3076/3072/
f  3077/3073/ 3078/3074/ 3079/3075/ 3080/3076/
f  3081/3077/ 3082/3078/ 3083/3079/ 3084/3080/
f  3085/3081/ 3086/3082/ 3087/3083/ 3088/3084/
f  3089/3085/ 3090/3086/ 3091/3087/ 3092/3088/
f  3093/3089/ 3094/3090/ 3095/3091/ 3096/3092/
f  3097/3093/ 3098/3094/ 3099/3095/ 3100/3096/
f  3101/3097/ 3102/3098/ 3103/3099/ 3104/3100/
f  3105/3101/ 3106/3102/ 3107/3103/ 3108/3104/
f  3109/3105/ 3110/3106/ 3111/3107/ 3112/3108/
f  3113/3109/ 3114/3110/ 3115/3111/ 3116/3112/
f  3117/3113/ 3118/3114/ 3119/3115/ 3120/3116/
f  3121/3117/ 3122/3118/ 3123/3119/ 3124/3120/
f  3125/3121/ 3126/3122/ 3127/3123/ 3128/3124/
f  3129/3125/ 3130/3126/ 3131/3127/ 3132/3128/
f  3133/3129/ 3134/3130/ 3135/3131/ 3136/3132/
f  3137/3133/ 3138/3134/ 3139/3135/ 3140/3136/
f  3141/3137/ 3142/3138/ 3143/3139/ 3144/3140/
f  3145/3141/ 3146/3142/ 3147/3143/ 3148/3144/
f  3149/3145/ 3150/3146/ 3151/3147/ 3152/3148/
f  3153/3149/ 3154/3150/ 3155/3151/ 3156/3152/
f  3157/3153/ 3158/3154/ 3159/3155/ 3160/3156/
f  3161/3157/ 3162/3158/ 3163/3159/ 3164/3160/
f  3165/3161/ 3166/3162/ 3167/3163/ 3168/3164/
f  3169/3165/ 3170/3166/ 3171/3167/ 3172/3168/
f  3173/3169/ 3174/3170/ 3175/3171/ 3176/3172/
f  3177/3173/ 3178/3174/ 3179/3175/ 3180/3176/
f  3181/3177/ 3182/3178/ 3183/3179/ 3184/3180/
f  3185/3181/ 3186/3182/ 3187/3183/ 3188/3184/
f  3189/3185/ 3190/3186/ 3191/3187/ 3192/3188/
f  3193/3189/ 3194/3190/ 3195/3191/ 3196/3192/
f  3197/3193/ 3198/3194/ 3199/3195/ 3200/3196/
f  3201/3197/ 3202/3198/ 3203/3199/ 3204/3200/
f  3205/3201/ 3206/3202/ 3207/3203/ 3208/3204/
f  3209/3205/ 3210/3206/ 3211/3207/ 3212/3208/
f  3213/3209/ 3214/3210/ 3215/3211/ 3216/3212/
f  3217/3213/ 3218/3214/ 3219/3215/ 3220/3216/
f  3221/3217/ 3222/3218/ 3223/3219/ 3224/3220/
f  3225/3221/ 3226/3222/ 3227/3223/ 3228/3224/
f  3229/3225/ 3230/3226/ 3231/3227/ 3232/3228/
f  3233/3229/ 3234/3230/ 3235/3231/ 3236/3232/
f  3237/3233/ 3238/3234/ 3239/3235/ 3240/3236/
f  3241/3237/ 3242/3238/ 3243/3239/ 3244/3240/
f  3245/3241/ 3246/3242/ 3247/3243/ 3248/3244/
f  3249/3245/ 3250/3246/ 3251/3247/ 3252/3248/
f  3253/3249/ 3254/3250/ 3255/3251/ 3256/3252/
f  3257/3253/ 3258/3254/ 3259/3255/ 3260/3256/
f  3261/3257/ 3262/3258/ 3263/3259/ 3264/3260/
f  3265/3261/ 3266/3262/ 3267/3263/ 3268/3264/
f  3269/3265/ 3270/3266/ 3271/3267/ 3272/3268/
f  3273/3269/ 3274/3270/ 3275/3271/ 3276/3272/
f  3277/3273/ 3278/3274/ 3279/3275/ 3280/3276/
f  3281/3277/ 3282/3278/ 3283/3279/ 3284/3280/
f  3285/3281/ 3286/3282/ 3287/3283/ 3288/3284/
f  3289/3285/ 3290/3286/ 3291/3287/ 3292/3288/
f  3293/3289/ 3294/3290/ 3295/3291/ 3296/3292/
f  3297/3293/ 3298/3294/ 3299/3295/ 3300/3296/
f  3301/3297/ 3302/3298/ 3303/3299/ 3304/3300/
f  3305/3301/ 3306/3302/ 3307/3303/ 3308/3304/
f  3309/3305/ 3310/3306/ 3311/3307/ 3312/3308/
f  3313/3309/ 3314/3310/ 3315/3311/ 3316/3312/
f  3317/3313/ 3318/3314/ 3319/3315/ 3320/3316/
f  3321/3317/ 3322/3318/ 3323/3319/ 3324/3320/
f  3325/3321/ 3326/3322/ 3327/3323/ 3328/3324/
f  3329/3325/ 3330/3326/ 3331/3327/ 3332/3328/
f  3333/3329/ 3334/3330/ 3335/3331/ 3336/3332/
f  3337/3333/ 3338/3334/ 3339/3335/ 3340/3336/
f  3341/3337/ 3342/3338/ 3343/3339/ 3344/3340/
f  3345/3341/ 3346/3342/ 3347/3343/ 3348/3344/
f  3349/3345/ 3350/3346/ 3351/3347/ 3352/3348/
f  3353/3349/ 3354/3350/ 3355/3351/ 3356/3352/
f  3357/3353/ 3358/3354/ 3359/3355/ 3360/3356/
f  3361/3357/ 3362/3358/ 3363/3359/ 3364/3360/
f  3365/3361/ 3366/3362/ 3367/3363/ 3368/3364/
f  3369/3365/ 3370/3366/ 3371/3367/ 3372/3368/
f  3373/3369/ 3374/3370/ 3375/3371/ 3376/3372/
f  3377/3373/ 3378/3374/ 3379/3375/ 3380/3376/
f  3381/3377/ 3382/3378/ 3383/3379/ 3384/3380/
f  3385/3381/ 3386/3382/ 3387/3383/ 3388/3384/
f  3389/3385/ 3390/3386/ 3391/3387/ 3392/3388/
f  3393/3389/ 3394/3390/ 3395/3391/ 3396/3392/
f  3397/3393/ 3398/3394/ 3399/3395/ 3400/3396/
f  3401/3397/ 3402/3398/ 3403/3399/ 3404/3400/
f  3405/3401/ 3406/3402/ 3407/3403/ 3408/3404/
f  3409/3405/ 3410/3406/ 3411/3407/ 3412/3408/
f  3413/3409/ 3414/3410/ 3415/3411/ 3416/3412/
f  3417/3413/ 3418/3414/ 3419/3415/ 3420/3416/
f  3421/3417/ 3422/3418/ 3423/3419/ 3424/3420/
f  3425/3421/ 3426/3422/ 3427/3423/ 3428/3424/
f  3429/3425/ 3430/3426/ 3431/3427/ 3432/3428/
f  3433/3429/ 3434/3430/ 3435/3431/ 3436/3432/
f  3437/3433/ 3438/3434/ 3439/3435/ 3440/3436/
f  3441/3437/ 3442/3438/ 3443/3439/ 3444/3440/
f  3445/3441/ 3446/3442/ 3447/3443/ 3448/3444/
f  3449/3445/ 3450/3446/ 3451/3447/ 3452/3448/
f  3453/3449/ 3454/3450/ 3455/3451/ 3456/3452/
f  3457/3453/ 3458/3454/ 3459/3455/ 3460/3456/
f  3461/3457/ 3462/3458/ 3463/3459/ 3464/3460/
f  3465/3461/ 3466/3462/ 3467/3463/ 3468/3464/
f  3469/3465/ 3470/3466/ 3471/3467/ 3472/3468/
f  3473/3469/ 3474/3470/ 3475/3471/ 3476/3472/
f  3477/3473/ 3478/3474/ 3479/3475/ 3480/3476/
f  3481/3477/ 3482/3478/ 3483/3479/ 3484/3480/
f  3485/3481/ 3486/3482/ 3487/3483/ 3488/3484/
f  3489/3485/ 3490/3486/ 3491/3487/ 3492/3488/
f  3493/3489/ 3494/3490/ 3495/3491/ 3496/3492/
f  3497/3493/ 3498/3494/ 3499/3495/ 3500/3496/
f  3501/3497/ 3502/3498/ 3503/3499/ 3504/3500/
f  3505/3501/ 3506/3502/ 3507/3503/ 3508/3504/
f  3509/3505/ 3510/3506/ 3511/3507/ 3512/3508/
f  3513/3509/ 3514/3510/ 3515/3511/ 3516/3512/
f  3517/3513/ 3518/3514/ 3519/3515/ 3520/3516/
f  3521/3517/ 3522/3518/ 3523/3519/ 3524/3520/
f  3525/3521/ 3526/3522/ 3527/3523/ 3528/3524/
f  3529/3525/ 3530/3526/ 3531/3527/ 3532/3528/
f  3533/3529/ 3534/3530/ 3535/3531/ 3536/3532/
f  3537/3533/ 3538/3534/ 3539/3535/ 3540/3536/
f  3541/3537/ 3542/3538/ 3543/3539/ 3544/3540/
f  3545/3541/ 3546/3542/ 3547/3543/ 3548/3544/
f  3549/3545/ 3550/3546/ 3551/3547/ 3552/3548/
f  3553/3549/ 3554/3550/ 3555/3551/ 3556/3552/
f  3557/3553/ 3558/3554/ 3559/3555/ 3560/3556/
f  3561/3557/ 3562/3558/ 3563/3559/ 3564/3560/
f  3565/3561/ 3566/3562/ 3567/3563/ 3568/3564/
f  3569/3565/ 3570/3566/ 3571/3567/ 3572/3568/
f  3573/3569/ 3574/3570/ 3575/3571/ 3576/3572/
f  3577/3573/ 3578/3574/ 3579/3575/ 3580/3576/
f  3581/3577/ 3582/3578/ 3583/3579/ 3584/3580/
f  3585/3581/ 3586/3582/ 3587/3583/ 3588/3584/
f  3589/3585/ 3590/3586/ 3591/3587/ 3592/3588/
f  3593/3589/ 3594/3590/ 3595/3591/ 3596/3592/
f  3597/3593/ 3598/3594/ 3599/3595/ 3600/3596/
f  3601/3597/ 3602/3598/ 3603/3599/ 3604/3600/
f  3605/3601/ 3606/3602/ 3607/3603/ 3608/3604/
f  3609/3605/ 3610/3606/ 3611/3607/ 3612/3608/
f  3613/3609/ 3614/3610/ 3615/3611/ 3616/3612/
f  3617/3613/ 3618/3614/ 3619/3615/ 3620/3616/
f  3621/3617/ 3622/3618/ 3623/3619/ 3624/3620/
f  3625/3621/ 3626/3622/ 3627/3623/ 3628/3624/
f  3629/3625/ 3630/3626/ 3631/3627/ 3632/3628/
f  3633/3629/ 3634/3630/ 3635/3631/ 3636/3632/
f  3637/3633/ 3638/3634/ 3639/3635/ 3640/3636/
f  3641/3637/ 3642/3638/ 3643/3639/ 3644/3640/
f  3645/3641/ 3646/3642/ 3647/3643/ 3648/3644/
f  3649/3645/ 3650/3646/ 3651/3647/ 3652/3648/
f  3653/3649/ 3654/3650/ 3655/3651/ 3656/3652/
f  3657/3653/ 3658/3654/ 3659/3655/ 3660/3656/
f  3661/3657/ 3662/3658/ 3663/3659/ 3664/3660/
f  3665/3661/ 3666/3662/ 3667/3663/ 3668/3664/
f  3669/3665/ 3670/3666/ 3671/3667/ 3672/3668/
f  3673/3669/ 3674/3670/ 3675/3671/ 3676/3672/
f  3677/3673/ 3678/3674/ 3679/3675/ 3680/3676/
f  3681/3677/ 3682/3678/ 3683/3679/ 3684/3680/
f  3685/3681/ 3686/3682/ 3687/3683/ 3688/3684/
f  3689/3685/ 3690/3686/ 3691/3687/ 3692/3688/
f  3693/3689/ 3694/3690/ 3695/3691/ 3696/3692/
f  3697/3693/ 3698/3694/ 3699/3695/ 3700/3696/
f  3701/3697/ 3702/3698/ 3703/3699/ 3704/3700/
f  3705/3701/ 3706/3702/ 3707/3703/ 3708/3704/
f  3709/3705/ 3710/3706/ 3711/3707/ 3712/3708/
f  3713/3709/ 3714/3710/ 3715/3711/ 3716/3712/
f  3717/3713/ 3718/3714/ 3719/3715/ 3720/3716/
f  3721/3717/ 3722/3718/ 3723/3719/ 3724/3720/
f  3725/3721/ 3726/3722/ 3727/3723/ 3728/3724/
f  3729/3725/ 3730/3726/ 3731/3727/ 3732/3728/
f  3733/3729/ 3734/3730/ 3735/3731/ 3736/3732/
f  3737/3733/ 3738/3734/ 3739/3735/ 3740/3736/
f  3741/3737/ 3742/3738/ 3743/3739/ 3744/3740/
f  3745/3741/ 3746/3742/ 3747/3743/ 3748/3744/
f  3749/3745/ 3750/3746/ 3751/3747/ 3752/3748/
f  3753/3749/ 3754/3750/ 3755/3751/ 3756/3752/
f  3757/3753/ 3758/3754/ 3759/3755/ 3760/3756/
f  3761/3757/ 3762/3758/ 3763/3759/ 3764/3760/
f  3765/3761/ 3766/3762/ 3767/3763/ 3768/3764/
f  3769/3765/ 3770/3766/ 3771/3767/ 3772/3768/
f  3773/3769/ 3774/3770/ 3775/3771/ 3776/3772/
f  3777/3773/ 3778/3774/ 3779/3775/ 3780/3776/
f  3781/3777/ 3782/3778/ 3783/3779/ 3784/3780/
f  3785/3781/ 3786/3782/ 3787/3783/ 3788/3784/
f  3789/3785/ 3790/3786/ 3791/3787/ 3792/3788/
f  3793/3789/ 3794/3790/ 3795/3791/ 3796/3792/
f  3797/3793/ 3798/3794/ 3799/3795/ 3800/3796/
f  3801/3797/ 3802/3798/ 3803/3799/ 3804/3800/
f  3805/3801/ 3806/3802/ 3807/3803/ 3808/3804/
f  3809/3805/ 3810/3806/ 3811/3807/ 3812/3808/
f  3813/3809/ 3814/3810/ 3815/3811/ 3816/3812/
f  3817/3813/ 3818/3814/ 3819/3815/ 3820/3816/
f  3821/3817/ 3822/3818/ 3823/3819/ 3824/3820/
f  3825/3821/ 3826/3822/ 3827/3823/ 3828/3824/
f  3829/3825/ 3830/3826/ 3831/3827/ 3832/3828/
f  3833/3829/ 3834/3830/ 3835/3831/ 3836/3832/
f  3837/3833/ 3838/3834/ 3839/3835/ 3840/3836/
f  3841/3837/ 3842/3838/ 3843/3839/ 3844/3840/
f  3845/3841/ 3846/3842/ 3847/3843/ 3848/3844/
f  3849/3845/ 3850/3846/ 3851/3847/ 3852/3848/
f  3853/3849/ 3854/3850/ 3855/3851/ 3856/3852/
f  3857/3853/ 3858/3854/ 3859/3855/ 3860/3856/
f  3861/3857/ 3862/3858/ 3863/3859/ 3864/3860/
f  3865/3861/ 3866/3862/ 3867/3863/ 3868/3864/
f  3869/3865/ 3870/3866/ 3871/3867/ 3872/3868/
f  3873/3869/ 3874/3870/ 3875/3871/ 3876/3872/
f  3877/3873/ 3878/3874/ 3879/3875/ 3880/3876/
f  3881/3877/ 3882/3878/ 3883/3879/ 3884/3880/
f  3885/3881/ 3886/3882/ 3887/3883/ 3888/3884/
f  3889/3885/ 3890/3886/ 3891/3887/ 3892/3888/
f  3893/3889/ 3894/3890/ 3895/3891/ 3896/3892/
f  3897/3893/ 3898/3894/ 3899/3895/ 3900/3896/
f  3901/3897/ 3902/3898/ 3903/3899/ 3904/3900/
f  3905/3901/ 3906/3902/ 3907/3903/ 3908/3904/
f  3909/3905/ 3910/3906/ 3911/3907/ 3912/3908/
f  3913/3909/ 3914/3910/ 3915/3911/ 3916/3912/
f  3917/3913/ 3918/3914/ 3919/3915/ 3920/3916/
f  3921/3917/ 3922/3918/ 3923/3919/ 3924/3920/
f  3925/3921/ 3926/3922/ 3927/3923/ 3928/3924/
f  3929/3925/ 3930/3926/ 3931/3927/ 3932/3928/
f  3933/3929/ 3934/3930/ 3935/3931/ 3936/3932/
f  3937/3933/ 3938/3934/ 3939/3935/ 3940/3936/
f  3941/3937/ 3942/3938/ 3943/3939/ 3944/3940/
f  3945/3941/ 3946/3942/ 3947/3943/ 3948/3944/
f  3949/3945/ 3950/3946/ 3951/3947/ 3952/3948/
f  3953/3949/ 3954/3950/ 3955/3951/ 3956/3952/
f  3957/3953/ 3958/3954/ 3959/3955/ 3960/3956/
f  3961/3957/ 3962/3958/ 3963/3959/ 3964/3960/
f  3965/3961/ 3966/3962/ 3967/3963/ 3968/3964/
f  3969/3965/ 3970/3966/ 3971/3967/ 3972/3968/
f  3973/3969/ 3974/3970/ 3975/3971/ 3976/3972/
f  3977/3973/ 3978/3974/ 3979/3975/ 3980/3976/
f  3981/3977/ 3982/3978/ 3983/3979/ 3984/3980/
f  3985/3981/ 3986/3982/ 3987/3983/ 3988/3984/
f  3989/3985/ 3990/3986/ 3991/3987/ 3992/3988/
f  3993/3989/ 3994/3990/ 3995/3991/ 3996/3992/
f  3997/3993/ 3998/3994/ 3999/3995/ 4000/3996/
f  4001/3997/ 4002/3998/ 4003/3999/ 4004/4000/
f  4005/4001/ 4006/4002/ 4007/4003/ 4008/4004/
f  4009/4005/ 4010/4006/ 4011/4007/ 4012/4008/
f  4013/4009/ 4014/4010/ 4015/4011/ 4016/4012/
f  4017/4013/ 4018/4014/ 4019/4015/ 4020/4016/
f  4021/4017/ 4022/4018/ 4023/4019/ 4024/4020/
f  4025/4021/ 4026/4022/ 4027/4023/ 4028/4024/
f  4029/4025/ 4030/4026/ 4031/4027/ 4032/4028/
f  4033/4029/ 4034/4030/ 4035/4031/ 4036/4032/
f  4037/4033/ 4038/4034/ 4039/4035/ 4040/4036/
f  4041/4037/ 4042/4038/ 4043/4039/ 4044/4040/
f  4045/4041/ 4046/4042/ 4047/4043/ 4048/4044/
f  4049/4045/ 4050/4046/ 4051/4047/ 4052/4048/
f  4053/4049/ 4054/4050/ 4055/4051/ 4056/4052/
f  4057/4053/ 4058/4054/ 4059/4055/ 4060/4056/
f  4061/4057/ 4062/4058/ 4063/4059/ 4064/4060/
f  4065/4061/ 4066/4062/ 4067/4063/ 4068/4064/
f  4069/4065/ 4070/4066/ 4071/4067/ 4072/4068/
f  4073/4069/ 4074/4070/ 4075/4071/ 4076/4072/
f  4077/4073/ 4078/4074/ 4079/4075/ 4080/4076/
f  4081/4077/ 4082/4078/ 4083/4079/ 4084/4080/
f  4085/4081/ 4086/4082/ 4087/4083/ 4088/4084/
f  4089/4085/ 4090/4086/ 4091/4087/ 4092/4088/
f  4093/4089/ 4094/4090/ 4095/4091/ 4096/4092/
f  4097/4093/ 4098/4094/ 4099/4095/ 4100/4096/
f  4101/4097/ 4102/4098/ 4103/4099/ 4104/4100/
f  4105/4101/ 4106/4102/ 4107/4103/ 4108/4104/
f  4109/4105/ 4110/4106/ 4111/4107/ 4112/4108/
f  4113/4109/ 4114/4110/ 4115/4111/ 4116/4112/
f  4117/4113/ 4118/4114/ 4119/4115/ 4120/4116/
f  4121/4117/ 4122/4118/ 4123/4119/ 4124/4120/
f  4125/4121/ 4126/4122/ 4127/4123/ 4128/4124/
f  4129/4125/ 4130/4126/ 4131/4127/ 4132/4128/
f  4133/4129/ 4134/4130/ 4135/4131/ 4136/4132/
f  4137/4133/ 4138/4134/ 4139/4135/ 4140/4136/
f  4141/4137/ 4142/4138/ 4143/4139/ 4144/4140/
f  4145/4141/ 4146/4142/ 4147/4143/ 4148/4144/
f  4149/4145/ 4150/4146/ 4151/4147/ 4152/4148/
f  4153/4149/ 4154/4150/ 4155/4151/ 4156/4152/
f  4157/4153/ 4158/4154/ 4159/4155/ 4160/4156/
f  4161/4157/ 4162/4158/ 4163/4159/ 4164/4160/
f  4165/4161/ 4166/4162/ 4167/4163/ 4168/4164/
f  4169/4165/ 4170/4166/ 4171/4167/ 4172/4168/
f  4173/4169/ 4174/4170/ 4175/4171/ 4176/4172/
f  4177/4173/ 4178/4174/ 4179/4175/ 4180/4176/
f  4181/4177/ 4182/4178/ 4183/4179/ 4184/4180/
f  4185/4181/ 4186/4182/ 4187/4183/ 4188/4184/
f  4189/4185/ 4190/4186/ 4191/4187/ 4192/4188/
f  4193/4189/ 4194/4190/ 4195/4191/ 4196/4192/
f  4197/4193/ 4198/4194/ 4199/4195/ 4200/4196/
f  4201/4197/ 4202/4198/ 4203/4199/ 4204/4200/
f  4205/4201/ 4206/4202/ 4207/4203/ 4208/4204/
f  4209/4205/ 4210/4206/ 4211/4207/ 4212/4208/
f  4213/4209/ 4214/4210/ 4215/4211/ 4216/4212/
f  4217/4213/ 4218/4214/ 4219/4215/ 4220/4216/
f  4221/4217/ 4222/4218/ 4223/4219/ 4224/4220/
f  4225/4221/ 4226/4222/ 4227/4223/ 4228/4224/
f  4229/4225/ 4230/4226/ 4231/4227/ 4232/4228/
f  4233/4229/ 4234/4230/ 4235/4231/ 4236/4232/
f  4237/4233/ 4238/4234/ 4239/4235/ 4240/4236/
f  4241/4237/ 4242/4238/ 4243/4239/ 4244/4240/
f  4245/4241/ 4246/4242/ 4247/4243/ 4248/4244/
f  4249/4245/ 4250/4246/ 4251/4247/ 4252/4248/
f  4253/4249/ 4254/4250/ 4255/4251/ 4256/4252/
f  4257/4253/ 4258/4254/ 4259/4255/ 4260/4256/
f  4261/4257/ 4262/4258/ 4263/4259/ 4264/4260/
f  4265/4261/ 4266/4262/ 4267/4263/ 4268/4264/
f  4269/4265/ 4270/4266/ 4271/4267/ 4272/4268/
f  4273/4269/ 4274/4270/ 4275/4271/ 4276/4272/
f  4277/4273/ 4278/4274/ 4279/4275/ 4280/4276/
f  4281/4277/ 4282/4278/ 4283/4279/ 4284/4280/
f  4285/4281/ 4286/4282/ 4287/4283/ 4288/4284/
f  4289/4285/ 4290/4286/ 4291/4287/ 4292/4288/
f  4293/4289/ 4294/4290/ 4295/4291/ 4296/4292/
f  4297/4293/ 4298/4294/ 4299/4295/ 4300/4296/
f  4301/4297/ 4302/4298/ 4303/4299/ 4304/4300/
f  4305/4301/ 4306/4302/ 4307/4303/ 4308/4304/
f  4309/4305/ 4310/4306/ 4311/4307/ 4312/4308/
f  4313/4309/ 4314/4310/ 4315/4311/ 4316/4312/
f  4317/4313/ 4318/4314/ 4319/4315/ 4320/4316/
f  4321/4317/ 4322/4318/ 4323/4319/ 4324/4320/
f  4325/4321/ 4326/4322/ 4327/4323/ 4328/4324/
f  4329/4325/ 4330/4326/ 4331/4327/ 4332/4328/
f  4333/4329/ 4334/4330/ 4335/4331/ 4336/4332/
f  4337/4333/ 4338/4334/ 4339/4335/ 4340/4336/
f  4341/4337/ 4342/4338/ 4343/4339/ 4344/4340/
f  4345/4341/ 4346/4342/ 4347/4343/ 4348/4344/
f  4349/4345/ 4350/4346/ 4351/4347/ 4352/4348/
f  4353/4349/ 4354/4350/ 4355/4351/ 4356/4352/
f  4357/4353/ 4358/4354/ 4359/4355/ 4360/4356/
f  4361/4357/ 4362/4358/ 4363/4359/ 4364/4360/
f  4365/4361/ 4366/4362/ 4367/4363/ 4368/4364/
f  4369/4365/ 4370/4366/ 4371/4367/ 4372/4368/
f  4373/4369/ 4374/4370/ 4375/4371/ 4376/4372/
f  4377/4373/ 4378/4374/ 4379/4375/ 4380/4376/
f  4381/4377/ 4382/4378/ 4383/4379/ 4384/4380/
f  4385/4381/ 4386/4382/ 4387/4383/ 4388/4384/
f  4389/4385/ 4390/4386/ 4391/4387/ 4392/4388/
f  4393/4389/ 4394/4390/ 4395/4391/ 4396/4392/
f  4397/4393/ 4398/4394/ 4399/4395/ 4400/4396/
f  4401/4397/ 4402/4398/ 4403/4399/ 4404/4400/
f  4405/4401/ 4406/4402/ 4407/4403/ 4408/4404/
f  4409/4405/ 4410/4406/ 4411/4407/ 4412/4408/
f  4413/4409/ 4414/4410/ 4415/4411/ 4416/4412/
f  4417/4413/ 4418/4414/ 4419/4415/ 4420/4416/
f  4421/4417/ 4422/4418/ 4423/4419/ 4424/4420/
f  4425/4421/ 4426/4422/ 4427/4423/ 4428/4424/
f  4429/4425/ 4430/4426/ 4431/4427/ 4432/4428/
f  4433/4429/ 4434/4430/ 4435/4431/ 4436/4432/
f  4437/4433/ 4438/4434/ 4439/4435/ 4440/4436/
f  4441/4437/ 4442/4438/ 4443/4439/ 4444/4440/
f  4445/4441/ 4446/4442/ 4447/4443/ 4448/4444/
f  4449/4445/ 4450/4446/ 4451/4447/ 4452/4448/
f  4453/4449/ 4454/4450/ 4455/4451/ 4456/4452/
f  4457/4453/ 4458/4454/ 4459/4455/ 4460/4456/
f  4461/4457/ 4462/4458/ 4463/4459/ 4464/4460/
f  4465/4461/ 4466/4462/ 4467/4463/ 4468/4464/
f  4469/4465/ 4470/4466/ 4471/4467/ 4472/4468/
f  4473/4469/ 4474/4470/ 4475/4471/ 4476/4472/
f  4477/4473/ 4478/4474/ 4479/4475/ 4480/4476/
f  4481/4477/ 4482/4478/ 4483/4479/ 4484/4480/
f  4485/4481/ 4486/4482/ 4487/4483/ 4488/4484/
f  4489/4485/ 4490/4486/ 4491/4487/ 4492/4488/
f  4493/4489/ 4494/4490/ 4495/4491/ 4496/4492/
f  4497/4493/ 4498/4494/ 4499/4495/ 4500/4496/
f  4501/4497/ 4502/4498/ 4503/4499/ 4504/4500/
f  4505/4501/ 4506/4502/ 4507/4503/ 4508/4504/
f  4509/4505/ 4510/4506/ 4511/4507/ 4512/4508/
f  4513/4509/ 4514/4510/ 4515/4511/ 4516/4512/
f  4517/4513/ 4518/4514/ 4519/4515/ 4520/4516/
f  4521/4517/ 4522/4518/ 4523/4519/ 4524/4520/
f  4525/4521/ 4526/4522/ 4527/4523/ 4528/4524/
f  4529/4525/ 4530/4526/ 4531/4527/ 4532/4528/
f  4533/4529/ 4534/4530/ 4535/4531/ 4536/4532/
f  4537/4533/ 4538/4534/ 4539/4535/ 4540/4536/
f  4541/4537/ 4542/4538/ 4543/4539/ 4544/4540/
f  4545/4541/ 4546/4542/ 4547/4543/ 4548/4544/
f  4549/4545/ 4550/4546/ 4551/4547/ 4552/4548/
f  4553/4549/ 4554/4550/ 4555/4551/ 4556/4552/
f  4557/4553/ 4558/4554/ 4559/4555/ 4560/4556/
f  4561/4557/ 4562/4558/ 4563/4559/ 4564/4560/
f  4565/4561/ 4566/4562/ 4567/4563/ 4568/4564/
f  4569/4565/ 4570/4566/ 4571/4567/ 4572/4568/
f  4573/4569/ 4574/4570/ 4575/4571/ 4576/4572/
f  4577/4573/ 4578/4574/ 4579/4575/ 4580/4576/
f  4581/4577/ 4582/4578/ 4583/4579/ 4584/4580/
f  4585/4581/ 4586/4582/ 4587/4583/ 4588/4584/
f  4589/4585/ 4590/4586/ 4591/4587/ 4592/4588/
f  4593/4589/ 4594/4590/ 4595/4591/ 4596/4592/
f  4597/4593/ 4598/4594/ 4599/4595/ 4600/4596/
f  4601/4597/ 4602/4598/ 4603/4599/ 4604/4600/
f  4605/4601/ 4606/4602/ 4607/4603/ 4608/4604/
f  4609/4605/ 4610/4606/ 4611/4607/ 4612/4608/
f  4613/4609/ 4614/4610/ 4615/4611/ 4616/4612/
f  4617/4613/ 4618/4614/ 4619/4615/ 4620/4616/
f  4621/4617/ 4622/4618/ 4623/4619/ 4624/4620/
f  4625/4621/ 4626/4622/ 4627/4623/ 4628/4624/
f  4629/4625/ 4630/4626/ 4631/4627/ 4632/4628/
f  4633/4629/ 4634/4630/ 4635/4631/ 4636/4632/
f  4637/4633/ 4638/4634/ 4639/4635/ 4640/4636/
f  4641/4637/ 4642/4638/ 4643/4639/ 4644/4640/
f  4645/4641/ 4646/4642/ 4647/4643/ 4648/4644/
f  4649/4645/ 4650/4646/ 4651/4647/ 4652/4648/
f  4653/4649/ 4654/4650/ 4655/4651/ 4656/4652/
f  4657/4653/ 4658/4654/ 4659/4655/ 4660/4656/
f  4661/4657/ 4662/4658/ 4663/4659/ 4664/4660/
f  4665/4661/ 4666/4662/ 4667/4663/ 4668/4664/
f  4669/4665/ 4670/4666/ 4671/4667/ 4672/4668/
f  4673/4669/ 4674/4670/ 4675/4671/ 4676/4672/
f  4677/4673/ 4678/4674/ 4679/4675/ 4680/4676/
f  4681/4677/ 4682/4678/ 4683/4679/ 4684/4680/
f  4685/4681/ 4686/4682/ 4687/4683/ 4688/4684/
f  4689/4685/ 4690/4686/ 4691/4687/ 4692/4688/
f  4693/4689/ 4694/4690/ 4695/4691/ 4696/4692/
f  4697/4693/ 4698/4694/ 4699/4695/ 4700/4696/
f  4701/4697/ 4702/4698/ 4703/4699/ 4704/4700/
f  4705/4701/ 4706/4702/ 4707/4703/ 4708/4704/
f  4709/4705/ 4710/4706/ 4711/4707/ 4712/4708/
f  4713/4709/ 4714/4710/ 4715/4711/ 4716/4712/
f  4717/4713/ 4718/4714/ 4719/4715/ 4720/4716/
f  4721/4717/ 4722/4718/ 4723/4719/ 4724/4720/
f  4725/4721/ 4726/4722/ 4727/4723/ 4728/4724/
f  4729/4725/ 4730/4726/ 4731/4727/ 4732/4728/
f  4733/4729/ 4734/4730/ 4735/4731/ 4736/4732/
f  4737/4733/ 4738/4734/ 4739/4735/ 4740/4736/
f  4741/4737/ 4742/4738/ 4743/4739/ 4744/4740/
f  4745/4741/ 4746/4742/ 4747/4743/ 4748/4744/
f  4749/4745/ 4750/4746/ 4751/4747/ 4752/4748/
f  4753/4749/ 4754/4750/ 4755/4751/ 4756/4752/
f  4757/4753/ 4758/4754/ 4759/4755/ 4760/4756/
f  4761/4757/ 4762/4758/ 4763/4759/ 4764/4760/
f  4765/4761/ 4766/4762/ 4767/4763/ 4768/4764/
f  4769/4765/ 4770/4766/ 4771/4767/ 4772/4768/
f  4773/4769/ 4774/4770/ 4775/4771/ 4776/4772/
f  4777/4773/ 4778/4774/ 4779/4775/ 4780/4776/
f  4781/4777/ 4782/4778/ 4783/4779/ 4784/4780/
f  4785/4781/ 4786/4782/ 4787/4783/ 4788/4784/
f  4789/4785/ 4790/4786/ 4791/4787/ 4792/4788/
f  4793/4789/ 4794/4790/ 4795/4791/ 4796/4792/
f  4797/4793/ 4798/4794/ 4799/4795/ 4800/4796/
f  4801/4797/ 4802/4798/ 4803/4799/ 4804/4800/
f  4805/4801/ 4806/4802/ 4807/4803/ 4808/4804/
f  4809/4805/ 4810/4806/ 4811/4807/ 4812/4808/
f  4813/4809/ 4814/4810/ 4815/4811/ 4816/4812/
f  4817/4813/ 4818/4814/ 4819/4815/ 4820/4816/
f  4821/4817/ 4822/4818/ 4823/4819/ 4824/4820/
f  4825/4821/ 4826/4822/ 4827/4823/ 4828/4824/
f  4829/4825/ 4830/4826/ 4831/4827/ 4832/4828/
f  4833/4829/ 4834/4830/ 4835/4831/ 4836/4832/
f  4837/4833/ 4838/4834/ 4839/4835/ 4840/4836/
f  4841/4837/ 4842/4838/ 4843/4839/ 4844/4840/
f  4845/4841/ 4846/4842/ 4847/4843/ 4848/4844/
f  4849/4845/ 4850/4846/ 4851/4847/ 4852/4848/
f  4853/4849/ 4854/4850/ 4855/4851/ 4856/4852/
f  4857/4853/ 4858/4854/ 4859/4855/ 4860/4856/
f  4861/4857/ 4862/4858/ 4863/4859/ 4864/4860/
f  4865/4861/ 4866/4862/ 4867/4863/ 4868/4864/
f  4869/4865/ 4870/4866/ 4871/4867/ 4872/4868/
f  4873/4869/ 4874/4870/ 4875/4871/ 4876/4872/
f  4877/4873/ 4878/4874/ 4879/4875/ 4880/4876/
f  4881/4877/ 4882/4878/ 4883/4879/ 4884/4880/
f  4885/4881/ 4886/4882/ 4887/4883/ 4888/4884/
f  4889/4885/ 4890/4886/ 4891/4887/ 4892/4888/
f  4893/4889/ 4894/4890/ 4895/4891/ 4896/4892/
f  4897/4893/ 4898/4894/ 4899/4895/ 4900/4896/
f  4901/4897/ 4902/4898/ 4903/4899/ 4904/4900/
f  4905/4901/ 4906/4902/ 4907/4903/ 4908/4904/
f  4909/4905/ 4910/4906/ 4911/4907/ 4912/4908/
f  4913/4909/ 4914/4910/ 4915/4911/ 4916/4912/
f  4917/4913/ 4918/4914/ 4919/4915/ 4920/4916/
f  4921/4917/ 4922/4918/ 4923/4919/ 4924/4920/
f  4925/4921/ 4926/4922/ 4927/4923/ 4928/4924/
f  4929/4925/ 4930/4926/ 4931/4927/ 4932/4928/
f  4933/4929/ 4934/4930/ 4935/4931/ 4936/4932/
f  4937/4933/ 4938/4934/ 4939/4935/ 4940/4936/
f  4941/4937/ 4942/4938/ 4943/4939/ 4944/4940/
f  4945/4941/ 4946/4942/ 4947/4943/ 4948/4944/
f  4949/4945/ 4950/4946/ 4951/4947/ 4952/4948/
f  4953/4949/ 4954/4950/ 4955/4951/ 4956/4952/
f  4957/4953/ 4958/4954/ 4959/4955/ 4960/4956/
f  4961/4957/ 4962/4958/ 4963/4959/ 4964/4960/
f  4965/4961/ 4966/4962/ 4967/4963/ 4968/4964/
f  4969/4965/ 4970/4966/ 4971/4967/ 4972/4968/
f  4973/4969/ 4974/4970/ 4975/4971/ 4976/4972/
f  4977/4973/ 4978/4974/ 4979/4975/ 4980/4976/
f  4981/4977/ 4982/4978/ 4983/4979/ 4984/4980/
f  4985/4981/ 4986/4982/ 4987/4983/ 4988/4984/
f  4989/4985/ 4990/4986/ 4991/4987/ 4992/4988/
f  4993/4989/ 4994/4990/ 4995/4991/ 4996/4992/
f  4997/4993/ 4998/4994/ 4999/4995/ 5000/4996/
f  5001/4997/ 5002/4998/ 5003/4999/ 5004/5000/
f  5005/5001/ 5006/5002/ 5007/5003/ 5008/5004/
f  5009/5005/ 5010/5006/ 5011/5007/ 5012/5008/
f  5013/5009/ 5014/5010/ 5015/5011/ 5016/5012/
f  5017/5013/ 5018/5014/ 5019/5015/ 5020/5016/
f  5021/5017/ 5022/5018/ 5023/5019/ 5024/5020/
f  5025/5021/ 5026/5022/ 5027/5023/ 5028/5024/
f  5029/5025/ 5030/5026/ 5031/5027/ 5032/5028/
f  5033/5029/ 5034/5030/ 5035/5031/ 5036/5032/
f  5037/5033/ 5038/5034/ 5039/5035/ 5040/5036/
f  5041/5037/ 5042/5038/ 5043/5039/ 5044/5040/
f  5045/5041/ 5046/5042/ 5047/5043/ 5048/5044/
f  5049/5045/ 5050/5046/ 5051/5047/ 5052/5048/
f  5053/5049/ 5054/5050/ 5055/5051/ 5056/5052/
f  5057/5053/ 5058/5054/ 5059/5055/ 5060/5056/
f  5061/5057/ 5062/5058/ 5063/5059/ 5064/5060/
f  5065/5061/ 5066/5062/ 5067/5063/ 5068/5064/
f  5069/5065/ 5070/5066/ 5071/5067/ 5072/5068/
f  5073/5069/ 5074/5070/ 5075/5071/ 5076/5072/
f  5077/5073/ 5078/5074/ 5079/5075/ 5080/5076/
f  5081/5077/ 5082/5078/ 5083/5079/ 5084/5080/
f  5085/5081/ 5086/5082/ 5087/5083/ 5088/5084/
f  5089/5085/ 5090/5086/ 5091/5087/ 5092/5088/
f  5093/5089/ 5094/5090/ 5095/5091/ 5096/5092/
f  5097/5093/ 5098/5094/ 5099/5095/ 5100/5096/
f  5101/5097/ 5102/5098/ 5103/5099/ 5104/5100/
f  5105/5101/ 5106/5102/ 5107/5103/ 5108/5104/
f  5109/5105/ 5110/5106/ 5111/5107/ 5112/5108/
f  5113/5109/ 5114/5110/ 5115/5111/ 5116/5112/
f  5117/5113/ 5118/5114/ 5119/5115/ 5120/5116/
f  5121/5117/ 5122/5118/ 5123/5119/ 5124/5120/
f  5125/5121/ 5126/5122/ 5127/5123/ 5128/5124/
f  5129/5125/ 5130/5126/ 5131/5127/ 5132/5128/
f  5133/5129/ 5134/5130/ 5135/5131/ 5136/5132/
f  5137/5133/ 5138/5134/ 5139/5135/ 5140/5136/
f  5141/5137/ 5142/5138/ 5143/5139/ 5144/5140/
f  5145/5141/ 5146/5142/ 5147/5143/ 5148/5144/
f  5149/5145/ 5150/5146/ 5151/5147/ 5152/5148/
f  5153/5149/ 5154/5150/ 5155/5151/ 5156/5152/
f  5157/5153/ 5158/5154/ 5159/5155/ 5160/5156/
f  5161/5157/ 5162/5158/ 5163/5159/ 5164/5160/
f  5165/5161/ 5166/5162/ 5167/5163/ 5168/5164/
f  5169/5165/ 5170/5166/ 5171/5167/ 5172/5168/
f  5173/5169/ 5174/5170/ 5175/5171/ 5176/5172/
f  5177/5173/ 5178/5174/ 5179/5175/ 5180/5176/
f  5181/5177/ 5182/5178/ 5183/5179/ 5184/5180/
f  5185/5181/ 5186/5182/ 5187/5183/ 5188/5184/
f  5189/5185/ 5190/5186/ 5191/5187/ 5192/5188/
f  5193/5189/ 5194/5190/ 5195/5191/ 5196/5192/
f  5197/5193/ 5198/5194/ 5199/5195/ 5200/5196/
f  5201/5197/ 5202/5198/ 5203/5199/ 5204/5200/
f  5205/5201/ 5206/5202/ 5207/5203/ 5208/5204/
f  5209/5205/ 5210/5206/ 5211/5207/ 5212/5208/
f  5213/5209/ 5214/5210/ 5215/5211/ 5216/5212/
f  5217/5213/ 5218/5214/ 5219/5215/ 5220/5216/
f  5221/5217/ 5222/5218/ 5223/5219/ 5224/5220/
f  5225/5221/ 5226/5222/ 5227/5223/ 5228/5224/
f  5229/5225/ 5230/5226/ 5231/5227/ 5232/5228/
f  5233/5229/ 5234/5230/ 5235/5231/ 5236/5232/
f  5237/5233/ 5238/5234/ 5239/5235/ 5240/5236/
f  5241/5237/ 5242/5238/ 5243/5239/ 5244/5240/
f  5245/5241/ 5246/5242/ 5247/5243/ 5248/5244/
f  5249/5245/ 5250/5246/ 5251/5247/ 5252/5248/
f  5253/5249/ 5254/5250/ 5255/5251/ 5256/5252/
f  5257/5253/ 5258/5254/ 5259/5255/ 5260/5256/
f  5261/5257/ 5262/5258/ 5263/5259/ 5264/5260/
f  5265/5261/ 5266/5262/ 5267/5263/ 5268/5264/
f  5269/5265/ 5270/5266/ 5271/5267/ 5272/5268/
f  5273/5269/ 5274/5270/ 5275/5271/ 5276/5272/
f  5277/5273/ 5278/5274/ 5279/5275/ 5280/5276/
f  5281/5277/ 5282/5278/ 5283/5279/ 5284/5280/
f  5285/5281/ 5286/5282/ 5287/5283/ 5288/5284/
f  5289/5285/ 5290/5286/ 5291/5287/ 5292/5288/
f  5293/5289/ 5294/5290/ 5295/5291/ 5296/5292/
f  5297/5293/ 5298/5294/ 5299/5295/ 5300/5296/
f  5301/5297/ 5302/5298/ 5303/5299/ 5304/5300/
f  5305/5301/ 5306/5302/ 5307/5303/ 5308/5304/
f  5309/5305/ 5310/5306/ 5311/5307/ 5312/5308/
f  5313/5309/ 5314/5310/ 5315/5311/ 5316/5312/
f  5317/5313/ 5318/5314/ 5319/5315/ 5320/5316/
f  5321/5317/ 5322/5318/ 5323/5319/ 5324/5320/
f  5325/5321/ 5326/5322/ 5327/5323/ 5328/5324/
f  5329/5325/ 5330/5326/ 5331/5327/ 5332/5328/
f  5333/5329/ 5334/5330/ 5335/5331/ 5336/5332/
f  5337/5333/ 5338/5334/ 5339/5335/ 5340/5336/
f  5341/5337/ 5342/5338/ 5343/5339/ 5344/5340/
f  5345/5341/ 5346/5342/ 5347/5343/ 5348/5344/
f  5349/5345/ 5350/5346/ 5351/5347/ 5352/5348/
f  5353/5349/ 5354/5350/ 5355/5351/ 5356/5352/
f  5357/5353/ 5358/5354/ 5359/5355/ 5360/5356/
f  5361/5357/ 5362/5358/ 5363/5359/ 5364/5360/
f  5365/5361/ 5366/5362/ 5367/5363/ 5368/5364/
f  5369/5365/ 5370/5366/ 5371/5367/ 5372/5368/
f  5373/5369/ 5374/5370/ 5375/5371/ 5376/5372/
f  5377/5373/ 5378/5374/ 5379/5375/ 5380/5376/
f  5381/5377/ 5382/5378/ 5383/5379/ 5384/5380/
f  5385/5381/ 5386/5382/ 5387/5383/ 5388/5384/
f  5389/5385/ 5390/5386/ 5391/5387/ 5392/5388/
f  5393/5389/ 5394/5390/ 5395/5391/ 5396/5392/
f  5397/5393/ 5398/5394/ 5399/5395/ 5400/5396/
f  5401/5397/ 5402/5398/ 5403/5399/ 5404/5400/
f  5405/5401/ 5406/5402/ 5407/5403/ 5408/5404/
f  5409/5405/ 5410/5406/ 5411/5407/ 5412/5408/
f  5413/5409/ 5414/5410/ 5415/5411/ 5416/5412/
f  5417/5413/ 5418/5414/ 5419/5415/ 5420/5416/
f  5421/5417/ 5422/5418/ 5423/5419/ 5424/5420/
f  5425/5421/ 5426/5422/ 5427/5423/ 5428/5424/
f  5429/5425/ 5430/5426/ 5431/5427/ 5432/5428/
f  5433/5429/ 5434/5430/ 5435/5431/ 5436/5432/
f  5437/5433/ 5438/5434/ 5439/5435/ 5440/5436/
f  5441/5437/ 5442/5438/ 5443/5439/ 5444/5440/
f  5445/5441/ 5446/5442/ 5447/5443/ 5448/5444/
f  5449/5445/ 5450/5446/ 5451/5447/ 5452/5448/
f  5453/5449/ 5454/5450/ 5455/5451/ 5456/5452/
f  5457/5453/ 5458/5454/ 5459/5455/ 5460/5456/
f  5461/5457/ 5462/5458/ 5463/5459/ 5464/5460/
f  5465/5461/ 5466/5462/ 5467/5463/ 5468/5464/
f  5469/5465/ 5470/5466/ 5471/5467/ 5472/5468/
f  5473/5469/ 5474/5470/ 5475/5471/ 5476/5472/
f  5477/5473/ 5478/5474/ 5479/5475/ 5480/5476/
f  5481/5477/ 5482/5478/ 5483/5479/ 5484/5480/
f  5485/5481/ 5486/5482/ 5487/5483/ 5488/5484/
f  5489/5485/ 5490/5486/ 5491/5487/ 5492/5488/
f  5493/5489/ 5494/5490/ 5495/5491/ 5496/5492/
f  5497/5493/ 5498/5494/ 5499/5495/ 5500/5496/
f  5501/5497/ 5502/5498/ 5503/5499/ 5504/5500/
f  5505/5501/ 5506/5502/ 5507/5503/ 5508/5504/
f  5509/5505/ 5510/5506/ 5511/5507/ 5512/5508/
f  5513/5509/ 5514/5510/ 5515/5511/ 5516/5512/
f  5517/5513/ 5518/5514/ 5519/5515/ 5520/5516/
f  5521/5517/ 5522/5518/ 5523/5519/ 5524/5520/
f  5525/5521/ 5526/5522/ 5527/5523/ 5528/5524/
f  5529/5525/ 5530/5526/ 5531/5527/ 5532/5528/
f  5533/5529/ 5534/5530/ 5535/5531/ 5536/5532/
f  5537/5533/ 5538/5534/ 5539/5535/ 5540/5536/
f  5541/5537/ 5542/5538/ 5543/5539/ 5544/5540/
f  5545/5541/ 5546/5542/ 5547/5543/ 5548/5544/
f  5549/5545/ 5550/5546/ 5551/5547/ 5552/5548/
f  5553/5549/ 5554/5550/ 5555/5551/ 5556/5552/
f  5557/5553/ 5558/5554/ 5559/5555/ 5560/5556/
f  5561/5557/ 5562/5558/ 5563/5559/ 5564/5560/
f  5565/5561/ 5566/5562/ 5567/5563/ 5568/5564/
f  5569/5565/ 5570/5566/ 5571/5567/ 5572/5568/
f  5573/5569/ 5574/5570/ 5575/5571/ 5576/5572/
f  5577/5573/ 5578/5574/ 5579/5575/ 5580/5576/
f  5581/5577/ 5582/5578/ 5583/5579/ 5584/5580/
f  5585/5581/ 5586/5582/ 5587/5583/ 5588/5584/
f  5589/5585/ 5590/5586/ 5591/5587/ 5592/5588/
f  5593/5589/ 5594/5590/ 5595/5591/ 5596/5592/
f  5597/5593/ 5598/5594/ 5599/5595/ 5600/5596/
f  5601/5597/ 5602/5598/ 5603/5599/ 5604/5600/
f  5605/5601/ 5606/5602/ 5607/5603/ 5608/5604/
f  5609/5605/ 5610/5606/ 5611/5607/ 5612/5608/
f  5613/5609/ 5614/5610/ 5615/5611/ 5616/5612/
f  5617/5613/ 5618/5614/ 5619/5615/ 5620/5616/
f  5621/5617/ 5622/5618/ 5623/5619/ 5624/5620/
f  5625/5621/ 5626/5622/ 5627/5623/ 5628/5624/
f  5629/5625/ 5630/5626/ 5631/5627/ 5632/5628/
f  5633/5629/ 5634/5630/ 5635/5631/ 5636/5632/
f  5637/5633/ 5638/5634/ 5639/5635/ 5640/5636/
f  5641/5637/ 5642/5638/ 5643/5639/ 5644/5640/
f  5645/5641/ 5646/5642/ 5647/5643/ 5648/5644/
f  5649/5645/ 5650/5646/ 5651/5647/ 5652/5648/
f  5653/5649/ 5654/5650/ 5655/5651/ 5656/5652/
f  5657/5653/ 5658/5654/ 5659/5655/ 5660/5656/
f  5661/5657/ 5662/5658/ 5663/5659/ 5664/5660/
f  5665/5661/ 5666/5662/ 5667/5663/ 5668/5664/
f  5669/5665/ 5670/5666/ 5671/5667/ 5672/5668/
f  5673/5669/ 5674/5670/ 5675/5671/ 5676/5672/
f  5677/5673/ 5678/5674/ 5679/5675/ 5680/5676/
f  5681/5677/ 5682/5678/ 5683/5679/ 5684/5680/
f  5685/5681/ 5686/5682/ 5687/5683/ 5688/5684/
f  5689/5685/ 5690/5686/ 5691/5687/ 5692/5688/
f  5693/5689/ 5694/5690/ 5695/5691/ 5696/5692/
f  5697/5693/ 5698/5694/ 5699/5695/ 5700/5696/
f  5701/5697/ 5702/5698/ 5703/5699/ 5704/5700/
f  5705/5701/ 5706/5702/ 5707/5703/ 5708/5704/
f  5709/5705/ 5710/5706/ 5711/5707/ 5712/5708/
f  5713/5709/ 5714/5710/ 5715/5711/ 5716/5712/
f  5717/5713/ 5718/5714/ 5719/5715/ 5720/5716/
f  5721/5717/ 5722/5718/ 5723/5719/ 5724/5720/
f  5725/5721/ 5726/5722/ 5727/5723/ 5728/5724/
f  5729/5725/ 5730/5726/ 5731/5727/ 5732/5728/
f  5733/5729/ 5734/5730/ 5735/5731/ 5736/5732/
f  5737/5733/ 5738/5734/ 5739/5735/ 5740/5736/
f  5741/5737/ 5742/5738/ 5743/5739/ 5744/5740/
f  5745/5741/ 5746/5742/ 5747/5743/ 5748/5744/
f  5749/5745/ 5750/5746/ 5751/5747/ 5752/5748/
f  5753/5749/ 5754/5750/ 5755/5751/ 5756/5752/
f  5757/5753/ 5758/5754/ 5759/5755/ 5760/5756/
f  5761/5757/ 5762/5758/ 5763/5759/ 5764/5760/
f  5765/5761/ 5766/5762/ 5767/5763/ 5768/5764/
f  5769/5765/ 5770/5766/ 5771/5767/ 5772/5768/
f  5773/5769/ 5774/5770/ 5775/5771/ 5776/5772/
f  5777/5773/ 5778/5774/ 5779/5775/ 5780/5776/
f  5781/5777/ 5782/5778/ 5783/5779/ 5784/5780/
f  5785/5781/ 5786/5782/ 5787/5783/ 5788/5784/
f  5789/5785/ 5790/5786/ 5791/5787/ 5792/5788/
f  5793/5789/ 5794/5790/ 5795/5791/ 5796/5792/
f  5797/5793/ 5798/5794/ 5799/5795/ 5800/5796/
f  5801/5797/ 5802/5798/ 5803/5799/ 5804/5800/
f  5805/5801/ 5806/5802/ 5807/5803/ 5808/5804/
f  5809/5805/ 5810/5806/ 5811/5807/ 5812/5808/
f  5813/5809/ 5814/5810/ 5815/5811/ 5816/5812/
f  5817/5813/ 5818/5814/ 5819/5815/ 5820/5816/
f  5821/5817/ 5822/5818/ 5823/5819/ 5824/5820/
f  5825/5821/ 5826/5822/ 5827/5823/ 5828/5824/
f  5829/5825/ 5830/5826/ 5831/5827/ 5832/5828/
f  5833/5829/ 5834/5830/ 5835/5831/ 5836/5832/
f  5837/5833/ 5838/5834/ 5839/5835/ 5840/5836/
f  5841/5837/ 5842/5838/ 5843/5839/ 5844/5840/
f  5845/5841/ 5846/5842/ 5847/5843/ 5848/5844/
f  5849/5845/ 5850/5846/ 5851/5847/ 5852/5848/
f  5853/5849/ 5854/5850/ 5855/5851/ 5856/5852/
f  5857/5853/ 5858/5854/ 5859/5855/ 5860/5856/
f  5861/5857/ 5862/5858/ 5863/5859/ 5864/5860/
f  5865/5861/ 5866/5862/ 5867/5863/ 5868/5864/
f  5869/5865/ 5870/5866/ 5871/5867/ 5872/5868/
f  5873/5869/ 5874/5870/ 5875/5871/ 5876/5872/
f  5877/5873/ 5878/5874/ 5879/5875/ 5880/5876/
f  5881/5877/ 5882/5878/ 5883/5879/ 5884/5880/
f  5885/5881/ 5886/5882/ 5887/5883/ 5888/5884/
f  5889/5885/ 5890/5886/ 5891/5887/ 5892/5888/
f  5893/5889/ 5894/5890/ 5895/5891/ 5896/5892/
f  5897/5893/ 5898/5894/ 5899/5895/ 5900/5896/
f  5901/5897/ 5902/5898/ 5903/5899/ 5904/5900/
f  5905/5901/ 5906/5902/ 5907/5903/ 5908/5904/
f  5909/5905/ 5910/5906/ 5911/5907/ 5912/5908/
f  5913/5909/ 5914/5910/ 5915/5911/ 5916/5912/
f  5917/5913/ 5918/5914/ 5919/5915/ 5920/5916/
f  5921/5917/ 5922/5918/ 5923/5919/ 5924/5920/
f  5925/5921/ 5926/5922/ 5927/5923/ 5928/5924/
f  5929/5925/ 5930/5926/ 5931/5927/ 5932/5928/
f  5933/5929/ 5934/5930/ 5935/5931/ 5936/5932/
f  5937/5933/ 5938/5934/ 5939/5935/ 5940/5936/
f  5941/5937/ 5942/5938/ 5943/5939/ 5944/5940/
f  5945/5941/ 5946/5942/ 5947/5943/ 5948/5944/
f  5949/5945/ 5950/5946/ 5951/5947/ 5952/5948/
f  5953/5949/ 5954/5950/ 5955/5951/ 5956/5952/
f  5957/5953/ 5958/5954/ 5959/5955/ 5960/5956/
f  5961/5957/ 5962/5958/ 5963/5959/ 5964/5960/
f  5965/5961/ 5966/5962/ 5967/5963/ 5968/5964/
f  5969/5965/ 5970/5966/ 5971/5967/ 5972/5968/
f  5973/5969/ 5974/5970/ 5975/5971/ 5976/5972/
f  5977/5973/ 5978/5974/ 5979/5975/ 5980/5976/
f  5981/5977/ 5982/5978/ 5983/5979/ 5984/5980/
f  5985/5981/ 5986/5982/ 5987/5983/ 5988/5984/
f  5989/5985/ 5990/5986/ 5991/5987/ 5992/5988/
f  5993/5989/ 5994/5990/ 5995/5991/ 5996/5992/
f  5997/5993/ 5998/5994/ 5999/5995/ 6000/5996/
f  6001/5997/ 6002/5998/ 6003/5999/ 6004/6000/
f  6005/6001/ 6006/6002/ 6007/6003/ 6008/6004/
f  6009/6005/ 6010/6006/ 6011/6007/ 6012/6008/
f  6013/6009/ 6014/6010/ 6015/6011/ 6016/6012/
f  6017/6013/ 6018/6014/ 6019/6015/ 6020/6016/
f  6021/6017/ 6022/6018/ 6023/6019/ 6024/6020/
f  6025/6021/ 6026/6022/ 6027/6023/ 6028/6024/
f  6029/6025/ 6030/6026/ 6031/6027/ 6032/6028/
f  6033/6029/ 6034/6030/ 6035/6031/ 6036/6032/
f  6037/6033/ 6038/6034/ 6039/6035/ 6040/6036/
f  6041/6037/ 6042/6038/ 6043/6039/ 6044/6040/
f  6045/6041/ 6046/6042/ 6047/6043/ 6048/6044/
f  6049/6045/ 6050/6046/ 6051/6047/ 6052/6048/
f  6053/6049/ 6054/6050/ 6055/6051/ 6056/6052/
f  6057/6053/ 6058/6054/ 6059/6055/ 6060/6056/
f  6061/6057/ 6062/6058/ 6063/6059/ 6064/6060/
f  6065/6061/ 6066/6062/ 6067/6063/ 6068/6064/
f  6069/6065/ 6070/6066/ 6071/6067/ 6072/6068/
f  6073/6069/ 6074/6070/ 6075/6071/ 6076/6072/
f  6077/6073/ 6078/6074/ 6079/6075/ 6080/6076/
f  6081/6077/ 6082/6078/ 6083/6079/ 6084/6080/
f  6085/6081/ 6086/6082/ 6087/6083/ 6088/6084/
f  6089/6085/ 6090/6086/ 6091/6087/ 6092/6088/
f  6093/6089/ 6094/6090/ 6095/6091/ 6096/6092/
f  6097/6093/ 6098/6094/ 6099/6095/ 6100/6096/
f  6101/6097/ 6102/6098/ 6103/6099/ 6104/6100/
f  6105/6101/ 6106/6102/ 6107/6103/ 6108/6104/
f  6109/6105/ 6110/6106/ 6111/6107/ 6112/6108/
f  6113/6109/ 6114/6110/ 6115/6111/ 6116/6112/
f  6117/6113/ 6118/6114/ 6119/6115/ 6120/6116/
f  6121/6117/ 6122/6118/ 6123/6119/ 6124/6120/
f  6125/6121/ 6126/6122/ 6127/6123/ 6128/6124/
f  6129/6125/ 6130/6126/ 6131/6127/ 6132/6128/
f  6133/6129/ 6134/6130/ 6135/6131/ 6136/6132/
f  6137/6133/ 6138/6134/ 6139/6135/ 6140/6136/
f  6141/6137/ 6142/6138/ 6143/6139/ 6144/6140/
f  6145/6141/ 6146/6142/ 6147/6143/ 6148/6144/
f  6149/6145/ 6150/6146/ 6151/6147/ 6152/6148/
f  6153/6149/ 6154/6150/ 6155/6151/ 6156/6152/
f  6157/6153/ 6158/6154/ 6159/6155/ 6160/6156/
f  6161/6157/ 6162/6158/ 6163/6159/ 6164/6160/
f  6165/6161/ 6166/6162/ 6167/6163/ 6168/6164/
f  6169/6165/ 6170/6166/ 6171/6167/ 6172/6168/
f  6173/6169/ 6174/6170/ 6175/6171/ 6176/6172/
f  6177/6173/ 6178/6174/ 6179/6175/ 6180/6176/
f  6181/6177/ 6182/6178/ 6183/6179/ 6184/6180/
f  6185/6181/ 6186/6182/ 6187/6183/ 6188/6184/
f  6189/6185/ 6190/6186/ 6191/6187/ 6192/6188/
f  6193/6189/ 6194/6190/ 6195/6191/ 6196/6192/
f  6197/6193/ 6198/6194/ 6199/6195/ 6200/6196/
f  6201/6197/ 6202/6198/ 6203/6199/ 6204/6200/
f  6205/6201/ 6206/6202/ 6207/6203/ 6208/6204/
f  6209/6205/ 6210/6206/ 6211/6207/ 6212/6208/
f  6213/6209/ 6214/6210/ 6215/6211/ 6216/6212/
f  6217/6213/ 6218/6214/ 6219/6215/ 6220/6216/
f  6221/6217/ 6222/6218/ 6223/6219/ 6224/6220/
f  6225/6221/ 6226/6222/ 6227/6223/ 6228/6224/
f  6229/6225/ 6230/6226/ 6231/6227/ 6232/6228/
f  6233/6229/ 6234/6230/ 6235/6231/ 6236/6232/
f  6237/6233/ 6238/6234/ 6239/6235/ 6240/6236/
f  6241/6237/ 6242/6238/ 6243/6239/ 6244/6240/
f  6245/6241/ 6246/6242/ 6247/6243/ 6248/6244/
f  6249/6245/ 6250/6246/ 6251/6247/ 6252/6248/
f  6253/6249/ 6254/6250/ 6255/6251/ 6256/6252/
f  6257/6253/ 6258/6254/ 6259/6255/ 6260/6256/
f  6261/6257/ 6262/6258/ 6263/6259/ 6264/6260/
f  6265/6261/ 6266/6262/ 6267/6263/ 6268/6264/
f  6269/6265/ 6270/6266/ 6271/6267/ 6272/6268/
f  6273/6269/ 6274/6270/ 6275/6271/ 6276/6272/
f  6277/6273/ 6278/6274/ 6279/6275/ 6280/6276/
f  6281/6277/ 6282/6278/ 6283/6279/ 6284/6280/
f  6285/6281/ 6286/6282/ 6287/6283/ 6288/6284/
f  6289/6285/ 6290/6286/ 6291/6287/ 6292/6288/
f  6293/6289/ 6294/6290/ 6295/6291/ 6296/6292/
f  6297/6293/ 6298/6294/ 6299/6295/ 6300/6296/
f  6301/6297/ 6302/6298/ 6303/6299/ 6304/6300/
f  6305/6301/ 6306/6302/ 6307/6303/ 6308/6304/
f  6309/6305/ 6310/6306/ 6311/6307/ 6312/6308/
f  6313/6309/ 6314/6310/ 6315/6311/ 6316/6312/
f  6317/6313/ 6318/6314/ 6319/6315/ 6320/6316/
f  6321/6317/ 6322/6318/ 6323/6319/ 6324/6320/
f  6325/6321/ 6326/6322/ 6327/6323/ 6328/6324/
f  6329/6325/ 6330/6326/ 6331/6327/ 6332/6328/
f  6333/6329/ 6334/6330/ 6335/6331/ 6336/6332/
f  6337/6333/ 6338/6334/ 6339/6335/ 6340/6336/
f  6341/6337/ 6342/6338/ 6343/6339/ 6344/6340/
f  6345/6341/ 6346/6342/ 6347/6343/ 6348/6344/
f  6349/6345/ 6350/6346/ 6351/6347/ 6352/6348/
f  6353/6349/ 6354/6350/ 6355/6351/ 6356/6352/
f  6357/6353/ 6358/6354/ 6359/6355/ 6360/6356/
f  6361/6357/ 6362/6358/ 6363/6359/ 6364/6360/
f  6365/6361/ 6366/6362/ 6367/6363/ 6368/6364/
f  6369/6365/ 6370/6366/ 6371/6367/ 6372/6368/
f  6373/6369/ 6374/6370/ 6375/6371/ 6376/6372/
f  6377/6373/ 6378/6374/ 6379/6375/ 6380/6376/
f  6381/6377/ 6382/6378/ 6383/6379/ 6384/6380/
f  6385/6381/ 6386/6382/ 6387/6383/ 6388/6384/
f  6389/6385/ 6390/6386/ 6391/6387/ 6392/6388/
f  6393/6389/ 6394/6390/ 6395/6391/ 6396/6392/
f  6397/6393/ 6398/6394/ 6399/6395/ 6400/6396/
f  6401/6397/ 6402/6398/ 6403/6399/ 6404/6400/
f  6405/6401/ 6406/6402/ 6407/6403/ 6408/6404/
f  6409/6405/ 6410/6406/ 6411/6407/ 6412/6408/
f  6413/6409/ 6414/6410/ 6415/6411/ 6416/6412/
f  6417/6413/ 6418/6414/ 6419/6415/ 6420/6416/
f  6421/6417/ 6422/6418/ 6423/6419/ 6424/6420/
f  6425/6421/ 6426/6422/ 6427/6423/ 6428/6424/
f  6429/6425/ 6430/6426/ 6431/6427/ 6432/6428/
f  6433/6429/ 6434/6430/ 6435/6431/ 6436/6432/
f  6437/6433/ 6438/6434/ 6439/6435/ 6440/6436/
f  6441/6437/ 6442/6438/ 6443/6439/ 6444/6440/
f  6445/6441/ 6446/6442/ 6447/6443/ 6448/6444/
f  6449/6445/ 6450/6446/ 6451/6447/ 6452/6448/
f  6453/6449/ 6454/6450/ 6455/6451/ 6456/6452/
f  6457/6453/ 6458/6454/ 6459/6455/ 6460/6456/
f  6461/6457/ 6462/6458/ 6463/6459/ 6464/6460/
f  6465/6461/ 6466/6462/ 6467/6463/ 6468/6464/
f  6469/6465/ 6470/6466/ 6471/6467/ 6472/6468/
f  6473/6469/ 6474/6470/ 6475/6471/ 6476/6472/
f  6477/6473/ 6478/6474/ 6479/6475/ 6480/6476/
f  6481/6477/ 6482/6478/ 6483/6479/ 6484/6480/
f  6485/6481/ 6486/6482/ 6487/6483/ 6488/6484/
f  6489/6485/ 6490/6486/ 6491/6487/ 6492/6488/
f  6493/6489/ 6494/6490/ 6495/6491/ 6496/6492/
f  6497/6493/ 6498/6494/ 6499/6495/ 6500/6496/
f  6501/6497/ 6502/6498/ 6503/6499/ 6504/6500/
f  6505/6501/ 6506/6502/ 6507/6503/ 6508/6504/
f  6509/6505/ 6510/6506/ 6511/6507/ 6512/6508/
f  6513/6509/ 6514/6510/ 6515/6511/ 6516/6512/
f  6517/6513/ 6518/6514/ 6519/6515/ 6520/6516/
f  6521/6517/ 6522/6518/ 6523/6519/ 6524/6520/
f  6525/6521/ 6526/6522/ 6527/6523/ 6528/6524/
f  6529/6525/ 6530/6526/ 6531/6527/ 6532/6528/
f  6533/6529/ 6534/6530/ 6535/6531/ 6536/6532/
f  6537/6533/ 6538/6534/ 6539/6535/ 6540/6536/
f  6541/6537/ 6542/6538/ 6543/6539/ 6544/6540/
f  6545/6541/ 6546/6542/ 6547/6543/ 6548/6544/
f  6549/6545/ 6550/6546/ 6551/6547/ 6552/6548/
f  6553/6549/ 6554/6550/ 6555/6551/ 6556/6552/
f  6557/6553/ 6558/6554/ 6559/6555/ 6560/6556/
f  6561/6557/ 6562/6558/ 6563/6559/ 6564/6560/
f  6565/6561/ 6566/6562/ 6567/6563/ 6568/6564/
f  6569/6565/ 6570/6566/ 6571/6567/ 6572/6568/
f  6573/6569/ 6574/6570/ 6575/6571/ 6576/6572/
f  6577/6573/ 6578/6574/ 6579/6575/ 6580/6576/
f  6581/6577/ 6582/6578/ 6583/6579/ 6584/6580/
f  6585/6581/ 6586/6582/ 6587/6583/ 6588/6584/
f  6589/6585/ 6590/6586/ 6591/6587/ 6592/6588/
f  6593/6589/ 6594/6590/ 6595/6591/ 6596/6592/
f  6597/6593/ 6598/6594/ 6599/6595/ 6600/6596/
f  6601/6597/ 6602/6598/ 6603/6599/ 6604/6600/
f  6605/6601/ 6606/6602/ 6607/6603/ 6608/6604/
f  6609/6605/ 6610/6606/ 6611/6607/ 6612/6608/
f  6613/6609/ 6614/6610/ 6615/6611/ 6616/6612/
f  6617/6613/ 6618/6614/ 6619/6615/ 6620/6616/
f  6621/6617/ 6622/6618/ 6623/6619/ 6624/6620/
f  6625/6621/ 6626/6622/ 6627/6623/ 6628/6624/
f  6629/6625/ 6630/6626/ 6631/6627/ 6632/6628/
f  6633/6629/ 6634/6630/ 6635/6631/ 6636/6632/
f  6637/6633/ 6638/6634/ 6639/6635/ 6640/6636/
f  6641/6637/ 6642/6638/ 6643/6639/ 6644/6640/
f  6645/6641/ 6646/6642/ 6647/6643/ 6648/6644/
f  6649/6645/ 6650/6646/ 6651/6647/ 6652/6648/
f  6653/6649/ 6654/6650/ 6655/6651/ 6656/6652/
f  6657/6653/ 6658/6654/ 6659/6655/ 6660/6656/
f  6661/6657/ 6662/6658/ 6663/6659/ 6664/6660/
f  6665/6661/ 6666/6662/ 6667/6663/ 6668/6664/
f  6669/6665/ 6670/6666/ 6671/6667/ 6672/6668/
f  6673/6669/ 6674/6670/ 6675/6671/ 6676/6672/
f  6677/6673/ 6678/6674/ 6679/6675/ 6680/6676/
f  6681/6677/ 6682/6678/ 6683/6679/ 6684/6680/
f  6685/6681/ 6686/6682/ 6687/6683/ 6688/6684/
f  6689/6685/ 6690/6686/ 6691/6687/ 6692/6688/
f  6693/6689/ 6694/6690/ 6695/6691/ 6696/6692/
f  6697/6693/ 6698/6694/ 6699/6695/ 6700/6696/
f  6701/6697/ 6702/6698/ 6703/6699/ 6704/6700/
f  6705/6701/ 6706/6702/ 6707/6703/ 6708/6704/
f  6709/6705/ 6710/6706/ 6711/6707/ 6712/6708/
f  6713/6709/ 6714/6710/ 6715/6711/ 6716/6712/
f  6717/6713/ 6718/6714/ 6719/6715/ 6720/6716/
f  6721/6717/ 6722/6718/ 6723/6719/ 6724/6720/
f  6725/6721/ 6726/6722/ 6727/6723/ 6728/6724/
f  6729/6725/ 6730/6726/ 6731/6727/ 6732/6728/
f  6733/6729/ 6734/6730/ 6735/6731/ 6736/6732/
f  6737/6733/ 6738/6734/ 6739/6735/ 6740/6736/
f  6741/6737/ 6742/6738/ 6743/6739/ 6744/6740/
f  6745/6741/ 6746/6742/ 6747/6743/ 6748/6744/
f  6749/6745/ 6750/6746/ 6751/6747/ 6752/6748/
f  6753/6749/ 6754/6750/ 6755/6751/ 6756/6752/
f  6757/6753/ 6758/6754/ 6759/6755/ 6760/6756/
f  6761/6757/ 6762/6758/ 6763/6759/ 6764/6760/
f  6765/6761/ 6766/6762/ 6767/6763/ 6768/6764/
f  6769/6765/ 6770/6766/ 6771/6767/ 6772/6768/
f  6773/6769/ 6774/6770/ 6775/6771/ 6776/6772/
f  6777/6773/ 6778/6774/ 6779/6775/ 6780/6776/
f  6781/6777/ 6782/6778/ 6783/6779/ 6784/6780/
f  6785/6781/ 6786/6782/ 6787/6783/ 6788/6784/
f  6789/6785/ 6790/6786/ 6791/6787/ 6792/6788/
f  6793/6789/ 6794/6790/ 6795/6791/ 6796/6792/
f  6797/6793/ 6798/6794/ 6799/6795/ 6800/6796/
f  6801/6797/ 6802/6798/ 6803/6799/ 6804/6800/
f  6805/6801/ 6806/6802/ 6807/6803/ 6808/6804/
f  6809/6805/ 6810/6806/ 6811/6807/ 6812/6808/
f  6813/6809/ 6814/6810/ 6815/6811/ 6816/6812/
f  6817/6813/ 6818/6814/ 6819/6815/ 6820/6816/
f  6821/6817/ 6822/6818/ 6823/6819/ 6824/6820/
f  6825/6821/ 6826/6822/ 6827/6823/ 6828/6824/
f  6829/6825/ 6830/6826/ 6831/6827/ 6832/6828/
f  6833/6829/ 6834/6830/ 6835/6831/ 6836/6832/
f  6837/6833/ 6838/6834/ 6839/6835/ 6840/6836/
f  6841/6837/ 6842/6838/ 6843/6839/ 6844/6840/
f  6845/6841/ 6846/6842/ 6847/6843/ 6848/6844/
f  6849/6845/ 6850/6846/ 6851/6847/ 6852/6848/
f  6853/6849/ 6854/6850/ 6855/6851/ 6856/6852/
f  6857/6853/ 6858/6854/ 6859/6855/ 6860/6856/
f  6861/6857/ 6862/6858/ 6863/6859/ 6864/6860/
f  6865/6861/ 6866/6862/ 6867/6863/ 6868/6864/
f  6869/6865/ 6870/6866/ 6871/6867/ 6872/6868/
f  6873/6869/ 6874/6870/ 6875/6871/ 6876/6872/
f  6877/6873/ 6878/6874/ 6879/6875/ 6880/6876/
f  6881/6877/ 6882/6878/ 6883/6879/ 6884/6880/
f  6885/6881/ 6886/6882/ 6887/6883/ 6888/6884/
f  6889/6885/ 6890/6886/ 6891/6887/ 6892/6888/
f  6893/6889/ 6894/6890/ 6895/6891/ 6896/6892/
f  6897/6893/ 6898/6894/ 6899/6895/ 6900/6896/
f  6901/6897/ 6902/6898/ 6903/6899/ 6904/6900/
f  6905/6901/ 6906/6902/ 6907/6903/ 6908/6904/
f  6909/6905/ 6910/6906/ 6911/6907/ 6912/6908/
f  6913/6909/ 6914/6910/ 6915/6911/ 6916/6912/
f  6917/6913/ 6918/6914/ 6919/6915/ 6920/6916/
f  6921/6917/ 6922/6918/ 6923/6919/ 6924/6920/
f  6925/6921/ 6926/6922/ 6927/6923/ 6928/6924/
f  6929/6925/ 6930/6926/ 6931/6927/ 6932/6928/
f  6933/6929/ 6934/6930/ 6935/6931/ 6936/6932/
f  6937/6933/ 6938/6934/ 6939/6935/ 6940/6936/
f  6941/6937/ 6942/6938/ 6943/6939/ 6944/6940/
f  6945/6941/ 6946/6942/ 6947/6943/ 6948/6944/
f  6949/6945/ 6950/6946/ 6951/6947/ 6952/6948/
f  6953/6949/ 6954/6950/ 6955/6951/ 6956/6952/
f  6957/6953/ 6958/6954/ 6959/6955/ 6960/6956/
f  6961/6957/ 6962/6958/ 6963/6959/ 6964/6960/
f  6965/6961/ 6966/6962/ 6967/6963/ 6968/6964/
f  6969/6965/ 6970/6966/ 6971/6967/ 6972/6968/
f  6973/6969/ 6974/6970/ 6975/6971/ 6976/6972/
f  6977/6973/ 6978/6974/ 6979/6975/ 6980/6976/
f  6981/6977/ 6982/6978/ 6983/6979/ 6984/6980/
f  6985/6981/ 6986/6982/ 6987/6983/ 6988/6984/
f  6989/6985/ 6990/6986/ 6991/6987/ 6992/6988/
f  6993/6989/ 6994/6990/ 6995/6991/ 6996/6992/
f  6997/6993/ 6998/6994/ 6999/6995/ 7000/6996/
f  7001/6997/ 7002/6998/ 7003/6999/ 7004/7000/
f  7005/7001/ 7006/7002/ 7007/7003/ 7008/7004/
f  7009/7005/ 7010/7006/ 7011/7007/ 7012/7008/
f  7013/7009/ 7014/7010/ 7015/7011/ 7016/7012/
f  7017/7013/ 7018/7014/ 7019/7015/ 7020/7016/
f  7021/7017/ 7022/7018/ 7023/7019/ 7024/7020/
f  7025/7021/ 7026/7022/ 7027/7023/ 7028/7024/
f  7029/7025/ 7030/7026/ 7031/7027/ 7032/7028/
f  7033/7029/ 7034/7030/ 7035/7031/ 7036/7032/
f  7037/7033/ 7038/7034/ 7039/7035/ 7040/7036/
f  7041/7037/ 7042/7038/ 7043/7039/ 7044/7040/
f  7045/7041/ 7046/7042/ 7047/7043/ 7048/7044/
f  7049/7045/ 7050/7046/ 7051/7047/ 7052/7048/
f  7053/7049/ 7054/7050/ 7055/7051/ 7056/7052/
f  7057/7053/ 7058/7054/ 7059/7055/ 7060/7056/
f  7061/7057/ 7062/7058/ 7063/7059/ 7064/7060/
f  7065/7061/ 7066/7062/ 7067/7063/ 7068/7064/
f  7069/7065/ 7070/7066/ 7071/7067/ 7072/7068/
f  7073/7069/ 7074/7070/ 7075/7071/ 7076/7072/
f  7077/7073/ 7078/7074/ 7079/7075/ 7080/7076/
f  7081/7077/ 7082/7078/ 7083/7079/ 7084/7080/
f  7085/7081/ 7086/7082/ 7087/7083/ 7088/7084/
f  7089/7085/ 7090/7086/ 7091/7087/ 7092/7088/
f  7093/7089/ 7094/7090/ 7095/7091/ 7096/7092/
f  7097/7093/ 7098/7094/ 7099/7095/ 7100/7096/
f  7101/7097/ 7102/7098/ 7103/7099/ 7104/7100/
f  7105/7101/ 7106/7102/ 7107/7103/ 7108/7104/
f  7109/7105/ 7110/7106/ 7111/7107/ 7112/7108/
f  7113/7109/ 7114/7110/ 7115/7111/ 7116/7112/
f  7117/7113/ 7118/7114/ 7119/7115/ 7120/7116/
f  7121/7117/ 7122/7118/ 7123/7119/ 7124/7120/
f  7125/7121/ 7126/7122/ 7127/7123/ 7128/7124/
f  7129/7125/ 7130/7126/ 7131/7127/ 7132/7128/
f  7133/7129/ 7134/7130/ 7135/7131/ 7136/7132/
f  7137/7133/ 7138/7134/ 7139/7135/ 7140/7136/
f  7141/7137/ 7142/7138/ 7143/7139/ 7144/7140/
f  7145/7141/ 7146/7142/ 7147/7143/ 7148/7144/
f  7149/7145/ 7150/7146/ 7151/7147/ 7152/7148/
f  7153/7149/ 7154/7150/ 7155/7151/ 7156/7152/
f  7157/7153/ 7158/7154/ 7159/7155/ 7160/7156/
f  7161/7157/ 7162/7158/ 7163/7159/ 7164/7160/
f  7165/7161/ 7166/7162/ 7167/7163/ 7168/7164/
f  7169/7165/ 7170/7166/ 7171/7167/ 7172/7168/
f  7173/7169/ 7174/7170/ 7175/7171/ 7176/7172/
f  7177/7173/ 7178/7174/ 7179/7175/ 7180/7176/
f  7181/7177/ 7182/7178/ 7183/7179/ 7184/7180/
f  7185/7181/ 7186/7182/ 7187/7183/ 7188/7184/
f  7189/7185/ 7190/7186/ 7191/7187/ 7192/7188/
f  7193/7189/ 7194/7190/ 7195/7191/ 7196/7192/
f  7197/7193/ 7198/7194/ 7199/7195/ 7200/7196/
f  7201/7197/ 7202/7198/ 7203/7199/ 7204/7200/
f  7205/7201/ 7206/7202/ 7207/7203/ 7208/7204/
f  7209/7205/ 7210/7206/ 7211/7207/ 7212/7208/
f  7213/7209/ 7214/7210/ 7215/7211/ 7216/7212/
f  7217/7213/ 7218/7214/ 7219/7215/ 7220/7216/
f  7221/7217/ 7222/7218/ 7223/7219/ 7224/7220/
f  7225/7221/ 7226/7222/ 7227/7223/ 7228/7224/
f  7229/7225/ 7230/7226/ 7231/7227/ 7232/7228/
f  7233/7229/ 7234/7230/ 7235/7231/ 7236/7232/
f  7237/7233/ 7238/7234/ 7239/7235/ 7240/7236/
f  7241/7237/ 7242/7238/ 7243/7239/ 7244/7240/
f  7245/7241/ 7246/7242/ 7247/7243/ 7248/7244/
f  7249/7245/ 7250/7246/ 7251/7247/ 7252/7248/
f  7253/7249/ 7254/7250/ 7255/7251/ 7256/7252/
f  7257/7253/ 7258/7254/ 7259/7255/ 7260/7256/
f  7261/7257/ 7262/7258/ 7263/7259/ 7264/7260/
f  7265/7261/ 7266/7262/ 7267/7263/ 7268/7264/
f  7269/7265/ 7270/7266/ 7271/7267/ 7272/7268/
f  7273/7269/ 7274/7270/ 7275/7271/ 7276/7272/
f  7277/7273/ 7278/7274/ 7279/7275/ 7280/7276/
f  7281/7277/ 7282/7278/ 7283/7279/ 7284/7280/
f  7285/7281/ 7286/7282/ 7287/7283/ 7288/7284/
f  7289/7285/ 7290/7286/ 7291/7287/ 7292/7288/
f  7293/7289/ 7294/7290/ 7295/7291/ 7296/7292/
f  7297/7293/ 7298/7294/ 7299/7295/ 7300/7296/
f  7301/7297/ 7302/7298/ 7303/7299/ 7304/7300/
f  7305/7301/ 7306/7302/ 7307/7303/ 7308/7304/
f  7309/7305/ 7310/7306/ 7311/7307/ 7312/7308/
f  7313/7309/ 7314/7310/ 7315/7311/ 7316/7312/

