{"nodes":{"node:11":{"location":{"x":74,"y":608}},"node:15":{"location":{"x":-93,"y":432}},"node:19":{"location":{"x":74,"y":336}},"node:23":{"location":{"x":74,"y":400}},"node:27":{"location":{"x":74,"y":464}},"node:31":{"location":{"x":74,"y":528}},"node:35":{"location":{"x":-77,"y":144}},"node:39":{"location":{"x":83,"y":48}},"node:4":{"location":{"x":-301,"y":288}},"node:43":{"location":{"x":83,"y":112}},"node:47":{"location":{"x":83,"y":176}},"node:51":{"location":{"x":83,"y":240}},"node:55":{"location":{"x":-77,"y":-160}},"node:59":{"location":{"x":83,"y":-256}},"node:63":{"location":{"x":83,"y":-192}},"node:67":{"location":{"x":83,"y":-128}},"node:7":{"location":{"x":-93,"y":608}},"node:71":{"location":{"x":83,"y":-64}}},"selection":["node:15"],"view":{"scroll":{"x":-212.057342529296875,"y":92.587493896484375},"visible_rect":{"max":{"x":243.675521850585938,"y":775.68353271484375},"min":{"x":-307.6956787109375,"y":134.351699829101562}},"zoom":0.689190864562988281}}