{"nodes":{"node:11":{"location":{"x":3,"y":-16}},"node:15":{"location":{"x":3,"y":48}},"node:19":{"location":{"x":3,"y":112}},"node:23":{"location":{"x":3,"y":176}},"node:4":{"location":{"x":-310,"y":80}},"node:7":{"location":{"x":-150,"y":80}}},"selection":null,"view":{"scroll":{"x":-256.31494140625,"y":-131.576309204101562},"visible_rect":{"max":{"x":160.399993896484375,"y":376.633697509765625},"min":{"x":-332.399993896484375,"y":-170.633697509765625}},"zoom":0.771103918552398682}}