{"nodes":{"node:11":{"location":{"x":42,"y":112}},"node:15":{"location":{"x":42,"y":176}},"node:19":{"location":{"x":42,"y":240}},"node:23":{"location":{"x":42,"y":304}},"node:27":{"location":{"x":-102,"y":0}},"node:31":{"location":{"x":42,"y":-32}},"node:35":{"location":{"x":42,"y":32}},"node:4":{"location":{"x":-326,"y":80}},"node:7":{"location":{"x":-109,"y":208}}},"selection":null,"view":{"scroll":{"x":-241.165740966796875,"y":-101.800643920898438},"visible_rect":{"max":{"x":202.149978637695312,"y":466.22705078125},"min":{"x":-351.149993896484375,"y":-148.227081298828125}},"zoom":0.686788380146026611}}