{"nodes":{"node:11":{"location":{"x":3,"y":-448}},"node:15":{"location":{"x":3,"y":-384}},"node:19":{"location":{"x":3,"y":-320}},"node:23":{"location":{"x":3,"y":-256}},"node:27":{"location":{"x":-141,"y":-144}},"node:31":{"location":{"x":10,"y":-176}},"node:35":{"location":{"x":10,"y":-96}},"node:4":{"location":{"x":-301,"y":-256}},"node:7":{"location":{"x":-150,"y":-352}}},"selection":null,"view":{"scroll":{"x":-209.46270751953125,"y":-493.04144287109375},"visible_rect":{"max":{"x":250.090560913085938,"y":143.461563110351562},"min":{"x":-316.452239990234375,"y":-744.8775634765625}},"zoom":0.661909401416778564}}