{"nodes":{"node:11":{"location":{"x":122,"y":336}},"node:15":{"location":{"x":122,"y":400}},"node:19":{"location":{"x":122,"y":464}},"node:23":{"location":{"x":122,"y":528}},"node:27":{"location":{"x":-45,"y":160}},"node:31":{"location":{"x":122,"y":64}},"node:35":{"location":{"x":122,"y":128}},"node:39":{"location":{"x":122,"y":192}},"node:4":{"location":{"x":-262,"y":160}},"node:43":{"location":{"x":122,"y":256}},"node:47":{"location":{"x":-45,"y":-112}},"node:51":{"location":{"x":122,"y":-208}},"node:55":{"location":{"x":122,"y":-144}},"node:59":{"location":{"x":122,"y":-80}},"node:63":{"location":{"x":122,"y":-16}},"node:7":{"location":{"x":-61,"y":432}}},"selection":null,"view":{"scroll":{"x":-191.226455688476562,"y":-121.223213195800781},"visible_rect":{"max":{"x":384.7938232421875,"y":613.0999755859375},"min":{"x":-389.793792724609375,"y":-247.100006103515625}},"zoom":0.490583598613739014}}