{"nodes":{"node:11":{"location":{"x":122,"y":256}},"node:15":{"location":{"x":122,"y":320}},"node:19":{"location":{"x":122,"y":384}},"node:23":{"location":{"x":122,"y":448}},"node:27":{"location":{"x":-29,"y":128}},"node:31":{"location":{"x":122,"y":160}},"node:35":{"location":{"x":122,"y":80}},"node:39":{"location":{"x":-22,"y":-112}},"node:4":{"location":{"x":-214,"y":128}},"node:43":{"location":{"x":122,"y":-208}},"node:47":{"location":{"x":122,"y":-144}},"node:51":{"location":{"x":122,"y":-16}},"node:55":{"location":{"x":122,"y":-80}},"node:7":{"location":{"x":-29,"y":352}}},"selection":null,"view":{"scroll":{"x":-155.023971557617188,"y":-109.003425598144531},"visible_rect":{"max":{"x":252.11041259765625,"y":548.96905517578125},"min":{"x":-177.670074462890625,"y":-124.926788330078125}},"zoom":0.872538387775421143}}