{"nodes":{"node:11":{"location":{"x":58,"y":16}},"node:15":{"location":{"x":58,"y":80}},"node:19":{"location":{"x":58,"y":144}},"node:23":{"location":{"x":58,"y":208}},"node:27":{"location":{"x":-93,"y":-96}},"node:31":{"location":{"x":51,"y":-128}},"node:35":{"location":{"x":51,"y":-64}},"node:4":{"location":{"x":-237,"y":16}},"node:7":{"location":{"x":-86,"y":112}}},"selection":["node:11"],"view":{"scroll":{"x":-104.744453430175781,"y":-266.878021240234375},"visible_rect":{"max":{"x":388.618804931640625,"y":461.763641357421875},"min":{"x":-150.619338989257812,"y":-383.761749267578125}},"zoom":0.695425570011138916}}