{"nodes":{"node:11":{"location":{"x":163,"y":304}},"node:15":{"location":{"x":163,"y":368}},"node:19":{"location":{"x":163,"y":432}},"node:23":{"location":{"x":170,"y":496}},"node:27":{"location":{"x":-6,"y":160}},"node:31":{"location":{"x":163,"y":32}},"node:35":{"location":{"x":163,"y":96}},"node:39":{"location":{"x":163,"y":160}},"node:4":{"location":{"x":-189,"y":160}},"node:43":{"location":{"x":163,"y":224}},"node:47":{"location":{"x":3,"y":-160}},"node:51":{"location":{"x":163,"y":-256}},"node:55":{"location":{"x":163,"y":-192}},"node:59":{"location":{"x":163,"y":-128}},"node:63":{"location":{"x":163,"y":-64}},"node:7":{"location":{"x":-6,"y":336}}},"selection":["node:27"],"view":{"scroll":{"x":-249.867233276367188,"y":-130.894577026367188},"visible_rect":{"max":{"x":598.49383544921875,"y":621.9005126953125},"min":{"x":-488.493988037109375,"y":-255.900787353515625}},"zoom":0.511505305767059326}}