{"nodes":{"node:11":{"location":{"x":42,"y":112}},"node:15":{"location":{"x":42,"y":176}},"node:19":{"location":{"x":42,"y":240}},"node:23":{"location":{"x":42,"y":304}},"node:27":{"location":{"x":-102,"y":0}},"node:31":{"location":{"x":42,"y":-32}},"node:35":{"location":{"x":42,"y":32}},"node:4":{"location":{"x":-326,"y":80}},"node:7":{"location":{"x":-109,"y":208}}},"selection":["node:11"],"view":{"scroll":{"x":-84.055999755859375,"y":-72.1413421630859375},"visible_rect":{"max":{"x":287.72021484375,"y":340.13665771484375},"min":{"x":-81.7202224731445312,"y":-70.13665771484375}},"zoom":1.02858257293701172}}