{"nodes":{"node:11":{"location":{"x":0,"y":0}},"node:15":{"location":{"x":0,"y":0}},"node:19":{"location":{"x":0,"y":0}},"node:23":{"location":{"x":0,"y":0}},"node:27":{"location":{"x":0,"y":0}},"node:31":{"location":{"x":0,"y":0}},"node:35":{"location":{"x":0,"y":0}},"node:4":{"location":{"x":0,"y":0}},"node:7":{"location":{"x":0,"y":0}}},"selection":["node:11"],"view":{"scroll":{"x":16.9144687652587891,"y":-132.983062744140625},"visible_rect":{"max":{"x":117.01348876953125,"y":85.2044525146484375},"min":{"x":4.98651790618896484,"y":-39.2044486999511719}},"zoom":3.39204025268554688}}