{"nodes":{"node:11":{"location":{"x":0,"y":0}},"node:15":{"location":{"x":0,"y":0}},"node:19":{"location":{"x":0,"y":0}},"node:23":{"location":{"x":0,"y":0}},"node:27":{"location":{"x":0,"y":0}},"node:31":{"location":{"x":0,"y":0}},"node:35":{"location":{"x":0,"y":0}},"node:4":{"location":{"x":0,"y":0}},"node:7":{"location":{"x":0,"y":0}}},"selection":["node:35"],"view":{"scroll":{"x":42.3599205017089844,"y":-123.388893127441406},"visible_rect":{"max":{"x":110.8795166015625,"y":78.39251708984375},"min":{"x":11.1204862594604492,"y":-32.39251708984375}},"zoom":3.80917882919311523}}