{"nodes":{"node:11":{"location":{"x":19,"y":176}},"node:15":{"location":{"x":19,"y":240}},"node:19":{"location":{"x":19,"y":304}},"node:23":{"location":{"x":19,"y":368}},"node:27":{"location":{"x":-134,"y":0}},"node:31":{"location":{"x":35,"y":80}},"node:35":{"location":{"x":42,"y":-96}},"node:4":{"location":{"x":-310,"y":0}},"node:7":{"location":{"x":-125,"y":272}}},"selection":null,"view":{"scroll":{"x":-188.812896728515625,"y":-126.239273071289062},"visible_rect":{"max":{"x":240.098876953125,"y":595.466796875},"min":{"x":-243.4849853515625,"y":-162.792739868164062}},"zoom":0.775460124015808105}}