{"nodes":{"node:11":{"location":{"x":106,"y":-96}},"node:15":{"location":{"x":106,"y":-32}},"node:19":{"location":{"x":106,"y":32}},"node:23":{"location":{"x":106,"y":96}},"node:4":{"location":{"x":-278,"y":0}},"node:7":{"location":{"x":-109,"y":0}}},"selection":null,"view":{"scroll":{"x":-210.39739990234375,"y":-196.719100952148438},"visible_rect":{"max":{"x":319.915618896484375,"y":424.939697265625},"min":{"x":-396.865447998046875,"y":-371.064544677734375}},"zoom":0.530147910118103027}}